original_smiles,cc50_uM,canonical_smiles,inchikey,Label,split
CN1CCC(Cc2cccc(CNC3(c4ccc(F)cc4O)CCCC3)c2)CC1,30.0,CN1CCC(Cc2cccc(CNC3(c4ccc(F)cc4O)CCCC3)c2)CC1,JSYRBALJOIKCND-UHFFFAOYSA-N,0,train
COc1cccc(Nc2[nH]nc3c2Cc2cc(OC)c(OC)cc2-3)c1,0.011,COc1cccc(Nc2[nH]nc3c2Cc2cc(OC)c(OC)cc2-3)c1,UTQJHQHYLXMCNU-UHFFFAOYSA-N,1,train
CCOP(=O)(OCC)C(NC(=O)C(C)Oc1ccc2c(c1O)C(=O)c1ccccc1C2=O)c1ccc(OC)cc1,50.0,CCOP(=O)(OCC)C(NC(=O)C(C)Oc1ccc2c(c1O)C(=O)c1ccccc1C2=O)c1ccc(OC)cc1,WDYIUGPZBKYXEJ-UHFFFAOYSA-N,0,train
CC1(C)SCCN(S(=O)(=O)c2ccc(Oc3ccncc3)cc2)[C@H]1C(=O)NO,500.0,CC1(C)SCCN(S(=O)(=O)c2ccc(Oc3ccncc3)cc2)[C@H]1C(=O)NO,YKPYIPVDTNNYCN-INIZCTEOSA-N,0,train
CN(C)[C@H]1C[C@@]23CC[C@@]4(O2)C(=CC[C@]2(C)[C@@H](c5ccc6ccncc6c5)CC[C@H]24)C=C3[C@@H](O)[C@@H]1O,0.0018,CN(C)[C@H]1C[C@@]23CC[C@@]4(O2)C(=CC[C@]2(C)[C@@H](c5ccc6ccncc6c5)CC[C@H]24)C=C3[C@@H](O)[C@@H]1O,KSGZCKSNTAJOJS-DZBMUNJRSA-N,1,train
Cc1ccc2cc(/C=C/C(=O)c3ccsc3)c(Cl)nc2c1,0.10694,Cc1ccc2cc(/C=C/C(=O)c3ccsc3)c(Cl)nc2c1,ZDGJHNFTMQRPSK-SNAWJCMRSA-N,1,train
Cc1ccc(Sc2cccc3sc(C(N)=O)cc23)cc1,20.0,Cc1ccc(Sc2cccc3sc(C(N)=O)cc23)cc1,ZXSNJMQNZVKFAI-UHFFFAOYSA-N,0,train
O=C(c1ccc(NC2CCCCC2)c(NCc2ccccc2)c1)N1CCN(Cc2ccncc2)CC1,0.79,O=C(c1ccc(NC2CCCCC2)c(NCc2ccccc2)c1)N1CCN(Cc2ccncc2)CC1,NDSGWSWKHPODBP-UHFFFAOYSA-N,1,train
CC(C)c1ccc(Oc2cncc3sc(C(N)=O)cc23)cc1,34.0,CC(C)c1ccc(Oc2cncc3sc(C(N)=O)cc23)cc1,JLBMTUOIXPSEBV-UHFFFAOYSA-N,0,train
COc1ccc(C(N)=O)cc1/C=C/c1ccccc1F,2.0,COc1ccc(C(N)=O)cc1/C=C/c1ccccc1F,SZEOLLDDRFRONJ-VOTSOKGWSA-N,1,train
C[C@@H]1CC[C@H]2[C@@H](C)C(=O)N(Cc3cn(-c4ccccc4)nn3)[C@@H]3O[C@@]4(C)CC[C@@H]1[C@@]23OO4,250.0,C[C@@H]1CC[C@H]2[C@@H](C)C(=O)N(Cc3cn(-c4ccccc4)nn3)[C@@H]3O[C@@]4(C)CC[C@@H]1[C@@]23OO4,JYIDCAXCLBBRNI-QNTXSVLTSA-N,0,train
O=C(CCCCCCCNc1nn2c(=O)c3ccccc3nc2c2ccccc12)NO,1.68,O=C(CCCCCCCNc1nn2c(=O)c3ccccc3nc2c2ccccc12)NO,RVZPEXMXOYSXID-UHFFFAOYSA-N,1,train
C[C@H]1[C@@H]2CC[C@@H](C)[C@@H]3CC[C@]4(C)OO[C@@]23[C@H](O[C@@H]1S(=O)(=O)c1ccccc1)O4,1.74,C[C@H]1[C@@H]2CC[C@@H](C)[C@@H]3CC[C@]4(C)OO[C@@]23[C@H](O[C@@H]1S(=O)(=O)c1ccccc1)O4,RVHHVKGXJYWAFY-URBOQICFSA-N,1,train
Cc1cc(OCc2cccc(C#N)c2)ccc1Cl,11.0,Cc1cc(OCc2cccc(C#N)c2)ccc1Cl,XHPDLMPGCFXJND-UHFFFAOYSA-N,0,train
Cc1cc2c(cc(O)c1=O)[C@@]13CCCC(C)(C)[C@@H]1C[C@@H]2OC3,20.0,Cc1cc2c(cc(O)c1=O)[C@@]13CCCC(C)(C)[C@@H]1C[C@@H]2OC3,QCERTNNJMAPQRG-BXWFABGCSA-N,0,train
CN1CCN(Cc2cc(CNC3(c4ccccc4)CCCC3)ccc2O)CC1,100.0,CN1CCN(Cc2cc(CNC3(c4ccccc4)CCCC3)ccc2O)CC1,BFNPKJDXPRPTIL-UHFFFAOYSA-N,0,train
CN1c2ccc(F)cc2C(=O)N2CCc3c([nH]c4ccc(O)cc34)C21,0.26,CN1c2ccc(F)cc2C(=O)N2CCc3c([nH]c4ccc(O)cc34)C21,PLPWVVCBUWODOH-UHFFFAOYSA-N,1,train
Cc1cnc(C(=O)Nc2cccc(C(=O)c3ccc4c(/C=C/c5ccccc5)n[nH]c4c3)c2)s1,0.0068,Cc1cnc(C(=O)Nc2cccc(C(=O)c3ccc4c(/C=C/c5ccccc5)n[nH]c4c3)c2)s1,HKOHPHDULXEUEN-JLHYYAGUSA-N,1,train
Nc1ccccc1NC(=O)c1ccc(CN2Cc3ccccc3C2=O)cc1,37.0,Nc1ccccc1NC(=O)c1ccc(CN2Cc3ccccc3C2=O)cc1,KCSVRKRCTROBLM-UHFFFAOYSA-N,0,train
O=C(OCCCOC(=O)c1cc(O)c(O)c(O)c1)c1ccc(O)c(O)c1,84.0,O=C(OCCCOC(=O)c1cc(O)c(O)c(O)c1)c1ccc(O)c(O)c1,YOKONGUPKOBDKD-UHFFFAOYSA-N,0,train
COc1ccc2c(c1)C(OC(C)C)=C(C(N)=O)S2(=O)=O,4.0,COc1ccc2c(c1)C(OC(C)C)=C(C(N)=O)S2(=O)=O,LJSGDQNLEZXGJU-UHFFFAOYSA-N,1,train
Cn1ncc2c(Oc3ccc4c(c3)nc(Nc3ccc(Cl)c(C(F)(F)F)c3)n4C)ncnc21,13.47,Cn1ncc2c(Oc3ccc4c(c3)nc(Nc3ccc(Cl)c(C(F)(F)F)c3)n4C)ncnc21,OTKAXLUCBDOQOT-UHFFFAOYSA-N,0,train
O=C(CCCCCNCc1cc(Cl)c2cccnc2c1O)Nc1ccccc1,50.0,O=C(CCCCCNCc1cc(Cl)c2cccnc2c1O)Nc1ccccc1,ZBSNKMXWTMTTIP-UHFFFAOYSA-N,0,train
Cc1c(Cc2ccc(C(F)(F)F)cc2)c(=O)oc2cc(OCCOc3no[n+]([O-])c3S(=O)(=O)c3ccccc3)ccc12,3.9,Cc1c(Cc2ccc(C(F)(F)F)cc2)c(=O)oc2cc(OCCOc3no[n+]([O-])c3S(=O)(=O)c3ccccc3)ccc12,KSZUAGOFAGOBFJ-UHFFFAOYSA-N,1,train
O=C1Nc2cc(Cl)ccc2/C1=C(/Nc1ccc(CN2CCCCC2)cc1)c1ccccc1,0.049,O=C1Nc2cc(Cl)ccc2/C1=C(/Nc1ccc(CN2CCCCC2)cc1)c1ccccc1,VQUBRJKCPJZARY-QPLCGJKRSA-N,1,train
Cc1nc(C)c(C)nc1C,600.0,Cc1nc(C)c(C)nc1C,FINHMKGKINIASC-UHFFFAOYSA-N,0,train
CCC1=C[C@@H]2CN(C1)[C@H](C(=O)NC(C)(C)C)[C@H](C(=O)OC)Cc1c([nH]c3ccccc13)[C@@](C(=O)OC)(c1cc3c(cc1OC)N(C)[C@H]1[C@@](O)(C(=O)OC)[C@H](OC(C)=O)[C@]4(CC)C=CCN5CC[C@]31[C@@H]54)C2,0.07,CCC1=C[C@@H]2CN(C1)[C@H](C(=O)NC(C)(C)C)[C@H](C(=O)OC)Cc1c([nH]c3ccccc13)[C@@](C(=O)OC)(c1cc3c(cc1OC)N(C)[C@H]1[C@@](O)(C(=O)OC)[C@H](OC(C)=O)[C@]4(CC)C=CCN5CC[C@]31[C@@H]54)C2,NCXVCMMXIPFTAI-WUFFRZSXSA-N,1,train
O=C(CNC(=O)c1cccc(C(F)(F)F)c1)N[C@@H]1CCN(CCC2CCN(C(=O)c3ccccc3)CC2)C1,10.0,O=C(CNC(=O)c1cccc(C(F)(F)F)c1)N[C@@H]1CCN(CCC2CCN(C(=O)c3ccccc3)CC2)C1,MCEPAFGIBULHLP-XMMPIXPASA-N,1,train
N#CC1=C(N)Oc2c(c3nc4ccccc4nc3c3ccccc23)C12C(=O)N(Cc1cnnn1-c1ccc(Cl)c(Cl)c1)c1ccccc12,50.0,N#CC1=C(N)Oc2c(c3nc4ccccc4nc3c3ccccc23)C12C(=O)N(Cc1cnnn1-c1ccc(Cl)c(Cl)c1)c1ccccc12,OXFSHFNFURHZAM-UHFFFAOYSA-N,0,train
Nc1nccc(-c2cc3c(-c4ccnc(N)n4)c4c(O)ccnc4n3c(NCc3ccccc3)n2)n1,21.7,Nc1nccc(-c2cc3c(-c4ccnc(N)n4)c4c(O)ccnc4n3c(NCc3ccccc3)n2)n1,VQUMJSQFAPVOHN-UHFFFAOYSA-N,0,train
O=C(NCc1ccncc1)c1ccccc1Sc1ccc2c(/C=C/c3ccccn3)n[nH]c2c1,0.03,O=C(NCc1ccncc1)c1ccccc1Sc1ccc2c(/C=C/c3ccccn3)n[nH]c2c1,USTMZUHEBYBTEA-DHZHZOJOSA-N,1,train
O=C(NCc1cccc(F)c1)c1ccccc1Sc1ccc2c(/C=C/c3ccccn3)n[nH]c2c1,0.0058,O=C(NCc1cccc(F)c1)c1ccccc1Sc1ccc2c(/C=C/c3ccccn3)n[nH]c2c1,SZIKBPJKTWBVEC-SDNWHVSQSA-N,1,train
CNC(=O)c1sc2ccc(OC)cc2c1OC(C)C,1.4,CNC(=O)c1sc2ccc(OC)cc2c1OC(C)C,WYKYJHPEZJYREM-UHFFFAOYSA-N,1,train
COc1ccc(/C=C\c2cc(OC)c(OC)c(OC)c2)cc1NC(=O)Oc1c(C)cccc1C,0.38,COc1ccc(/C=C\c2cc(OC)c(OC)c(OC)c2)cc1NC(=O)Oc1c(C)cccc1C,FVDDJMNBAXRCMK-KHPPLWFESA-N,1,train
CCOP(=O)(OCC)[C@@H]1[C@@H](C(=O)c2ccccc2OC)[C@H](c2ccc(OC)cc2)ON1C,100.0,CCOP(=O)(OCC)[C@@H]1[C@@H](C(=O)c2ccccc2OC)[C@H](c2ccc(OC)cc2)ON1C,LGCXHMHGCXBNRI-ACIOBRDBSA-N,0,train
COc1ccccc1NC(C)=C1C(=O)CC(C)(C)CC1=O,76.0,COc1ccccc1NC(C)=C1C(=O)CC(C)(C)CC1=O,QKILDMRAKXDOQP-UHFFFAOYSA-N,0,train
COc1ccc(N(C)c2nc(C)nc3[nH]c(C)nc23)cc1,7.1,COc1ccc(N(C)c2nc(C)nc3[nH]c(C)nc23)cc1,SLVUAKFWXCXSAJ-UHFFFAOYSA-N,1,train
COc1ccc2c(c1)[C@]1(C[C@H]1c1ccc3c(/C=C/c4ccc([C@H](C)N5CCOCC5)cc4)n[nH]c3c1)C(=O)N2C,9.6,COc1ccc2c(c1)[C@]1(C[C@H]1c1ccc3c(/C=C/c4ccc([C@H](C)N5CCOCC5)cc4)n[nH]c3c1)C(=O)N2C,HQCQFKQGMPBYGP-HQXRPOMGSA-N,1,train
O=C(Nc1ccc(Cl)cc1)c1cccc2cc(Oc3ncnc4[nH]ccc34)ccc12,0.037,O=C(Nc1ccc(Cl)cc1)c1cccc2cc(Oc3ncnc4[nH]ccc34)ccc12,DKFRNJGEESDBNS-UHFFFAOYSA-N,1,train
CCN1CCN(c2ccc(C(c3ccccc3)C34CC5CC(CC(C5)C3)C4)cc2)CC1,3.56,CCN1CCN(c2ccc(C(c3ccccc3)C34CC5CC(CC(C5)C3)C4)cc2)CC1,YVRGGVNLKYVRQU-UHFFFAOYSA-N,1,train
NC(=O)C1(c2ccccc2CCc2nc(Nc3ccc(C4CCNCC4)nc3)ncc2C(F)(F)F)CC1,4.083,NC(=O)C1(c2ccccc2CCc2nc(Nc3ccc(C4CCNCC4)nc3)ncc2C(F)(F)F)CC1,RTGQEFNYCLEWPU-UHFFFAOYSA-N,1,train
CS(=O)(=O)c1ccc(-c2cnc3[nH]nc(-c4cc(F)cc(NC(=O)Nc5cncnc5)c4)c3c2)cc1,23.12,CS(=O)(=O)c1ccc(-c2cnc3[nH]nc(-c4cc(F)cc(NC(=O)Nc5cncnc5)c4)c3c2)cc1,PJQKELJOOVTUFZ-UHFFFAOYSA-N,0,train
Cn1ncc2c(Oc3ccc4c(c3)nc(Nc3cccc(Br)c3)n4C)ncnc21,74.24,Cn1ncc2c(Oc3ccc4c(c3)nc(Nc3cccc(Br)c3)n4C)ncnc21,ZSRCKKPVEIKYFU-UHFFFAOYSA-N,0,train
COC(=O)N(CCCCN(CCCNC(=O)OCCC[C@H]1O[C@@H]2O[C@@]3(C)CC[C@H]4[C@H](C)CC[C@@H]([C@H]1C)[C@@]24OO3)C(=O)OC)CCCNC(=O)OCCC[C@H]1O[C@@H]2O[C@@]3(C)CC[C@H]4[C@H](C)CC[C@@H]([C@H]1C)[C@@]24OO3,7.5,COC(=O)N(CCCCN(CCCNC(=O)OCCC[C@H]1O[C@@H]2O[C@@]3(C)CC[C@H]4[C@H](C)CC[C@@H]([C@H]1C)[C@@]24OO3)C(=O)OC)CCCNC(=O)OCCC[C@H]1O[C@@H]2O[C@@]3(C)CC[C@H]4[C@H](C)CC[C@@H]([C@H]1C)[C@@]24OO3,NSVHGJNXUONBAA-QHTSYNDNSA-N,1,train
Nc1ccn([C@@H]2O[C@H](COP(=O)(O)NC(=O)c3cccnc3)[C@@H](O)C2(F)F)c(=O)n1,50.0,Nc1ccn([C@@H]2O[C@H](COP(=O)(O)NC(=O)c3cccnc3)[C@@H](O)C2(F)F)c(=O)n1,HMGANRZFPGGOIB-IRUJWGPZSA-N,0,train
CC(C)CCC[C@@H](C)[C@H]1CC[C@H]2[C@@H]3CC[C@H]4C[C@@H](OCc5cn([C@@H]6O[C@H](COS(=O)(=O)[O-])[C@@H](O[C@H]7O[C@H](COS(=O)(=O)[O-])[C@@H](O[C@H]8O[C@H](COS(=O)(=O)[O-])[C@@H](O[C@H]9O[C@H](COS(=O)(=O)[O-])[C@@H](OS(=O)(=O)[O-])[C@H](OS(=O)(=O)[O-])[C@H]9OS(=O)(=O)[O-])[C@H](OS(=O)(=O)[O-])[C@H]8OS(=O)(=O)[O-])[C@H](OS(=O)(=O)[O-])[C@H]7OS(=O)(=O)[O-])[C@H](OS(=O)(=O)[O-])[C@H]6OS(=O)(=O)[O-])nn5)CC[C@]4(C)[C@H]3CC[C@]12C.[Na+].[Na+].[Na+].[Na+].[Na+].[Na+].[Na+].[Na+].[Na+].[Na+].[Na+].[Na+].[Na+],0.64,CC(C)CCC[C@@H](C)[C@H]1CC[C@H]2[C@@H]3CC[C@H]4C[C@@H](OCc5cn([C@@H]6O[C@H](COS(=O)(=O)O)[C@@H](O[C@H]7O[C@H](COS(=O)(=O)O)[C@@H](O[C@H]8O[C@H](COS(=O)(=O)O)[C@@H](O[C@H]9O[C@H](COS(=O)(=O)O)[C@@H](OS(=O)(=O)O)[C@H](OS(=O)(=O)O)[C@H]9OS(=O)(=O)O)[C@H](OS(=O)(=O)O)[C@H]8OS(=O)(=O)O)[C@H](OS(=O)(=O)O)[C@H]7OS(=O)(=O)O)[C@H](OS(=O)(=O)O)[C@H]6OS(=O)(=O)O)nn5)CC[C@]4(C)[C@H]3CC[C@]12C,ABJDIWGVGOYYNM-LAMJSWPNSA-N,1,train
COc1ccc(-c2snnc2-c2cc(OC)c(OC)c(OC)c2)cc1N,0.0025,COc1ccc(-c2snnc2-c2cc(OC)c(OC)c(OC)c2)cc1N,KICHJNCQKGOPKN-UHFFFAOYSA-N,1,train
COc1cc2c(cc1S)CC[C@@H]1[C@@H]2CC[C@]2(C)[C@@H](O)CC[C@@H]12,12.87,COc1cc2c(cc1S)CC[C@@H]1[C@@H]2CC[C@]2(C)[C@@H](O)CC[C@@H]12,FIONIJLFKNREOM-SSTWWWIQSA-N,0,train
Nc1n[nH]c(CCCO)c1-c1nc2ccccc2s1,25.0,Nc1n[nH]c(CCCO)c1-c1nc2ccccc2s1,XCQLBKAOOFELTK-UHFFFAOYSA-N,0,train
O=C(CCC(=O)OCCCCCCSc1ccc([N+](=O)[O-])c2nonc12)NCCN1CCCC1,6.07,O=C(CCC(=O)OCCCCCCSc1ccc([N+](=O)[O-])c2nonc12)NCCN1CCCC1,UFHFXVAGMNQCFF-UHFFFAOYSA-N,1,train
COc1ccc2c(c1O)C(=O)c1c3c(cc(O)c1C2=O)[C@@]12O[C@@]1([C@@H](C)O)[C@H](C#C/C=C\C#C[C@H]2O)N3,0.0002,COc1ccc2c(c1O)C(=O)c1c3c(cc(O)c1C2=O)[C@@]12O[C@@]1([C@@H](C)O)[C@H](C#C/C=C\C#C[C@H]2O)N3,DJOMZYYFFHCVSQ-UBZKRVARSA-N,1,train
COc1c(O)cc2c(c1OC)CC(Cc1ccc(O)cc1)CO2,100.0,COc1c(O)cc2c(c1OC)CC(Cc1ccc(O)cc1)CO2,GJQQGEIHLXMYIR-UHFFFAOYSA-N,0,train
C[C@H]1[C@H](C)CC[C@]2(C)CC[C@]3(C)C(=CC(=O)[C@@H]4[C@@]5(C)Cc6cn[nH]c6[C@](C)(C(=O)O)[C@@H]5CC[C@]43C)[C@H]12,2.13,C[C@H]1[C@H](C)CC[C@]2(C)CC[C@]3(C)C(=CC(=O)[C@@H]4[C@@]5(C)Cc6cn[nH]c6[C@](C)(C(=O)O)[C@@H]5CC[C@]43C)[C@H]12,NLUJQDKKXIFDMY-XWNJIUHMSA-N,1,train
Cn1ncc2c(Oc3ccc4[nH]c(Nc5cccc(Cl)c5)nc4c3)ncnc21,100.0,Cn1ncc2c(Oc3ccc4[nH]c(Nc5cccc(Cl)c5)nc4c3)ncnc21,MFHBMBMCYIOLPT-UHFFFAOYSA-N,0,train
COc1ccc2c(c1)C(=O)c1c-2n(-c2ccc(OCCN3CCN(C)CC3)cc2)c(=O)c2cc(OC)ccc12,12.0,COc1ccc2c(c1)C(=O)c1c-2n(-c2ccc(OCCN3CCN(C)CC3)cc2)c(=O)c2cc(OC)ccc12,DBUCYFUNXULHIC-UHFFFAOYSA-N,0,train
Cc1c(C(=O)Nc2ccc(Oc3ccnc(-c4nncn4CCCN4CCN(C)CC4)c3)c(F)c2)c(=O)n(-c2ccccc2)n1C,0.3,Cc1c(C(=O)Nc2ccc(Oc3ccnc(-c4nncn4CCCN4CCN(C)CC4)c3)c(F)c2)c(=O)n(-c2ccccc2)n1C,RPQMDMNGSVDNRE-UHFFFAOYSA-N,1,train
CCCn1c2ccc(/C(C)=N/OC)cc2c2c3c(c4c(c21)CCc1nn(C)cc1-4)C(=O)NC3,0.001,CCCn1c2ccc(/C(C)=N/OC)cc2c2c3c(c4c(c21)CCc1nn(C)cc1-4)C(=O)NC3,WUAFHKQNKVWJFU-IPPBACCNSA-N,1,train
CCCCCC(=O)Nc1nc2c(s1)CCc1cc(OC)ccc1-2,3.7,CCCCCC(=O)Nc1nc2c(s1)CCc1cc(OC)ccc1-2,WUIQZACHAGLCKW-UHFFFAOYSA-N,1,train
CCOP(=O)(CCn1cc(CN2C(=O)c3cccc4cc([N+](=O)[O-])cc(c34)C2=O)nn1)OCC,250.0,CCOP(=O)(CCn1cc(CN2C(=O)c3cccc4cc([N+](=O)[O-])cc(c34)C2=O)nn1)OCC,PRHAVTLBKMUXJG-UHFFFAOYSA-N,0,train
C=CCOc1cc(/C=C2\COc3cc(OC)c(OC)c(OC)c3C2=O)ccc1OC,12.0,C=CCOc1cc(/C=C2\COc3cc(OC)c(OC)c(OC)c3C2=O)ccc1OC,SUDZDMNVFDLGGX-XNTDXEJSSA-N,0,train
CNC(=O)c1cc(Oc2ccc3oc(Nc4ccc(Cl)cc4)nc3c2)ccn1,0.766,CNC(=O)c1cc(Oc2ccc3oc(Nc4ccc(Cl)cc4)nc3c2)ccn1,MSLRCTIJTGCYGK-UHFFFAOYSA-N,1,train
Cc1ccc(NC(=O)Cn2cc(-c3ccc4c(NC(=O)C5CCN(C)CC5)n[nH]c4c3)cn2)cc1C(F)(F)F,53.88,Cc1ccc(NC(=O)Cn2cc(-c3ccc4c(NC(=O)C5CCN(C)CC5)n[nH]c4c3)cn2)cc1C(F)(F)F,VEINIBDTXYEGCY-UHFFFAOYSA-N,0,train
O=C(CCCCCOc1no[n+]([O-])c1S(=O)(=O)c1ccccc1)NO,27.1,O=C(CCCCCOc1no[n+]([O-])c1S(=O)(=O)c1ccccc1)NO,AGDGTFUFKSHWRN-UHFFFAOYSA-N,0,train
COCCNC(=O)c1sc2ncnc(Oc3ccc(NC(=O)C4(C(=O)Nc5ccc(F)cc5)CC4)cc3F)c2c1C,0.139,COCCNC(=O)c1sc2ncnc(Oc3ccc(NC(=O)C4(C(=O)Nc5ccc(F)cc5)CC4)cc3F)c2c1C,FHQSWODBXWTROI-UHFFFAOYSA-N,1,train
CN(C)[C@@H]1CC=C2C=C3CC[C@]4(C)[C@@H](c5ccc6ccncc6c5)CC[C@H]4[C@@]34CC[C@]2(C1)O4,0.04,CN(C)[C@@H]1CC=C2C=C3CC[C@]4(C)[C@@H](c5ccc6ccncc6c5)CC[C@H]4[C@@]34CC[C@]2(C1)O4,BGHODGXGMJFOQR-VHNXJUCRSA-N,1,train
CN(C)CCN1C(=O)CCC(N2C(=O)c3cc4ccccc4cc3C2=O)C1=O,50.0,CN(C)CCN1C(=O)CCC(N2C(=O)c3cc4ccccc4cc3C2=O)C1=O,NKPRHKSSQVRFDX-UHFFFAOYSA-N,0,train
CC1=C(SCCC(=O)OC(CC[Se]c2ccccc2)C(=O)NC(C)(C)C)C(=O)c2ccccc2C1=O,13.0,CC1=C(SCCC(=O)OC(CC[Se]c2ccccc2)C(=O)NC(C)(C)C)C(=O)c2ccccc2C1=O,IRSBZUBAEDPQRP-UHFFFAOYSA-N,0,train
Cc1ncsc1-c1ccc([C@H](C)NC(=O)[C@@H]2C[C@@H](O)CN2C(=O)[C@@H](NC(=O)CCCNC(=O)c2ccc(C(=O)N3CCC(CCCCNC(=O)/C=C/c4cccnc4)CC3)cc2)C(C)(C)C)cc1,0.00105,Cc1ncsc1-c1ccc([C@H](C)NC(=O)[C@@H]2C[C@@H](O)CN2C(=O)[C@@H](NC(=O)CCCNC(=O)c2ccc(C(=O)N3CCC(CCCCNC(=O)/C=C/c4cccnc4)CC3)cc2)C(C)(C)C)cc1,FLZLBIJRCAAIIQ-MUTBYWARSA-N,1,train
O=C(Nc1ccc(Nc2ccc([N+](=O)[O-])c3ncnc(O)c23)cc1)c1ccc(F)cc1,0.5,O=C(Nc1ccc(Nc2ccc([N+](=O)[O-])c3ncnc(O)c23)cc1)c1ccc(F)cc1,BSUNNNIRVBGNHF-UHFFFAOYSA-N,1,train
CCCCNc1nn(C)c2cc(Oc3ccnc4cc(OC)c(OC)cc34)ccc12,1.0,CCCCNc1nn(C)c2cc(Oc3ccnc4cc(OC)c(OC)cc34)ccc12,OCOSYFAWILUPTE-UHFFFAOYSA-N,1,train
CCOP(=O)(OCC)C(NC(=O)C(C)Oc1ccc2c(c1O)C(=O)c1ccccc1C2=O)c1ccccc1F,20.99,CCOP(=O)(OCC)C(NC(=O)C(C)Oc1ccc2c(c1O)C(=O)c1ccccc1C2=O)c1ccccc1F,SSNINDYYVBJJML-UHFFFAOYSA-N,0,train
CC(C)C[C@H](NC(=O)[C@H](CC(C)C)NC(=O)[C@H](CCCNC(=N)N)NC(=O)[C@H](CC(C)C)NC(=O)[C@H](CC(C)C)NC(=O)[C@H](CCCNC(=N)N)NC(=O)[C@H](CCCNC(=N)N)NC(=O)[C@H](CC(C)C)NC(=O)[C@H](CC(C)C)NC(=O)[C@H](CCCNC(=N)N)NC(=O)[C@H](CC(C)C)NC(=O)[C@H](CC(C)C)NC(=O)[C@H](CCCNC(=N)N)NC(=O)CNC(=O)CNC(=O)[C@@H](N)Cc1cnc[nH]1)C(=O)N[C@@H](CCCNC(=N)N)C(N)=O,8.4,CC(C)C[C@H](NC(=O)[C@H](CC(C)C)NC(=O)[C@H](CCCNC(=N)N)NC(=O)[C@H](CC(C)C)NC(=O)[C@H](CC(C)C)NC(=O)[C@H](CCCNC(=N)N)NC(=O)[C@H](CCCNC(=N)N)NC(=O)[C@H](CC(C)C)NC(=O)[C@H](CC(C)C)NC(=O)[C@H](CCCNC(=N)N)NC(=O)[C@H](CC(C)C)NC(=O)[C@H](CC(C)C)NC(=O)[C@H](CCCNC(=N)N)NC(=O)CNC(=O)CNC(=O)[C@@H](N)Cc1cnc[nH]1)C(=O)N[C@@H](CCCNC(=N)N)C(N)=O,RJULZYVLTCHFPB-RXGRUPDLSA-N,1,train
COC1=C(Cc2ccc(OC(F)(F)F)cc2)C(=O)C2=C(NCCS2(=O)=O)C1=O,3.59,COC1=C(Cc2ccc(OC(F)(F)F)cc2)C(=O)C2=C(NCCS2(=O)=O)C1=O,PPQJISXNXVPJBM-UHFFFAOYSA-N,1,train
CCc1cc2c(SCc3ccccc3)ncnc2s1,100.0,CCc1cc2c(SCc3ccccc3)ncnc2s1,LOBIIJMFTNGTJQ-UHFFFAOYSA-N,0,train
COc1cc2c(c(OC)c1OC)C(=O)/C(=C/c1ccc(OCc3ccccc3)c(OCc3ccccc3)c1)CO2,43.0,COc1cc2c(c(OC)c1OC)C(=O)/C(=C/c1ccc(OCc3ccccc3)c(OCc3ccccc3)c1)CO2,SAXKQUKOXHJDJB-PCLIKHOPSA-N,0,train
C=CCc1ccc(O)c(-c2ccc(OCCC)c(CC=C)c2)c1,89.3,C=CCc1ccc(O)c(-c2ccc(OCCC)c(CC=C)c2)c1,IBRWNXHLIWERAS-UHFFFAOYSA-N,0,train
CS(=O)(=O)CCN(Cc1ccc(-c2ccc3ncnc(Nc4ccc(OCc5cccc(F)c5)c(Cl)c4)c3c2)o1)C(=O)CCC(=O)OCCN1CCN(CCCN2c3ccccc3Sc3ccc(Cl)cc32)CC1,89.23,CS(=O)(=O)CCN(Cc1ccc(-c2ccc3ncnc(Nc4ccc(OCc5cccc(F)c5)c(Cl)c4)c3c2)o1)C(=O)CCC(=O)OCCN1CCN(CCCN2c3ccccc3Sc3ccc(Cl)cc32)CC1,OVNXJZUYPUTQOA-UHFFFAOYSA-N,0,train
Oc1ccc(Cc2ccc(Cl)cc2)cc1O,8.8,Oc1ccc(Cc2ccc(Cl)cc2)cc1O,JDGXNKFFINMTRG-UHFFFAOYSA-N,1,train
Cc1cc(O)c(O)cc1C1C=CCCC1,4.7,Cc1cc(O)c(O)cc1C1C=CCCC1,YFYPRRCWURVSRL-UHFFFAOYSA-N,1,train
CCOP(=O)(OCC)C1CC(Cn2c(=O)n(Cc3cccc(F)c3)c(=O)c3ccccc32)ON1Cc1ccccc1,28.0,CCOP(=O)(OCC)C1CC(Cn2c(=O)n(Cc3cccc(F)c3)c(=O)c3ccccc32)ON1Cc1ccccc1,IKLOZXUCJRMHKN-UHFFFAOYSA-N,0,train
COc1ccc(/C=C\c2cc(Br)c(OC)c(Br)c2)cc1O,0.0002,COc1ccc(/C=C\c2cc(Br)c(OC)c(Br)c2)cc1O,ZXPZRBWFXRAJAQ-ARJAWSKDSA-N,1,train
COc1ccc(-c2nnnn2-c2cc(OC)c(OC)c(OC)c2)cc1O,0.0136,COc1ccc(-c2nnnn2-c2cc(OC)c(OC)c(OC)c2)cc1O,UPDFSBOXUUODBW-UHFFFAOYSA-N,1,train
COc1ccc2c(/C=C(\C)C(=O)c3cc(OC)c(OC)c([Se]C)c3)c[nH]c2c1,0.056,COc1ccc2c(/C=C(\C)C(=O)c3cc(OC)c(OC)c([Se]C)c3)c[nH]c2c1,BDJOKZTWBXWRIA-MDWZMJQESA-N,1,train
Cc1nc2cc(N(C)c3ccnc(Nc4cccc(S(N)(=O)=O)c4)n3)ccc2n1C,1.4,Cc1nc2cc(N(C)c3ccnc(Nc4cccc(S(N)(=O)=O)c4)n3)ccc2n1C,FUUMHDABRAONFV-UHFFFAOYSA-N,1,train
Fc1ccc(-c2c[nH]c(CNc3ccnc4cc(Cl)ccc34)n2)cc1,9.921,Fc1ccc(-c2c[nH]c(CNc3ccnc4cc(Cl)ccc34)n2)cc1,GRZVMCZGQOKYQE-UHFFFAOYSA-N,1,train
Cc1ccc2ccc3c(c2n1)OC(N)=C(C#N)C3c1ccc(Cl)cc1,10.0,Cc1ccc2ccc3c(c2n1)OC(N)=C(C#N)C3c1ccc(Cl)cc1,VTGDHSHQGSHPOQ-UHFFFAOYSA-N,1,train
CCC(=O)Nc1nc2c(s1)CCc1cc(OC)c(OC)cc1-2,10.0,CCC(=O)Nc1nc2c(s1)CCc1cc(OC)c(OC)cc1-2,QWLRKCUQRZJOCI-UHFFFAOYSA-N,1,train
Cc1ccc(S(=O)(=O)N[C@@H](CNC(=O)c2cc3n(n2)CCCN(CCC2CCNCC2)C3=O)C(=O)O)cc1,0.003,Cc1ccc(S(=O)(=O)N[C@@H](CNC(=O)c2cc3n(n2)CCCN(CCC2CCNCC2)C3=O)C(=O)O)cc1,YLFFZEQHDMFOEC-NRFANRHFSA-N,1,train
CN1C(=O)N(c2cc(Cl)cc(Cl)c2)C(=O)[C@]12CN(c1nc3ccc(C(=O)O)cc3s1)C[C@H]2c1ccc(C#N)cc1,0.0044,CN1C(=O)N(c2cc(Cl)cc(Cl)c2)C(=O)[C@]12CN(c1nc3ccc(C(=O)O)cc3s1)C[C@H]2c1ccc(C#N)cc1,XEAGJVYARBZHQL-RBTNQOKQSA-N,1,train
COc1ccc2c(c1)[C@H]1CC[C@]3(C)[C@@H](O)CC[C@H]3[C@@H]1CC2,22.1,COc1ccc2c(c1)[C@H]1CC[C@]3(C)[C@@H](O)CC[C@H]3[C@@H]1CC2,DGKLOROFMNQGQX-PTIUUAQKSA-N,0,train
Cc1ccc(-n2nncc2CN2C(=O)C3(C(C#N)=C(N)Oc4c3c3nc5ccccc5nc3c3ccccc43)c3ccccc32)c(C)c1,50.0,Cc1ccc(-n2nncc2CN2C(=O)C3(C(C#N)=C(N)Oc4c3c3nc5ccccc5nc3c3ccccc43)c3ccccc32)c(C)c1,ZBUSPEBPCSNXIR-UHFFFAOYSA-N,0,train
COc1cc([C@H](CC=C(C)C)OC(=O)C=C(C)C)c(OC)c2c1/C(=N/O)C=C/C2=N\O,61.9,COc1cc([C@H](CC=C(C)C)OC(=O)C=C(C)C)c(OC)c2c1/C(=N/O)C=C/C2=N\O,RMKGHYFVGRQVJY-IMSPSDRLSA-N,0,train
Cc1cc(Cl)cc(C(=O)Nc2cnc3ccccc3c2)c1,0.0762999999999999,Cc1cc(Cl)cc(C(=O)Nc2cnc3ccccc3c2)c1,UNKPPGWROXXABP-UHFFFAOYSA-N,1,train
O=C(Nc1cccc(CNc2ncnc3c2cnn3CCc2ccccc2)c1)c1ccc([N+](=O)[O-])cc1,16.64,O=C(Nc1cccc(CNc2ncnc3c2cnn3CCc2ccccc2)c1)c1ccc([N+](=O)[O-])cc1,QIYVDDZNLYEBCU-UHFFFAOYSA-N,0,train
CC(C)C[C@@H]1NC(=O)CNC(=O)[C@H](CC(N)=O)NC(=O)[C@H](CCCNC(=N)N)NC(=O)[C@H]([C@@H](C)O)NC(=O)[C@@H]2CSSC[C@@H]3NC(=O)[C@H]([C@@H](C)O)NC(=O)CNC(=O)CNC(=O)[C@H](C(C)C)NC(=O)[C@@H]4CSSC[C@H](NC(=O)[C@H](C(C)C)NC(=O)[C@H](CSSC[C@@H](NC(=O)[C@H](C(C)C)NC(=O)[C@@H]5CCCN5C1=O)C(=O)NCC(=O)N[C@@H](CCC(=O)O)C(=O)N[C@@H]([C@@H](C)O)C(=O)N4)NC(=O)CNC(=O)[C@@H]1CCCN1C(=O)[C@H]([C@@H](C)O)NC(=O)[C@H](CC(N)=O)NC3=O)C(=O)N[C@@H](CO)C(=O)N[C@@H](Cc1c[nH]c3ccccc13)C(=O)N1CCC[C@H]1C(=O)N[C@@H](C(C)C)C(=O)N2,5.2,CC(C)C[C@@H]1NC(=O)CNC(=O)[C@H](CC(N)=O)NC(=O)[C@H](CCCNC(=N)N)NC(=O)[C@H]([C@@H](C)O)NC(=O)[C@@H]2CSSC[C@@H]3NC(=O)[C@H]([C@@H](C)O)NC(=O)CNC(=O)CNC(=O)[C@H](C(C)C)NC(=O)[C@@H]4CSSC[C@H](NC(=O)[C@H](C(C)C)NC(=O)[C@H](CSSC[C@@H](NC(=O)[C@H](C(C)C)NC(=O)[C@@H]5CCCN5C1=O)C(=O)NCC(=O)N[C@@H](CCC(=O)O)C(=O)N[C@@H]([C@@H](C)O)C(=O)N4)NC(=O)CNC(=O)[C@@H]1CCCN1C(=O)[C@H]([C@@H](C)O)NC(=O)[C@H](CC(N)=O)NC3=O)C(=O)N[C@@H](CO)C(=O)N[C@@H](Cc1c[nH]c3ccccc13)C(=O)N1CCC[C@H]1C(=O)N[C@@H](C(C)C)C(=O)N2,KKQPBBDFBLGUNM-BPHGPGNWSA-N,1,train
COc1cc(C(=O)c2c(-c3cnn(C)c3)oc3c(OC(C)C)c(OC)ccc23)cc(OC)c1OC,0.419,COc1cc(C(=O)c2c(-c3cnn(C)c3)oc3c(OC(C)C)c(OC)ccc23)cc(OC)c1OC,WDBAWQQAXNCWMA-UHFFFAOYSA-N,1,train
COc1cc(-c2ccc(CO)cc2)nc2ccccc12,100.0,COc1cc(-c2ccc(CO)cc2)nc2ccccc12,JOCMECTVRDXWIY-UHFFFAOYSA-N,0,train
O=C(N[C@H]1C[C@@H](C(=O)NO)N(S(=O)(=O)c2ccc(Oc3ccccc3)cc2)C1)c1ccc2no[n+]([O-])c2c1,32.53,O=C(N[C@H]1C[C@@H](C(=O)NO)N(S(=O)(=O)c2ccc(Oc3ccccc3)cc2)C1)c1ccc2no[n+]([O-])c2c1,BEESELNNLKKWAG-AOMKIAJQSA-N,0,train
Cc1ccc(Sc2cncc3sc(/C=N/O)cc23)cc1,63.0,Cc1ccc(Sc2cncc3sc(/C=N/O)cc23)cc1,IKLIWVJJRPHCBK-REZTVBANSA-N,0,train
CC(C)(C)c1cc(O)c(C2C=CCCC2)cc1O,1.4,CC(C)(C)c1cc(O)c(C2C=CCCC2)cc1O,OWKPYDDWYTVLCQ-UHFFFAOYSA-N,1,train
CCOP(=O)(CCCn1cc(CN2C(=O)c3cccc4cccc(c34)C2=O)nn1)OCC,250.0,CCOP(=O)(CCCn1cc(CN2C(=O)c3cccc4cccc(c34)C2=O)nn1)OCC,OABXKZGSWUWIAF-UHFFFAOYSA-N,0,train
COc1cc2c(Nc3ccc(C)cc3F)ncnc2cc1OCC1CCNCC1,5.0,COc1cc2c(Nc3ccc(C)cc3F)ncnc2cc1OCC1CCNCC1,QAWSAMDJZZDGDW-UHFFFAOYSA-N,1,train
CCCCCCC1CC(CC(=O)C(C)(C)C)OO1,6.09,CCCCCCC1CC(CC(=O)C(C)(C)C)OO1,KGOCWURYLWTWRQ-UHFFFAOYSA-N,1,train
CO[C@@H]1O[C@H](CO)[C@@H](O)[C@H](O)[C@H]1OCCCC(=O)O[C@@H](C(=O)O[C@H]1C[C@@]2(O)[C@@H](OC(=O)c3ccccc3)[C@@H]3[C@]4(OC(C)=O)CO[C@@H]4C[C@H](O)[C@@]3(C)C(=O)[C@H](OC(C)=O)C(=C1C)C2(C)C)[C@@H](NC(=O)c1ccccc1)c1ccccc1,100.0,CO[C@@H]1O[C@H](CO)[C@@H](O)[C@H](O)[C@H]1OCCCC(=O)O[C@@H](C(=O)O[C@H]1C[C@@]2(O)[C@@H](OC(=O)c3ccccc3)[C@@H]3[C@]4(OC(C)=O)CO[C@@H]4C[C@H](O)[C@@]3(C)C(=O)[C@H](OC(C)=O)C(=C1C)C2(C)C)[C@@H](NC(=O)c1ccccc1)c1ccccc1,SZANBNOYSPAYRD-MLZKNPNDSA-N,0,train
CC(NCCCNc1ccnc2cc(Cl)ccc12)c1ccc(-c2csc3ccc(F)cc23)cc1,1.69,CC(NCCCNc1ccnc2cc(Cl)ccc12)c1ccc(-c2csc3ccc(F)cc23)cc1,GQEXVCVGAOTIEA-UHFFFAOYSA-N,1,train
COc1ccc(Nc2cc3nc4ccccc4n(-c4ccccc4)c-3c/c2=N/CCCCC23CCCCN2CCCC3)cn1.Cl,6.32,COc1ccc(Nc2cc3nc4ccccc4n(-c4ccccc4)c-3c/c2=N/CCCCC23CCCCN2CCCC3)cn1,LUMRSOLRPSAZEE-NXKIGICWSA-N,1,train
CCOP(=O)(CC(=O)NCn1cc(CN2C(=O)c3cccc4cc([N+](=O)[O-])cc(c34)C2=O)nn1)OCC,250.0,CCOP(=O)(CC(=O)NCn1cc(CN2C(=O)c3cccc4cc([N+](=O)[O-])cc(c34)C2=O)nn1)OCC,HDOOGAHDRDXJDY-UHFFFAOYSA-N,0,train
Cc1ccc(C#Cc2c(C(N)=O)nnn2[C@@H]2O[C@H](CO)[C@@H](O)[C@H]2O)cc1,1000.0,Cc1ccc(C#Cc2c(C(N)=O)nnn2[C@@H]2O[C@H](CO)[C@@H](O)[C@H]2O)cc1,MZHPKPQLHZLQFY-DNNBLBMLSA-N,0,train
CCCCCCC1CC(CC(=O)c2ccccc2)OO1,9.02,CCCCCCC1CC(CC(=O)c2ccccc2)OO1,XXIWICKQOSBREL-UHFFFAOYSA-N,1,train
CCOP(=O)(OCC)c1c(-c2ccc(OC)cc2)oc2c1C(=O)c1cccnc1C2=O,1.05,CCOP(=O)(OCC)c1c(-c2ccc(OC)cc2)oc2c1C(=O)c1cccnc1C2=O,FSOZULIDLCMSHV-UHFFFAOYSA-N,1,train
Cc1ncsc1-c1ccc([C@H](C)NC(=O)[C@@H]2C[C@@H](O)CN2C(=O)[C@@H](NC(=O)CCCCNC(=O)c2ccc(C(=O)N3CCC(CCCCNC(=O)/C=C/c4cccnc4)CC3)cc2)C(C)(C)C)cc1,0.0002099999999999,Cc1ncsc1-c1ccc([C@H](C)NC(=O)[C@@H]2C[C@@H](O)CN2C(=O)[C@@H](NC(=O)CCCCNC(=O)c2ccc(C(=O)N3CCC(CCCCNC(=O)/C=C/c4cccnc4)CC3)cc2)C(C)(C)C)cc1,UYNXDFCNCZJSMH-ARKLOZAXSA-N,1,train
COCOc1cc(/C=C/C(=O)/C=C/c2cc(OCOC)cc(OCOC)c2)cc(OCOC)c1,0.4,COCOc1cc(/C=C/C(=O)/C=C/c2cc(OCOC)cc(OCOC)c2)cc(OCOC)c1,WZNSZBNRYKYIQK-KQQUZDAGSA-N,1,train
CN(C)CCN1C(=O)CCC(N2C(=O)c3ccccc3C2=O)C1=O,50.0,CN(C)CCN1C(=O)CCC(N2C(=O)c3ccccc3C2=O)C1=O,YFEBSLWZVOUEBO-UHFFFAOYSA-N,0,train
N[C@@H]1Cc2cc(Br)c(c(Br)c2)Oc2cc(ccc2O)C[C@H](N)C(=O)NCCc2cc(Br)c(c(Br)c2)Oc2cc(cc(Br)c2O)CCNC1=O,0.61,N[C@@H]1Cc2cc(Br)c(c(Br)c2)Oc2cc(ccc2O)C[C@H](N)C(=O)NCCc2cc(Br)c(c(Br)c2)Oc2cc(cc(Br)c2O)CCNC1=O,SYPOKFWXIHNJNU-IZZNHLLZSA-N,1,train
N#Cc1cccc(N2CC[C@](O)(C(=O)NCc3cc(F)cc(Cl)c3)C2=O)c1,1.7,N#Cc1cccc(N2CC[C@](O)(C(=O)NCc3cc(F)cc(Cl)c3)C2=O)c1,PGSDAKARRVQODV-IBGZPJMESA-N,1,train
COc1ccc(C2=C(c3cc(OC)c(OC)c(OC)c3)CCCC2)cc1O,99.8,COc1ccc(C2=C(c3cc(OC)c(OC)c(OC)c3)CCCC2)cc1O,CHLBATPBDFHWOZ-UHFFFAOYSA-N,0,train
COc1cc2c(c(OC)c1OC)-c1ccc(OC)c(=O)cc1[C@@H](NC(=O)OCc1ccc(NC(=O)[C@H](CCCCN)NC(=O)[C@H](Cc3ccccc3)NC(=O)OCc3ccccc3)cc1)CC2,0.075,COc1cc2c(c(OC)c1OC)-c1ccc(OC)c(=O)cc1[C@@H](NC(=O)OCc1ccc(NC(=O)[C@H](CCCCN)NC(=O)[C@H](Cc3ccccc3)NC(=O)OCc3ccccc3)cc1)CC2,LLRGPGIKDHFOSO-YKXUKSTASA-N,1,train
COc1cc([C@@H]2c3cc4c(cc3[C@@H](Nc3cccc5[nH]ncc35)[C@H]3COC(=O)[C@H]23)OCO4)cc(OC)c1OC,60.5,COc1cc([C@@H]2c3cc4c(cc3[C@@H](Nc3cccc5[nH]ncc35)[C@H]3COC(=O)[C@H]23)OCO4)cc(OC)c1OC,QJIVNJZXPIKLOQ-QKHVDVHYSA-N,0,train
Clc1ccc2c(NCC3CCCN4CCCCC34)ccnc2c1,60.0,Clc1ccc2c(NCC3CCCN4CCCCC34)ccnc2c1,WIDHQBLDUCVKSN-UHFFFAOYSA-N,0,train
CCN(CC)c1ccc2cc(C(C)=O)c(=O)oc2c1,70.0,CCN(CC)c1ccc2cc(C(C)=O)c(=O)oc2c1,JQYDECSZBZCKFQ-UHFFFAOYSA-N,0,train
CS(=O)(=O)c1cccc(Nc2nccc(Oc3ccc4c(C(=O)Nc5ccccc5)cccc4c3)n2)c1,0.026,CS(=O)(=O)c1cccc(Nc2nccc(Oc3ccc4c(C(=O)Nc5ccccc5)cccc4c3)n2)c1,MNEHOCFSOJLZLO-UHFFFAOYSA-N,1,train
COc1ccc(-c2cnoc2-c2cc(C)nc3ccccc23)cc1,0.71,COc1ccc(-c2cnoc2-c2cc(C)nc3ccccc23)cc1,KDDRFPLVFXCZII-UHFFFAOYSA-N,1,train
COc1ccc2sc(C(=O)Nn3cnnn3)c(OC(C)C)c2c1,49.0,COc1ccc2sc(C(=O)Nn3cnnn3)c(OC(C)C)c2c1,BIYNRNXQIDGGRQ-UHFFFAOYSA-N,0,train
O=C1Nc2ccc(F)cc2/C1=C/c1ccc(-c2cn(-c3ccccc3F)nn2)cc1,14.36,O=C1Nc2ccc(F)cc2/C1=C/c1ccc(-c2cn(-c3ccccc3F)nn2)cc1,QYCCIGJWCMIUEQ-WQRHYEAKSA-N,0,train
CN1CCN(C(=O)[C@@H]2[C@H](C(=O)O)[C@H]3CC[C@@H]2O3)CC1,9.7,CN1CCN(C(=O)[C@@H]2[C@H](C(=O)O)[C@H]3CC[C@@H]2O3)CC1,JUQMLSGOTNKJKI-ZRUFSTJUSA-N,1,train
CC[C@H](C)[C@H](N)C(=O)N[C@@H](CC(N)=O)C(=O)N[C@@H](CC(C)C)C(=O)N[C@@H](CCCCN)C(=O)N[C@@H](C)C(=O)N[C@@H](CC(C)C)C(=O)N[C@@H](C)C(=O)N[C@@H](C)C(=O)N[C@@H](CC(C)C)C(=O)N[C@@H](C)C(=O)N[C@@H](CCCCN)C(=O)N[C@@H](CCCCN)C(=O)N[C@H](C(=O)N[C@@H](CC(C)C)C(=O)O)[C@@H](C)CC,50.0,CC[C@H](C)[C@H](N)C(=O)N[C@@H](CC(N)=O)C(=O)N[C@@H](CC(C)C)C(=O)N[C@@H](CCCCN)C(=O)N[C@@H](C)C(=O)N[C@@H](CC(C)C)C(=O)N[C@@H](C)C(=O)N[C@@H](C)C(=O)N[C@@H](CC(C)C)C(=O)N[C@@H](C)C(=O)N[C@@H](CCCCN)C(=O)N[C@@H](CCCCN)C(=O)N[C@H](C(=O)N[C@@H](CC(C)C)C(=O)O)[C@@H](C)CC,YNLMPFZFVJVVBA-MVSGICTGSA-N,0,train
COc1cc(CNc2ncc3c(n2)-c2cccnc2SC3)cc(OC)c1OC,7.92,COc1cc(CNc2ncc3c(n2)-c2cccnc2SC3)cc(OC)c1OC,GLXBVQSCVVSNHS-UHFFFAOYSA-N,1,train
CCOC(=O)C(=O)N(Cc1cc(F)cc(F)c1)c1ccc2c(c1)OC(C)(CO)CN2C,89.0,CCOC(=O)C(=O)N(Cc1cc(F)cc(F)c1)c1ccc2c(c1)OC(C)(CO)CN2C,PHBZPHZFKWGSFE-UHFFFAOYSA-N,0,train
CN1CCN(Cc2ccc3[nH]c(-c4[nH]nc5ccccc45)nc3c2)CC1,0.3,CN1CCN(Cc2ccc3[nH]c(-c4[nH]nc5ccccc45)nc3c2)CC1,DLHYZQMLROULHQ-UHFFFAOYSA-N,1,train
[N-]=[N+]=NCCCCCCNc1nc2c(s1)CSc1ccccc1-2,5.9,[N-]=[N+]=NCCCCCCNc1nc2c(s1)CSc1ccccc1-2,FIABMYWSQCMKEU-UHFFFAOYSA-N,1,train
Cc1cc(O)cc(O)c1C(=O)O[C@H]1[C@@H]2COC(/C=C/CO)=CC2=CC(=O)[C@@]1(C)O,200.0,Cc1cc(O)cc(O)c1C(=O)O[C@H]1[C@@H]2COC(/C=C/CO)=CC2=CC(=O)[C@@]1(C)O,KKSKNERURMTALE-XWEVTOJWSA-N,0,train
CCc1ccc2nc(N(CCCCNC3CCCCC3)c3ccc(OC)c(OC)c3)sc2c1,1.82,CCc1ccc2nc(N(CCCCNC3CCCCC3)c3ccc(OC)c(OC)c3)sc2c1,POEOZMLHVLBJNI-UHFFFAOYSA-N,1,train
CNC(=O)c1nc2ccc(C(=O)c3cccc(NC(=O)Nc4ccc(Cl)c(C(F)(F)F)c4)c3)cc2[nH]1,12.46,CNC(=O)c1nc2ccc(C(=O)c3cccc(NC(=O)Nc4ccc(Cl)c(C(F)(F)F)c4)c3)cc2[nH]1,NHHAJZIWMWWLOX-UHFFFAOYSA-N,0,train
CC(C)=CCc1c(O)ccc(C(=O)/C=C/c2ccc(O)cc2)c1O,100.0,CC(C)=CCc1c(O)ccc(C(=O)/C=C/c2ccc(O)cc2)c1O,DUWPGRAKHMEPCM-IZZDOVSWSA-N,0,train
[O-][S+](Cc1ccccc1)c1nnc(-c2cccnc2)o1,6.0,[O-][S+](Cc1ccccc1)c1nnc(-c2cccnc2)o1,JHIUBCCQHGHSQC-UHFFFAOYSA-N,1,train
CC(C)N(Cc1ccccc1)c1nc(O)nc(Nc2ccc3ncsc3c2)n1,0.28,CC(C)N(Cc1ccccc1)c1nc(O)nc(Nc2ccc3ncsc3c2)n1,AODUHZPEXFCKHF-UHFFFAOYSA-N,1,train
CC(Nc1cccc(F)c1F)=C1C(=O)CC(c2ccccc2)CC1=O,10.0,CC(Nc1cccc(F)c1F)=C1C(=O)CC(c2ccccc2)CC1=O,SAOIZPSKXSFPIU-UHFFFAOYSA-N,1,train
Nc1nc2cc(-c3nn(CCCC(=O)OCCCCOc4no[n+]([O-])c4S(=O)(=O)c4ccccc4)c4ncnc(N)c34)ccc2o1,10.0,Nc1nc2cc(-c3nn(CCCC(=O)OCCCCOc4no[n+]([O-])c4S(=O)(=O)c4ccccc4)c4ncnc(N)c34)ccc2o1,BIFBYEJOLHDPSN-UHFFFAOYSA-N,1,train
COc1cc([C@@H]2c3cc4c(cc3[C@@H](c3nc5cc(C(F)(F)F)ccc5s3)[C@H]3COC(=O)[C@H]23)OCO4)cc(OC)c1O,42.3,COc1cc([C@@H]2c3cc4c(cc3[C@@H](c3nc5cc(C(F)(F)F)ccc5s3)[C@H]3COC(=O)[C@H]23)OCO4)cc(OC)c1O,KECMITGORXHGNA-HAONIAKBSA-N,0,train
Cc1ccc(-c2cc(NCCO)c3ccccc3n2)cc1,40.4,Cc1ccc(-c2cc(NCCO)c3ccccc3n2)cc1,YSAGVIFZFCOLNS-UHFFFAOYSA-N,0,train
Cc1ccccc1C(=O)Nc1ccc(Nc2ccc([N+](=O)[O-])c3ncnc(O)c23)cc1,37.2,Cc1ccccc1C(=O)Nc1ccc(Nc2ccc([N+](=O)[O-])c3ncnc(O)c23)cc1,HVFCYOWDPOOCOS-UHFFFAOYSA-N,0,train
Cc1ccc(NC(=O)[C@]23CC[C@@H](C)[C@H](C)[C@H]2C2=CC(=O)[C@@H]4[C@@]5(C)C[C@@H](O)[C@H](O)[C@@](C)(CO)[C@@H]5CC[C@@]4(C)[C@]2(C)CC3)cc1Cl,100.0,Cc1ccc(NC(=O)[C@]23CC[C@@H](C)[C@H](C)[C@H]2C2=CC(=O)[C@@H]4[C@@]5(C)C[C@@H](O)[C@H](O)[C@@](C)(CO)[C@@H]5CC[C@@]4(C)[C@]2(C)CC3)cc1Cl,UMUMABSOBQKGPT-ZJURVEQGSA-N,0,train
Cc1ccc(Sc2cncc3sccc23)cc1,5.8,Cc1ccc(Sc2cncc3sccc23)cc1,XPRGBAGZSJYCMW-UHFFFAOYSA-N,1,train
COc1cc2c(c(OC)c1OC)C(=O)/C(=C/c1ccc(O)c(O)c1)CO2,5.0,COc1cc2c(c(OC)c1OC)C(=O)/C(=C/c1ccc(O)c(O)c1)CO2,XCLDVLLOGGOPDZ-IZZDOVSWSA-N,1,train
COc1cc(NS(=O)(=O)c2ccc3c(c2)c2ccc(N)cc2n3C)c(OC)cc1Cl,0.00642,COc1cc(NS(=O)(=O)c2ccc3c(c2)c2ccc(N)cc2n3C)c(OC)cc1Cl,VCIDSXBGJBAULP-UHFFFAOYSA-N,1,train
CC[C@H]1OC(=O)[C@H](C)[C@@H](O[C@H]2C[C@@](C)(OC)[C@@H](O)[C@H](C)O2)[C@H](C)[C@@H](O[C@@H]2O[C@H](C)C[C@H](N(C)Cc3ccc(-c4cn(CCCCCC(=O)NO)nn4)cc3)[C@H]2O)[C@](C)(O)C[C@@H](C)CN(C)[C@H](C)[C@@H](O)[C@]1(C)O,10.0,CC[C@H]1OC(=O)[C@H](C)[C@@H](O[C@H]2C[C@@](C)(OC)[C@@H](O)[C@H](C)O2)[C@H](C)[C@@H](O[C@@H]2O[C@H](C)C[C@H](N(C)Cc3ccc(-c4cn(CCCCCC(=O)NO)nn4)cc3)[C@H]2O)[C@](C)(O)C[C@@H](C)CN(C)[C@H](C)[C@@H](O)[C@]1(C)O,BCHUJJCIGPEYFV-RAYHFQHHSA-N,1,train
COc1cc2nccc(Oc3ccc4c(c3)OCCN4C(=O)Nc3ccccc3C)c2cc1OC,0.045,COc1cc2nccc(Oc3ccc4c(c3)OCCN4C(=O)Nc3ccccc3C)c2cc1OC,MQRYORPEARKGSY-UHFFFAOYSA-N,1,train
CCOC(=O)CN(Cc1cc(F)cc(F)c1)c1ccc2c(c1)N(C)CC(C)(COc1ccc(C#N)cc1)O2,100.0,CCOC(=O)CN(Cc1cc(F)cc(F)c1)c1ccc2c(c1)N(C)CC(C)(COc1ccc(C#N)cc1)O2,XKUXTMHUYPAKHP-UHFFFAOYSA-N,0,train
O=c1oc2c3c4c(cc2cc1[N+](=O)[O-])CCCN4CCC3,70.0,O=c1oc2c3c4c(cc2cc1[N+](=O)[O-])CCCN4CCC3,NEQAGCXSNTWDDA-UHFFFAOYSA-N,0,train
CCO/N=C(\C)c1ccc2c(c1)c1c3c(c4c(c1n2CC(C)C)CCc1nn(C)cc1-4)C(=O)NC3,0.004,CCO/N=C(\C)c1ccc2c(c1)c1c3c(c4c(c1n2CC(C)C)CCc1nn(C)cc1-4)C(=O)NC3,RQJXNGZLPCZKFS-WCMJOSRZSA-N,1,train
CCOP(=O)(OCC)C(NC(=O)c1cc(O)c2c(c1)C(=O)c1cccc(O)c1C2=O)c1cccc(F)c1,100.0,CCOP(=O)(OCC)C(NC(=O)c1cc(O)c2c(c1)C(=O)c1cccc(O)c1C2=O)c1cccc(F)c1,AILYAPHQOPAVRP-UHFFFAOYSA-N,0,train
CCCn1nc(C)cc1C(=O)Nc1cc(C(=O)c2ccc3c(/C=C/c4ccccn4)n[nH]c3c2)ccc1C,0.013,CCCn1nc(C)cc1C(=O)Nc1cc(C(=O)c2ccc3c(/C=C/c4ccccn4)n[nH]c3c2)ccc1C,BIAMYMRUIPLZQR-ACCUITESSA-N,1,train
Cc1ccc(C(=O)Nc2ccc(Oc3ccc4nc(NC(=O)C5CC5)cn4n3)c(F)c2)c(=O)n1-c1ccccc1,0.04,Cc1ccc(C(=O)Nc2ccc(Oc3ccc4nc(NC(=O)C5CC5)cn4n3)c(F)c2)c(=O)n1-c1ccccc1,UUDQJODJTHYBOX-UHFFFAOYSA-N,1,train
COCOc1ccc2c(c1)CC[C@@H]1[C@@H]2[C@H](OC(=O)c2ccc(NC(=O)CN(C)C)cc2)C[C@]2(C)[C@@H](OCOC)CC[C@@H]12,17.67,COCOc1ccc2c(c1)CC[C@@H]1[C@@H]2[C@H](OC(=O)c2ccc(NC(=O)CN(C)C)cc2)C[C@]2(C)[C@@H](OCOC)CC[C@@H]12,MCAAFFFILXQQJH-FOIPTSRRSA-N,0,train
CCc1ccc2nc(N(Cc3cn(CCN4CCCCC4)nn3)c3ccc(OC)c(OC)c3)sc2c1,8.22,CCc1ccc2nc(N(Cc3cn(CCN4CCCCC4)nn3)c3ccc(OC)c(OC)c3)sc2c1,CCJKIAKYKKFQPR-UHFFFAOYSA-N,1,train
O=C(NCCOC(=S)Nc1ccccc1)c1cccnc1,723.7,O=C(NCCOC(=S)Nc1ccccc1)c1cccnc1,AZNOOVDRBLHVPC-UHFFFAOYSA-N,0,train
CCC(Nc1ccccc1C)=C1C(=O)CC(c2ccccc2)CC1=O,2.1,CCC(Nc1ccccc1C)=C1C(=O)CC(c2ccccc2)CC1=O,LGASHGZGNFCIPT-UHFFFAOYSA-N,1,train
c1ccc2c(c1)CCC/C2=N\Nc1nc2ccccc2s1,15.445,c1ccc2c(c1)CCC/C2=N\Nc1nc2ccccc2s1,KXCYWOMLNJCENU-XMHGGMMESA-N,0,train
COc1ccc(C(N)=O)cc1COc1ccc(Cl)cc1,0.66,COc1ccc(C(N)=O)cc1COc1ccc(Cl)cc1,MYSIZMFOVUWXGC-UHFFFAOYSA-N,1,train
CNC(=O)N1CCOc2cc(Oc3ccnc4cc(OC)c(OC)cc34)ccc21,0.1,CNC(=O)N1CCOc2cc(Oc3ccnc4cc(OC)c(OC)cc34)ccc21,AICPYPMTMVSQBW-UHFFFAOYSA-N,1,train
Cc1ccc2ccc3c(c2n1)OC(N)=C(C#N)C3c1ccc(Br)cc1,10.0,Cc1ccc2ccc3c(c2n1)OC(N)=C(C#N)C3c1ccc(Br)cc1,ATJLSBBCNIGCKK-UHFFFAOYSA-N,1,train
O=C(Nc1ccc(-c2ccnc3[nH]ccc23)cc1)Nc1cccc([N+](=O)[O-])c1,3.06,O=C(Nc1ccc(-c2ccnc3[nH]ccc23)cc1)Nc1cccc([N+](=O)[O-])c1,JJONJBIWZLPEON-UHFFFAOYSA-N,1,train
CCOC(=O)CN(Cc1ccc(F)cc1)c1ccc2c(c1)OC(C)(COc1ccc(C(=N)N)cc1)CN2C,2.9,CCOC(=O)CN(Cc1ccc(F)cc1)c1ccc2c(c1)OC(C)(COc1ccc(C(=N)N)cc1)CN2C,PFIMMJZGVMTLHR-UHFFFAOYSA-N,1,train
COc1c(O)cc(O)c2c1OC[C@@H](Cc1ccc(O)cc1)C2=O,100.0,COc1c(O)cc(O)c2c1OC[C@@H](Cc1ccc(O)cc1)C2=O,ZAZTVPBMNCLNOB-SNVBAGLBSA-N,0,train
NS(=O)(=O)c1ccc2c(c1)/C(=C/c1cc3c([nH]1)CCCC3)C(=O)N2,0.24,NS(=O)(=O)c1ccc2c(c1)/C(=C/c1cc3c([nH]1)CCCC3)C(=O)N2,FHSRUXRMSRJDQV-ZSOIEALJSA-N,1,train
CCNC(=O)Nc1ccc(N(C)c2ccnc(Nc3ccc(CS(C)(=O)=O)cc3)n2)cc1,0.027,CCNC(=O)Nc1ccc(N(C)c2ccnc(Nc3ccc(CS(C)(=O)=O)cc3)n2)cc1,KEVIBYPXNNBPSR-UHFFFAOYSA-N,1,train
C=CCc1ccc(O)c(-c2ccc(OC)c(CC=C)c2)c1,55.8,C=CCc1ccc(O)c(-c2ccc(OC)c(CC=C)c2)c1,OQFHJKZVOALSPV-UHFFFAOYSA-N,0,train
Cc1cccc(-n2cc(-c3ccc(/C=C4\C(=O)Nc5ccc(F)cc54)cc3)nn2)c1,9.88,Cc1cccc(-n2cc(-c3ccc(/C=C4\C(=O)Nc5ccc(F)cc54)cc3)nn2)c1,FOELXJQRQANWNO-MTJSOVHGSA-N,1,train
COC(=O)[C@]1(C)[C@@H]2CC[C@]3(C)/C(=C(C)\C=C\C=C(C)/C=C/C=C(C)C)C(=O)C[C@H]3[C@@]2(C)CC[C@H]1OC(C)=O,0.06,COC(=O)[C@]1(C)[C@@H]2CC[C@]3(C)/C(=C(C)\C=C\C=C(C)/C=C/C=C(C)C)C(=O)C[C@H]3[C@@]2(C)CC[C@H]1OC(C)=O,GRNXZFQSLPDVMF-DNPGXBGVSA-N,1,train
O=C(O)c1c(O)c(-c2ccc(Cl)cc2)nc2c(Br)cccc12,20.0,O=C(O)c1c(O)c(-c2ccc(Cl)cc2)nc2c(Br)cccc12,RWTZDUAHCXMERP-UHFFFAOYSA-N,0,train
CCOP(=O)(OCC)C(NC(=O)c1cc(O)c2c(c1)C(=O)c1cccc(O)c1C2=O)c1ccc(Cl)cc1,100.0,CCOP(=O)(OCC)C(NC(=O)c1cc(O)c2c(c1)C(=O)c1cccc(O)c1C2=O)c1ccc(Cl)cc1,XREINAJFMKFZGM-UHFFFAOYSA-N,0,train
O=C(Nc1ccc(Oc2ccc3nc(NC(=O)C4CC4)cn3n2)c(F)c1)c1cccn(-c2ccccc2)c1=O,0.007,O=C(Nc1ccc(Oc2ccc3nc(NC(=O)C4CC4)cn3n2)c(F)c1)c1cccn(-c2ccccc2)c1=O,GVVAOKGDOGVPSI-UHFFFAOYSA-N,1,train
CC(C(N)=O)c1ccccc1CCc1nc(Nc2cn[nH]c2)ncc1Cl,3.786,CC(C(N)=O)c1ccccc1CCc1nc(Nc2cn[nH]c2)ncc1Cl,RKVTUBMTXZINFU-UHFFFAOYSA-N,1,train
COc1ccc(/C=C\c2cc(OC)c(OC)c(OC)c2)cc1NC(=O)Oc1ccccc1C,0.055,COc1ccc(/C=C\c2cc(OC)c(OC)c(OC)c2)cc1NC(=O)Oc1ccccc1C,UBLDMXNWWGNKPS-KHPPLWFESA-N,1,train
COc1ccc2c(c1)CCc1c(-c3ccccc3)c3n(c1-2)[B-](F)(F)[N+]1=C(c2ccc(OCC(=O)NCCCN4CCOCC4)cc2)C(I)=C(c2ccccc2)C1=N3,0.0119,COc1ccc2c(c1)CCc1c(-c3ccccc3)c3n(c1-2)[B-](F)(F)[N+]1=C(c2ccc(OCC(=O)NCCCN4CCOCC4)cc2)C(I)=C(c2ccccc2)C1=N3,SPQIEPKADCUZDD-UHFFFAOYSA-N,1,train
COc1cc(C(=O)c2c(-n3cccc3)oc3c(O)c(OC)ccc23)cc(OC)c1OC,0.0026,COc1cc(C(=O)c2c(-n3cccc3)oc3c(O)c(OC)ccc23)cc(OC)c1OC,PIFWAAWNDKULCB-UHFFFAOYSA-N,1,train
NC(=O)C1(c2ccccc2CCc2nc(Nc3cn[nH]c3)ncc2Cl)CC1,0.248,NC(=O)C1(c2ccccc2CCc2nc(Nc3cn[nH]c3)ncc2Cl)CC1,IDBAAYPNWLPEBC-UHFFFAOYSA-N,1,train
OCCN1CCC(C2CCN(c3nc(NCc4cccc(F)c4F)c4ncn(C5CCCC5)c4n3)CC2)CC1,6.18,OCCN1CCC(C2CCN(c3nc(NCc4cccc(F)c4F)c4ncn(C5CCCC5)c4n3)CC2)CC1,WYVDFOFDVCFARJ-UHFFFAOYSA-N,1,train
Cc1ccc(NC(=O)Cn2nc(C)c(-c3ccc4c(NC(=O)C5CC5)n[nH]c4c3)c2C)cc1C(F)(F)F,6.62,Cc1ccc(NC(=O)Cn2nc(C)c(-c3ccc4c(NC(=O)C5CC5)n[nH]c4c3)c2C)cc1C(F)(F)F,NQKVTKFQDDGITH-UHFFFAOYSA-N,1,train
C#CCN1C(=O)[C@H](C)[C@@H]2CC[C@@H](C)[C@@H]3CC[C@@]4(C)OO[C@]32[C@H]1O4,241.0,C#CCN1C(=O)[C@H](C)[C@@H]2CC[C@@H](C)[C@@H]3CC[C@@]4(C)OO[C@]32[C@H]1O4,HMIIWDMPAPFRGV-REMDBXRQSA-N,0,train
COc1cc2nccc(Oc3ccc4c(C(=O)NC5(C)CC5)cccc4c3)c2cc1OC,0.07,COc1cc2nccc(Oc3ccc4c(C(=O)NC5(C)CC5)cccc4c3)c2cc1OC,IZZAJZCFAZXNDC-UHFFFAOYSA-N,1,train
C=CC(=O)N1CC[C@@H](n2nc(C#Cc3cc(OC)cc(OC)c3)c3c(N)ncnc32)C1,63.57,C=CC(=O)N1CC[C@@H](n2nc(C#Cc3cc(OC)cc(OC)c3)c3c(N)ncnc32)C1,KEIPNCCJPRMIAX-OAHLLOKOSA-N,0,train
O=C(OCCCOC(=O)c1cc(O)c(OCCOCc2ccccc2)c(O)c1)c1cc(O)c(OCCOCc2ccccc2)c(O)c1,15.0,O=C(OCCCOC(=O)c1cc(O)c(OCCOCc2ccccc2)c(O)c1)c1cc(O)c(OCCOCc2ccccc2)c(O)c1,CLROGOVYWLCMKO-UHFFFAOYSA-N,0,train
O=C(Nc1ccc(NC(=O)c2ccccn2)cc1)c1ccccn1,365.1,O=C(Nc1ccc(NC(=O)c2ccccn2)cc1)c1ccccn1,PROUDSLIHYGGFR-UHFFFAOYSA-N,0,train
COCCN1CCC(Nc2ccc3c(c2)C(=C(c2ccccc2)c2nc4ccccc4[nH]2)C(=O)N3)CC1,0.017,COCCN1CCC(Nc2ccc3c(c2)C(=C(c2ccccc2)c2nc4ccccc4[nH]2)C(=O)N3)CC1,RWHCDDJSGYJEHN-UHFFFAOYSA-N,1,train
CN(C)CCOc1ccc(-n2c3c(c4ccc(O)cc4c2=O)C(=O)c2cc(O)ccc2-3)cc1,4.6,CN(C)CCOc1ccc(-n2c3c(c4ccc(O)cc4c2=O)C(=O)c2cc(O)ccc2-3)cc1,YGQUPAVDJCLCSA-UHFFFAOYSA-N,1,train
c1ccc(CNc2ncc3c(n2)-c2ccccc2SC3)cc1,20.0,c1ccc(CNc2ncc3c(n2)-c2ccccc2SC3)cc1,SXKSPRROAYXUEY-UHFFFAOYSA-N,0,train
COc1ccc(CC2(O)COc3cc(O)cc(O)c3C2=O)cc1,100.0,COc1ccc(CC2(O)COc3cc(O)cc(O)c3C2=O)cc1,BLSFQQNRFOVLGQ-UHFFFAOYSA-N,0,train
Nc1ccccc1NC(=O)c1ccc(CNC(=O)c2cc3ccc(OCc4ccccc4F)cc3oc2=O)cc1,61.833,Nc1ccccc1NC(=O)c1ccc(CNC(=O)c2cc3ccc(OCc4ccccc4F)cc3oc2=O)cc1,ONIMXYOXBLDWTE-UHFFFAOYSA-N,0,train
CC(C)CCC[C@@H](C)[C@H]1CC[C@H]2[C@@H]3CC[C@H]4C[C@@H](O[C@H]5O[C@H](COS(=O)(=O)[O-])[C@@H](OS(=O)(=O)[O-])[C@H](OS(=O)(=O)[O-])[C@@H]5O[C@H]5O[C@H](COS(=O)(=O)[O-])[C@@H](OS(=O)(=O)[O-])[C@H](O[C@H]6O[C@H](COS(=O)(=O)[O-])[C@@H](OS(=O)(=O)[O-])[C@H](OS(=O)(=O)[O-])[C@@H]6OS(=O)(=O)[O-])[C@@H]5OS(=O)(=O)[O-])CC[C@]4(C)[C@H]3CC[C@]12C.[Na+].[Na+].[Na+].[Na+].[Na+].[Na+].[Na+].[Na+].[Na+].[Na+],1.0,CC(C)CCC[C@@H](C)[C@H]1CC[C@H]2[C@@H]3CC[C@H]4C[C@@H](O[C@H]5O[C@H](COS(=O)(=O)O)[C@@H](OS(=O)(=O)O)[C@H](OS(=O)(=O)O)[C@@H]5O[C@H]5O[C@H](COS(=O)(=O)O)[C@@H](OS(=O)(=O)O)[C@H](O[C@H]6O[C@H](COS(=O)(=O)O)[C@@H](OS(=O)(=O)O)[C@H](OS(=O)(=O)O)[C@@H]6OS(=O)(=O)O)[C@@H]5OS(=O)(=O)O)CC[C@]4(C)[C@H]3CC[C@]12C,IPWXMKVZKOEZQH-AQHRIOQOSA-N,1,train
Cc1ccccc1/C=C/c1nnc(-c2ccc3c(c2)OCCO3)o1,40.49,Cc1ccccc1/C=C/c1nnc(-c2ccc3c(c2)OCCO3)o1,DLQUSGKOGCEUIS-VQHVLOKHSA-N,0,train
Cc1c(CNCC[C@@H]2CCCN3CCCC[C@H]23)cc(-c2ccccc2)n1Nc1ccnc2cc(Cl)ccc12,14.599,Cc1c(CNCC[C@@H]2CCCN3CCCC[C@H]23)cc(-c2ccccc2)n1Nc1ccnc2cc(Cl)ccc12,YLTFPNHAWXRRBI-VVFBEHOQSA-N,0,train
CC(=O)CC1(O)C(=O)c2c(oc3cc(O)c(O)cc23)-c2oc3cc(O)c(O)cc3c21,21.4,CC(=O)CC1(O)C(=O)c2c(oc3cc(O)c(O)cc23)-c2oc3cc(O)c(O)cc3c21,YOKUNGSJWHUOJL-UHFFFAOYSA-N,0,train
CCOC(=O)CN(Cc1cc(F)cc(F)c1)c1ccc2c(c1)OC(C)(COc1ccc(C(=N)N)cc1)CN2C,1.8,CCOC(=O)CN(Cc1cc(F)cc(F)c1)c1ccc2c(c1)OC(C)(COc1ccc(C(=N)N)cc1)CN2C,ISXXEQSWBNIUKX-UHFFFAOYSA-N,1,train
COc1ccc(COc2cccc3ccc(C(=O)NCc4ccc(C(=O)NO)cc4)nc23)cc1,50.0,COc1ccc(COc2cccc3ccc(C(=O)NCc4ccc(C(=O)NO)cc4)nc23)cc1,JRPMIIFAHPIZMV-UHFFFAOYSA-N,0,train
CN(C)CCN1C(=O)CCC(N2C(=O)c3cccc4cccc(c34)C2=O)C1=O,50.0,CN(C)CCN1C(=O)CCC(N2C(=O)c3cccc4cccc(c34)C2=O)C1=O,YZZQWTYACRDLRM-UHFFFAOYSA-N,0,train
COc1cc2c(c(OC)c1OC)C(=O)C(Cc1ccccc1)CO2,100.0,COc1cc2c(c(OC)c1OC)C(=O)C(Cc1ccccc1)CO2,MYCFTKQYTFEVTJ-UHFFFAOYSA-N,0,train
Cc1ccc2nc(Cl)c(/C=C/C(=O)c3sccc3C)cc2c1,0.12739,Cc1ccc2nc(Cl)c(/C=C/C(=O)c3sccc3C)cc2c1,LEXBSZGYTLWEGV-GQCTYLIASA-N,1,train
COc1cc(/C=C2\CCCn3c2nc2ccc(F)cc2c3=O)cc(OC)c1O,20.0,COc1cc(/C=C2\CCCn3c2nc2ccc(F)cc2c3=O)cc(OC)c1O,NVSIXYHZRPLVJY-MDWZMJQESA-N,0,train
COc1ccc(/C=C(\C)C(=O)c2cc(OC)c3c(c2)OCO3)cc1N,0.0023,COc1ccc(/C=C(\C)C(=O)c2cc(OC)c3c(c2)OCO3)cc1N,IKFPHBSKPMQGFN-IZZDOVSWSA-N,1,train
NC(=O)c1cccc2[nH]c(-c3ccc(C(=O)N4CCN(C(=O)c5csc(Br)n5)CC4)cc3)nc12,100.0,NC(=O)c1cccc2[nH]c(-c3ccc(C(=O)N4CCN(C(=O)c5csc(Br)n5)CC4)cc3)nc12,WJWGTIWVSMYTCG-UHFFFAOYSA-N,0,train
Cc1ccc2nc(Cl)c(/C=C/C(=O)c3ccc(Br)s3)cc2c1,0.08843,Cc1ccc2nc(Cl)c(/C=C/C(=O)c3ccc(Br)s3)cc2c1,PHCDZVPVXPRTIT-HWKANZROSA-N,1,train
CCOC(=O)Nc1nc2c(s1)CSc1ccc(Cl)cc1-2,2.8,CCOC(=O)Nc1nc2c(s1)CSc1ccc(Cl)cc1-2,GYCALERQLCCTGX-UHFFFAOYSA-N,1,train
O=C(Nc1cccc(CNc2ncnc3c2cnn3CCc2ccccc2)c1)c1ccccc1,15.31,O=C(Nc1cccc(CNc2ncnc3c2cnn3CCc2ccccc2)c1)c1ccccc1,IKHOENLNOBJWRL-UHFFFAOYSA-N,0,train
CC1(C)C=Cc2c(ccc3c(=O)c(-c4ccc(C#N)cc4)coc23)O1,10.0,CC1(C)C=Cc2c(ccc3c(=O)c(-c4ccc(C#N)cc4)coc23)O1,CMALNFBGOFHVHV-UHFFFAOYSA-N,1,train
O=C(Nc1ccc(Oc2ccc3nc(NC(=O)C4CC4)cn3c2)c(F)c1)c1cccn(-c2ccccc2)c1=O,0.0054,O=C(Nc1ccc(Oc2ccc3nc(NC(=O)C4CC4)cn3c2)c(F)c1)c1cccn(-c2ccccc2)c1=O,VKRRGKOVGYHCBL-UHFFFAOYSA-N,1,train
Cc1cc(C(=O)Nc2cccc(Oc3ccc4nc(NC(=O)C5CC5)cn4n3)c2)n(C)n1,0.0017,Cc1cc(C(=O)Nc2cccc(Oc3ccc4nc(NC(=O)C5CC5)cn4n3)c2)n(C)n1,IFFBOVLYGJAFKB-UHFFFAOYSA-N,1,train
CC(C)c1c(-c2nnc(NCCCN(C)C)o2)cn2ncnc(Nc3cc(C(=O)NC4CC4)c(F)cc3F)c12,0.012,CC(C)c1c(-c2nnc(NCCCN(C)C)o2)cn2ncnc(Nc3cc(C(=O)NC4CC4)c(F)cc3F)c12,NATXHFKXFMNQDO-UHFFFAOYSA-N,1,train
CC(=O)Nc1ccc(Oc2cccc3c(NC(=O)Nc4cccc(C(F)(F)F)c4)cccc23)cc1,9.643,CC(=O)Nc1ccc(Oc2cccc3c(NC(=O)Nc4cccc(C(F)(F)F)c4)cccc23)cc1,ZCMXAYQHMRJMHV-UHFFFAOYSA-N,1,train
COc1ccc(/C=C/C(=O)c2ccc3c(c2O)C=CC(C)(C)O3)cc1OCCCN1CCCC1,19.599,COc1ccc(/C=C/C(=O)c2ccc3c(c2O)C=CC(C)(C)O3)cc1OCCCN1CCCC1,YYOSSCKBKSEKTR-JXMROGBWSA-N,0,train
Cc1ccc2cc(/C=C/C(=O)c3cc(C)sc3C)c(Cl)nc2c1,0.29378,Cc1ccc2cc(/C=C/C(=O)c3cc(C)sc3C)c(Cl)nc2c1,XPBWZLKWQPPSGC-VOTSOKGWSA-N,1,train
O=C1C=CC2(C=C1)OCC(=O)N2Cc1ccc(Cl)cc1,44.61,O=C1C=CC2(C=C1)OCC(=O)N2Cc1ccc(Cl)cc1,AIAPWGYPBRRTPR-UHFFFAOYSA-N,0,train
CCc1ccc2nc(C(c3ccc(O)c(O)c3)n3cc(CCN(C)C)nn3)oc2c1,20.0,CCc1ccc2nc(C(c3ccc(O)c(O)c3)n3cc(CCN(C)C)nn3)oc2c1,NMFZYTRFGMSGPH-UHFFFAOYSA-N,0,train
COCCNC(=O)c1cccc2cc(Oc3ccnc4cc(OC)c(C(N)=O)cc34)ccc12,0.0008,COCCNC(=O)c1cccc2cc(Oc3ccnc4cc(OC)c(C(N)=O)cc34)ccc12,XZDKAVSSXNBWNJ-UHFFFAOYSA-N,1,train
Clc1ccc(CNc2ncc3c(n2)-c2ccccc2SC3)cc1,12.3,Clc1ccc(CNc2ncc3c(n2)-c2ccccc2SC3)cc1,IZTIVBLRUNDGFN-UHFFFAOYSA-N,0,train
Cc1cc(C)cc(NC(=O)c2cnn(-c3ccc(C(C)C)cc3)c2C2CCNCC2)c1,3.0,Cc1cc(C)cc(NC(=O)c2cnn(-c3ccc(C(C)C)cc3)c2C2CCNCC2)c1,LBWJINHCNQHNMV-UHFFFAOYSA-N,1,train
O=S(=O)(Nc1cc(Sc2ncnc3nc[nH]c23)c(O)c2ccccc12)c1ccc(F)cc1,10.44,O=S(=O)(Nc1cc(Sc2ncnc3nc[nH]c23)c(O)c2ccccc12)c1ccc(F)cc1,SSWFCCGOQBEUSS-UHFFFAOYSA-N,0,train
CO[C@H]1[C@@H]([C@@]2(C)O[C@@H]2CC=C(C)C)[C@]2(CC[C@H]1OC(=O)NCCN1CCCC1)CO2,0.0001,CO[C@H]1[C@@H]([C@@]2(C)O[C@@H]2CC=C(C)C)[C@]2(CC[C@H]1OC(=O)NCCN1CCCC1)CO2,ZGOYPTLSQGQJEI-NFOZHWPDSA-N,1,train
COc1ccc2c(c1)C(=O)c1c-2n(-c2ccc(OCCN(C)C)cc2)c(=O)c2cc(OC)ccc12,35.6,COc1ccc2c(c1)C(=O)c1c-2n(-c2ccc(OCCN(C)C)cc2)c(=O)c2cc(OC)ccc12,LHBNPXGOTAFCPF-UHFFFAOYSA-N,0,train
O=C(Nc1ccc2oc(-c3ccc(Cl)cc3)nc2c1)c1ccc(Br)c(F)c1,37.23,O=C(Nc1ccc2oc(-c3ccc(Cl)cc3)nc2c1)c1ccc(Br)c(F)c1,OEVZFVINZSRCHC-UHFFFAOYSA-N,0,train
O=c1nc(N2CCC(c3ccccc3)CC2)sc2c([N+](=O)[O-])cc(C(F)(F)F)cc12,50.0,O=c1nc(N2CCC(c3ccccc3)CC2)sc2c([N+](=O)[O-])cc(C(F)(F)F)cc12,PWIFEAJWYQPPTC-UHFFFAOYSA-N,0,train
CCn1cnc(-c2cc3nccc(Oc4ccc(NC(=O)N5CCN(c6ccc(F)cc6)C5=O)cc4F)c3s2)c1,0.006,CCn1cnc(-c2cc3nccc(Oc4ccc(NC(=O)N5CCN(c6ccc(F)cc6)C5=O)cc4F)c3s2)c1,GTDCAFNNNVCDJN-UHFFFAOYSA-N,1,train
Nc1nc(-c2cccs2)cn1/N=C/c1cc2ccccc2nc1Cl,10.17,Nc1nc(-c2cccs2)cn1/N=C/c1cc2ccccc2nc1Cl,FOIDLQWKFRSJKU-AWQFTUOYSA-N,0,train
NC(=O)c1cc2c(Sc3ccc(Br)cc3)cncc2s1,100.0,NC(=O)c1cc2c(Sc3ccc(Br)cc3)cncc2s1,BSSKWUVAKNLPJS-UHFFFAOYSA-N,0,train
COc1cc2c(cc1C(=O)O)CC[C@@H]1[C@@H]2CC[C@]2(C)[C@@H](O)CC[C@@H]12,100.0,COc1cc2c(cc1C(=O)O)CC[C@@H]1[C@@H]2CC[C@]2(C)[C@@H](O)CC[C@@H]12,RXORJKDPAQKESD-YQFFHJAMSA-N,0,train
O=C(Nc1ccc(N2CCNCC2)c(C(F)(F)F)c1)c1ccccc1Sc1ccc2c(/C=C/c3ccccc3)n[nH]c2c1,0.079,O=C(Nc1ccc(N2CCNCC2)c(C(F)(F)F)c1)c1ccccc1Sc1ccc2c(/C=C/c3ccccc3)n[nH]c2c1,AXBLSNHQMPOMRH-GXDHUFHOSA-N,1,train
CONC(=O)c1cc2c(Sc3ccc(C)cc3)cncc2s1,52.0,CONC(=O)c1cc2c(Sc3ccc(C)cc3)cncc2s1,YLPWORNATWTQBL-UHFFFAOYSA-N,0,train
CCOC(=O)c1cc2c(nc1C(F)(F)F)nn1c(-c3ccc([N+](=O)[O-])cc3)cc(-c3ccccc3)nc21,90.8,CCOC(=O)c1cc2c(nc1C(F)(F)F)nn1c(-c3ccc([N+](=O)[O-])cc3)cc(-c3ccccc3)nc21,HLIRTOFVPHJPRR-UHFFFAOYSA-N,0,train
COc1cc(OC)cc(-c2cc3cnc(N)cc3nc2N)c1,0.82,COc1cc(OC)cc(-c2cc3cnc(N)cc3nc2N)c1,XXQRJTXNOCEQLF-UHFFFAOYSA-N,1,train
CC(=O)N[C@@H](CCCCNC(=N)N)C(=O)N(CC(=O)N[C@@H](CCCCN)C(=O)N(CC(=O)N[C@@H](CCCCNC(=N)N)C(=O)N(CC(=O)N[C@@H](CCCCN)C(=O)N(CC(=O)N[C@@H](CCCCNC(=N)N)C(=O)N(CC(N)=O)[C@@H](C)c1ccccc1)[C@@H](C)c1ccccc1)[C@@H](C)c1ccccc1)[C@@H](C)c1ccccc1)[C@@H](C)c1ccccc1,398.0,CC(=O)N[C@@H](CCCCNC(=N)N)C(=O)N(CC(=O)N[C@@H](CCCCN)C(=O)N(CC(=O)N[C@@H](CCCCNC(=N)N)C(=O)N(CC(=O)N[C@@H](CCCCN)C(=O)N(CC(=O)N[C@@H](CCCCNC(=N)N)C(=O)N(CC(N)=O)[C@@H](C)c1ccccc1)[C@@H](C)c1ccccc1)[C@@H](C)c1ccccc1)[C@@H](C)c1ccccc1)[C@@H](C)c1ccccc1,NQALVHCCNWTTGW-BRRXXWQTSA-N,0,train
COc1ccc2[nH]c(C)c(CC(=O)N3CCN(CC4CCOC4)CC3c3ncc(-c4ccc5ccccc5c4)[nH]3)c2c1,18.666,COc1ccc2[nH]c(C)c(CC(=O)N3CCN(CC4CCOC4)CC3c3ncc(-c4ccc5ccccc5c4)[nH]3)c2c1,NKRWOMURAOOUGT-UHFFFAOYSA-N,0,train
COc1ccc(CC2COc3cc(OC)c(OC)c(OC)c3C2=O)cc1OC(=O)[C@H](Cc1ccc(OCC(=O)O)cc1)NC(=O)OC(C)(C)C,0.012,COc1ccc(CC2COc3cc(OC)c(OC)c(OC)c3C2=O)cc1OC(=O)[C@H](Cc1ccc(OCC(=O)O)cc1)NC(=O)OC(C)(C)C,PWDLOLIMTJICSA-GITCGBDTSA-N,1,train
CC(C)c1cccc2c(C(=O)O)c(O)c(-c3ccc(Cl)cc3)nc12,4.7,CC(C)c1cccc2c(C(=O)O)c(O)c(-c3ccc(Cl)cc3)nc12,LZDBRAMBTQQSII-UHFFFAOYSA-N,1,train
CC(OC(=O)CCC(=O)N(CCS(C)(=O)=O)Cc1ccc(-c2ccc3ncnc(Nc4ccc(OCc5cccc(F)c5)c(Cl)c4)c3c2)o1)c1cc2c(o1)C(=O)c1ccccc1C2=O,56.58,CC(OC(=O)CCC(=O)N(CCS(C)(=O)=O)Cc1ccc(-c2ccc3ncnc(Nc4ccc(OCc5cccc(F)c5)c(Cl)c4)c3c2)o1)c1cc2c(o1)C(=O)c1ccccc1C2=O,IEQXBKIYSPISIO-UHFFFAOYSA-N,0,train
COc1ccc(-c2cc(-c3ccc(O)cc3)nc(Nc3ccc(NC(=O)CN4CCCCC4)cc3)n2)cc1,10.6,COc1ccc(-c2cc(-c3ccc(O)cc3)nc(Nc3ccc(NC(=O)CN4CCCCC4)cc3)n2)cc1,STKGMWWBTGSNKZ-UHFFFAOYSA-N,0,train
CCOP(=O)(OCC)C1CC(Cn2c(=O)n(Cc3ccc(F)cc3)c(=O)c3ccccc32)ON1Cc1ccccc1,26.0,CCOP(=O)(OCC)C1CC(Cn2c(=O)n(Cc3ccc(F)cc3)c(=O)c3ccccc32)ON1Cc1ccccc1,UQBACJKHIFEWHQ-UHFFFAOYSA-N,0,train
COc1ccc2c(c1)CCC(C(=O)c1ccc(OC)c3c1OCO3)C2,38.0,COc1ccc2c(c1)CCC(C(=O)c1ccc(OC)c3c1OCO3)C2,WRQPDLPTKTYBNY-UHFFFAOYSA-N,0,train
COc1cc([C@@H]2c3cc4c(cc3[C@@H](O[C@@H]3O[C@@H]5CO[C@@H](c6cccs6)O[C@H]5[C@H](OC(=O)CSc5nc6cc(F)ccc6s5)[C@H]3OC(=O)CSc3nc5cc(F)ccc5s3)[C@H]3COC(=O)[C@H]23)OCO4)cc(OC)c1O,24.6,COc1cc([C@@H]2c3cc4c(cc3[C@@H](O[C@@H]3O[C@@H]5CO[C@@H](c6cccs6)O[C@H]5[C@H](OC(=O)CSc5nc6cc(F)ccc6s5)[C@H]3OC(=O)CSc3nc5cc(F)ccc5s3)[C@H]3COC(=O)[C@H]23)OCO4)cc(OC)c1O,KSPJIHLUDONZES-UCLBKPAJSA-N,0,train
CN(c1ccc(NC(=O)Nc2cc(C(F)(F)F)ccc2F)cc1)c1ccnc(Nc2ccc(CS(C)(=O)=O)cc2)n1,0.002,CN(c1ccc(NC(=O)Nc2cc(C(F)(F)F)ccc2F)cc1)c1ccnc(Nc2ccc(CS(C)(=O)=O)cc2)n1,SPCZPSTVIFPUHB-UHFFFAOYSA-N,1,train
COc1ccc(CC(=O)Nc2ccc3oc(-c4ccccc4F)nc3c2)cc1OC,16.23,COc1ccc(CC(=O)Nc2ccc3oc(-c4ccccc4F)nc3c2)cc1OC,YWNJFQWCTDBUJT-UHFFFAOYSA-N,0,train
CCOc1ccc2cc(C(=O)NCc3ccc(C(=O)Nc4ccccc4N)cc3)c(=O)oc2c1,100.0,CCOc1ccc2cc(C(=O)NCc3ccc(C(=O)Nc4ccccc4N)cc3)c(=O)oc2c1,QBIKWFQUOUZMCS-UHFFFAOYSA-N,0,train
CCNC(=O)c1cc2c(cc1OC)[C@H]1CC[C@]3(C)CCC[C@H]3[C@@H]1CC2,37.98,CCNC(=O)c1cc2c(cc1OC)[C@H]1CC[C@]3(C)CCC[C@H]3[C@@H]1CC2,QQLGAQBIMJEWJE-BXYJTDFISA-N,0,train
COc1ccc2c(c1)SCc1cnc(Nc3cc(OC)c(OC)c(OC)c3)nc1-2,3.71,COc1ccc2c(c1)SCc1cnc(Nc3cc(OC)c(OC)c(OC)c3)nc1-2,NWKGWZQDSLNWBX-UHFFFAOYSA-N,1,train
C[C@@H](O)C12O[C@]13c1cc(O)c4c(c1N[C@H]2C#C/C=C\C#C[C@H]3O)C(=O)c1c(O)cccc1C4=O,0.0002,C[C@@H](O)C12O[C@]13c1cc(O)c4c(c1N[C@H]2C#C/C=C\C#C[C@H]3O)C(=O)c1c(O)cccc1C4=O,OBUHDEKWYQCPLP-HMYMEIPSSA-N,1,train
Cc1cc(=O)oc2c(C)c(OCCOc3no[n+]([O-])c3S(=O)(=O)c3ccccc3)ccc12,0.097,Cc1cc(=O)oc2c(C)c(OCCOc3no[n+]([O-])c3S(=O)(=O)c3ccccc3)ccc12,RBSXEMCGMGQLBB-UHFFFAOYSA-N,1,train
CCCCCCCC/C=C\CCCCCCCC(=O)O[C@H](COC(=O)CCCCCCCC1CC1CCCCCCCC)CO[C@@H]1O[C@H](CO)[C@@H](O)[C@H](O)[C@H]1O,99.8,CCCCCCCC/C=C\CCCCCCCC(=O)O[C@H](COC(=O)CCCCCCCC1CC1CCCCCCCC)CO[C@@H]1O[C@H](CO)[C@@H](O)[C@H](O)[C@H]1O,ZKVQYSXDKQXNEC-YWBMEHEWSA-N,0,train
Nc1ccccc1NC(=O)c1ccc(CNc2nc(NCCN3CCOCC3)nc(NC3Cc4ccccc4C3)n2)cc1,16.0,Nc1ccccc1NC(=O)c1ccc(CNc2nc(NCCN3CCOCC3)nc(NC3Cc4ccccc4C3)n2)cc1,XPFFRJLMCUESRV-UHFFFAOYSA-N,0,train
CCN(CC)CC(=O)Nc1ccc(Nc2nc(-c3ccc(OC)cc3)nc(Cl)c2-c2ccccc2)cc1,40.0,CCN(CC)CC(=O)Nc1ccc(Nc2nc(-c3ccc(OC)cc3)nc(Cl)c2-c2ccccc2)cc1,WPTAGVOPEXNARJ-UHFFFAOYSA-N,0,train
Cc1c(C(=O)NCCCN(C)C)cn2ncnc(Oc3ccc(NC(=O)C4(C(=O)Nc5ccc(F)cc5)CC4)cc3F)c12,0.0708,Cc1c(C(=O)NCCCN(C)C)cn2ncnc(Oc3ccc(NC(=O)C4(C(=O)Nc5ccc(F)cc5)CC4)cc3F)c12,LKHBLJXMYCTBJQ-UHFFFAOYSA-N,1,train
COc1cc2c(Nc3ccc(Br)cc3F)ncnc2cc1OC[C@H]1CCCN(C)C1,1.0,COc1cc2c(Nc3ccc(Br)cc3F)ncnc2cc1OC[C@H]1CCCN(C)C1,JFGLOXKNWPNMQT-AWEZNQCLSA-N,1,train
O=C(O)c1ccc(OCCCCC2c3ccccc3-c3ccccc32)cc1,19.8,O=C(O)c1ccc(OCCCCC2c3ccccc3-c3ccccc32)cc1,WQZKUZXUBYJRBC-UHFFFAOYSA-N,0,train
C[C@H]1[C@H](C)CC[C@]2(C(=O)Nc3cccc(Br)c3)CC[C@]3(C)C(=CC(=O)[C@@H]4[C@@]5(C)C[C@@H](O)[C@H](O)[C@@](C)(CO)[C@@H]5CC[C@]43C)[C@H]12,100.0,C[C@H]1[C@H](C)CC[C@]2(C(=O)Nc3cccc(Br)c3)CC[C@]3(C)C(=CC(=O)[C@@H]4[C@@]5(C)C[C@@H](O)[C@H](O)[C@@](C)(CO)[C@@H]5CC[C@]43C)[C@H]12,PYTHFMIIPHJBEG-SUCQNGCESA-N,0,train
O=C(c1ccc(Nc2nccc(-c3cc4ccccc4s3)n2)cc1)N1CCC(N2CCCC2)CC1,0.3,O=C(c1ccc(Nc2nccc(-c3cc4ccccc4s3)n2)cc1)N1CCC(N2CCCC2)CC1,BWZJBXAPRCVCKQ-UHFFFAOYSA-N,1,train
Cn1ncc2c(Oc3ccc4c(c3)nc(Nc3ccccc3)n4C)ncnc21,100.0,Cn1ncc2c(Oc3ccc4c(c3)nc(Nc3ccccc3)n4C)ncnc21,OEDXVYRXMGKUKD-UHFFFAOYSA-N,0,train
O=C(Nc1ccc(F)cc1)Nc1ccc(-c2ccnc3[nH]ccc23)cc1,50.0,O=C(Nc1ccc(F)cc1)Nc1ccc(-c2ccnc3[nH]ccc23)cc1,SHYZHDIDMSOIML-UHFFFAOYSA-N,0,train
COc1cccc2c1C(=O)c1c(O)c3c(c(O)c1C2=O)C[C@@](O)(C(C)=O)C[C@@H]3O[C@H]1C[C@H](N)[C@H](O)[C@H](C)O1.Cl,0.098,COc1cccc2c1C(=O)c1c(O)c3c(c(O)c1C2=O)C[C@@](O)(C(C)=O)C[C@@H]3O[C@H]1C[C@H](N)[C@H](O)[C@H](C)O1,STQGQHZAVUOBTE-VGBVRHCVSA-N,1,train
Cc1ccc2cccc(NS(=O)(=O)c3ccccc3[N+](=O)[O-])c2n1,3.8,Cc1ccc2cccc(NS(=O)(=O)c3ccccc3[N+](=O)[O-])c2n1,YMHFQDFREPFUMV-UHFFFAOYSA-N,1,train
Nc1cc(C(F)(F)F)c(-c2cc(N3CCOCC3)nc(N3CCOCC3)n2)cn1,0.886,Nc1cc(C(F)(F)F)c(-c2cc(N3CCOCC3)nc(N3CCOCC3)n2)cn1,CWHUFRVAEUJCEF-UHFFFAOYSA-N,1,train
CC(=O)Nc1ccc(N2CC[C@](O)(C(=O)NCc3cc(F)cc(Cl)c3)C2=O)cc1,0.032,CC(=O)Nc1ccc(N2CC[C@](O)(C(=O)NCc3cc(F)cc(Cl)c3)C2=O)cc1,AHRJDYRLVWITBE-FQEVSTJZSA-N,1,train
N=C(NC(=N)NC1CCCC1)Nc1ccc(C(F)(F)F)cc1,7.3,N=C(NC(=N)NC1CCCC1)Nc1ccc(C(F)(F)F)cc1,YFWSJTMOYUOUCY-UHFFFAOYSA-N,1,train
CCCCCCCCCCNNC(=O)COC,155.5,CCCCCCCCCCNNC(=O)COC,XDRYVFUMEDDDGS-UHFFFAOYSA-N,0,train
CN(C)c1cccc(C(=O)Nc2cccc(N(C)c3ccc4c(/C=C/c5ccc6c(c5)OCO6)n[nH]c4c3)c2)c1,0.1,CN(C)c1cccc(C(=O)Nc2cccc(N(C)c3ccc4c(/C=C/c5ccc6c(c5)OCO6)n[nH]c4c3)c2)c1,RIUCNZWHOSDGLI-GXDHUFHOSA-N,1,train
Nc1ccccc1NC(=O)c1ccc(CNC(=O)c2cc3ccc(OCc4ccc(Br)cc4)cc3oc2=O)cc1,100.0,Nc1ccccc1NC(=O)c1ccc(CNC(=O)c2cc3ccc(OCc4ccc(Br)cc4)cc3oc2=O)cc1,BGUCDTKEXDLWAZ-UHFFFAOYSA-N,0,train
O=C(Nc1ccc2oc(-c3ccccc3Br)nc2c1)c1ccc(Br)c(F)c1,52.28,O=C(Nc1ccc2oc(-c3ccccc3Br)nc2c1)c1ccc(Br)c(F)c1,WTSSSQWMPUWHDZ-UHFFFAOYSA-N,0,train
COc1ccc(OC)c(-n2nncc2CN2C(=O)C3(C(C#N)=C(N)Oc4c(N)cc5nc6ccccc6nc5c43)c3ccccc32)c1,50.0,COc1ccc(OC)c(-n2nncc2CN2C(=O)C3(C(C#N)=C(N)Oc4c(N)cc5nc6ccccc6nc5c43)c3ccccc32)c1,UAIREEPCTLSOIZ-UHFFFAOYSA-N,0,train
COc1cc(-c2ccc3c(-c4ccc5ccccc5c4)n[nH]c3c2)ccc1O,1.0,COc1cc(-c2ccc3c(-c4ccc5ccccc5c4)n[nH]c3c2)ccc1O,WKOKXQBDQCCLIB-UHFFFAOYSA-N,1,train
COc1ccc(-c2cc(-c3ccc(O)cc3)nc(Nc3ccc(NC(=O)CN4CCCC4)cc3)n2)cc1,2.3,COc1ccc(-c2cc(-c3ccc(O)cc3)nc(Nc3ccc(NC(=O)CN4CCCC4)cc3)n2)cc1,WGDJBDCCCFMRNC-UHFFFAOYSA-N,1,train
Cc1nc2ccc(N(C)c3ccnc(Nc4cccc(S(N)(=O)=O)c4)n3)cc2n1C,2.8,Cc1nc2ccc(N(C)c3ccnc(Nc4cccc(S(N)(=O)=O)c4)n3)cc2n1C,BOSPJTDRCVFWMR-UHFFFAOYSA-N,1,train
COc1ccc(CC(=O)Nc2ccc3oc(-c4ccc(Cl)cc4)nc3c2)cc1,5.25,COc1ccc(CC(=O)Nc2ccc3oc(-c4ccc(Cl)cc4)nc3c2)cc1,IXPRRJIADDTLEN-UHFFFAOYSA-N,1,train
Cc1ccc(S(=O)(=O)Nc2cc(Sc3ncnc4nc[nH]c34)c(O)c3ccccc23)cc1,8.72,Cc1ccc(S(=O)(=O)Nc2cc(Sc3ncnc4nc[nH]c34)c(O)c3ccccc23)cc1,SAYUUODHNIFKDW-UHFFFAOYSA-N,1,train
C=CC(=O)Nc1cc(Cn2ncc3ccncc32)ccc1F,54.6,C=CC(=O)Nc1cc(Cn2ncc3ccncc32)ccc1F,UXBXBZKCNJEIRO-UHFFFAOYSA-N,0,train
Cc1ccc(NC(=S)OCCNC(=O)c2cccnc2)cc1,566.7,Cc1ccc(NC(=S)OCCNC(=O)c2cccnc2)cc1,XLFBUMHREIVAMU-UHFFFAOYSA-N,0,train
Cn1ccc2ncnc(Oc3ccc(NC(=O)Nc4cccc(F)c4)cc3)c21,0.29,Cn1ccc2ncnc(Oc3ccc(NC(=O)Nc4cccc(F)c4)cc3)c21,BEOBBIAZYQOZDK-UHFFFAOYSA-N,1,train
CC(C)C[C@H](NC(=O)NCc1cn(-c2ccccc2COC(=O)c2cccc3ccccc23)nn1)C(=O)NO,2000.0,CC(C)C[C@H](NC(=O)NCc1cn(-c2ccccc2COC(=O)c2cccc3ccccc23)nn1)C(=O)NO,AARBAVOFBGGQFJ-DEOSSOPVSA-N,0,train
O=C(O)Cc1ccccc1Nc1c(Cl)cccc1Cl,750.0,O=C(O)Cc1ccccc1Nc1c(Cl)cccc1Cl,DCOPUUMXTXDBNB-UHFFFAOYSA-N,0,train
CC[C@H]1OC(=O)[C@H](C)[C@@H](O)[C@H](C)[C@@H](O[C@@H]2O[C@H](C)C[C@H](N(C)Cc3ccc(-c4cn(CCCCCCC(=O)NO)nn4)cc3)[C@H]2O)[C@](C)(OC)C[C@@H](C)C(=O)[C@H](C)[C@@H](O)[C@]1(C)O,10.0,CC[C@H]1OC(=O)[C@H](C)[C@@H](O)[C@H](C)[C@@H](O[C@@H]2O[C@H](C)C[C@H](N(C)Cc3ccc(-c4cn(CCCCCCC(=O)NO)nn4)cc3)[C@H]2O)[C@](C)(OC)C[C@@H](C)C(=O)[C@H](C)[C@@H](O)[C@]1(C)O,OBRCETUNWRJYOJ-RNYCIUTISA-N,1,train
CCOc1ccccc1NC(C)=C1C(=O)CC(c2ccccc2)CC1=O,0.1,CCOc1ccccc1NC(C)=C1C(=O)CC(c2ccccc2)CC1=O,LTKKQVKVNOPILU-UHFFFAOYSA-N,1,train
NC(=O)c1cc2c(Oc3ccc(Cl)cc3)cncc2s1,55.0,NC(=O)c1cc2c(Oc3ccc(Cl)cc3)cncc2s1,ONVYPVVYNXLFQK-UHFFFAOYSA-N,0,train
Cc1ccc2c(=O)c3cccc(CC(=O)Nc4ccc(Cl)c(Cl)c4)c3oc2c1C,6.4,Cc1ccc2c(=O)c3cccc(CC(=O)Nc4ccc(Cl)c(Cl)c4)c3oc2c1C,JBSBNSMMXYVTSF-UHFFFAOYSA-N,1,train
COc1ccc(C(=O)C(=O)c2cc(OC)c(OC)c(OC)c2)cc1N,0.04,COc1ccc(C(=O)C(=O)c2cc(OC)c(OC)c(OC)c2)cc1N,MCQVUBQLZPGBBX-UHFFFAOYSA-N,1,train
Cc1ccc(Oc2ccc3nc(NC(=O)C4CC4)nn3c2)cc1NC(=O)C1CCC1,0.088,Cc1ccc(Oc2ccc3nc(NC(=O)C4CC4)nn3c2)cc1NC(=O)C1CCC1,CFOFCUAQALFPIW-UHFFFAOYSA-N,1,train
O=C(NCc1cc(F)cc(Cl)c1)[C@@]1(O)CCN(c2cnc3[nH]ccc3c2)C1=O,0.018,O=C(NCc1cc(F)cc(Cl)c1)[C@@]1(O)CCN(c2cnc3[nH]ccc3c2)C1=O,FCQXUOXAHALHCG-IBGZPJMESA-N,1,train
COc1ccc(-c2cc(-c3ccc(O)cc3)nc(Nc3ccc(OCCN(C)C)cc3)n2)cc1,4.7,COc1ccc(-c2cc(-c3ccc(O)cc3)nc(Nc3ccc(OCCN(C)C)cc3)n2)cc1,GORMOFUHFOEUCS-UHFFFAOYSA-N,1,train
Cc1cc(C)cc(NC(=O)c2cccnc2SCc2ccnc(NC(=O)CN)c2)c1,0.048,Cc1cc(C)cc(NC(=O)c2cccnc2SCc2ccnc(NC(=O)CN)c2)c1,SIDPLRKTLMLJQZ-UHFFFAOYSA-N,1,train
CN1CCN(CCOc2cc(OC3CCOCC3)c3c(Nc4c(Cl)ccc5c4OCO5)ncnc3c2)CC1,5.0,CN1CCN(CCOc2cc(OC3CCOCC3)c3c(Nc4c(Cl)ccc5c4OCO5)ncnc3c2)CC1,OUKYUETWWIPKQR-UHFFFAOYSA-N,1,train
CO[C@H]1[C@@H]([C@@]2(C)O[C@@H]2CC=C(C)C)[C@]2(CC[C@H]1OC(=O)NCCC[N+](C)(C)C)CO2.[I-],0.1,CO[C@H]1[C@@H]([C@@]2(C)O[C@@H]2CC=C(C)C)[C@]2(CC[C@H]1OC(=O)NCCC[N+](C)(C)C)CO2,YSXQGIUWVWIQSE-NFOZHWPDSA-O,1,train
O=C(NC(=S)Nc1cccc(-c2nc3ccccc3[nH]2)c1)c1ccccc1,10.0,O=C(NC(=S)Nc1cccc(-c2nc3ccccc3[nH]2)c1)c1ccccc1,KNBWSYZJPCTFGB-UHFFFAOYSA-N,1,train
Cn1ncc2c(Oc3ccc4c(c3)nc(Nc3ccc(C#N)cc3)n4C)ncnc21,62.7,Cn1ncc2c(Oc3ccc4c(c3)nc(Nc3ccc(C#N)cc3)n4C)ncnc21,UHPKNUYQOFFHQX-UHFFFAOYSA-N,0,train
Cc1ccc2nc(Cl)c(/C=N/n3cc(-c4ccc(Br)cc4)nc3N)cc2c1,13.42,Cc1ccc2nc(Cl)c(/C=N/n3cc(-c4ccc(Br)cc4)nc3N)cc2c1,ZVZZSICWACMZSH-YSURURNPSA-N,0,train
CCOP(=O)(OCC)C(NC(=O)[C@]12CC[C@@H](C)[C@H](C)[C@H]1C1=CC[C@@H]3[C@@]4(C)C[C@@H](OC(C)=O)[C@H](OC(C)=O)[C@@](C)(COC(C)=O)[C@@H]4CC[C@@]3(C)[C@]1(C)CC2)c1ccc(Cl)cc1,100.0,CCOP(=O)(OCC)C(NC(=O)[C@]12CC[C@@H](C)[C@H](C)[C@H]1C1=CC[C@@H]3[C@@]4(C)C[C@@H](OC(C)=O)[C@H](OC(C)=O)[C@@](C)(COC(C)=O)[C@@H]4CC[C@@]3(C)[C@]1(C)CC2)c1ccc(Cl)cc1,YSGLNDKXQHSHJF-VBUYKGAOSA-N,0,train
CC(=O)Nc1nc2c(s1)CCCC2,10.0,CC(=O)Nc1nc2c(s1)CCCC2,GHHGPCCCMHZHTL-UHFFFAOYSA-N,1,train
COc1cc2c(cc1O)C[C@]21COc2cc(O)cc(O)c2C1=O,100.0,COc1cc2c(cc1O)C[C@]21COc2cc(O)cc(O)c2C1=O,CIUPXTYTXDYKRQ-KRWDZBQOSA-N,0,train
Nc1c(-c2nc3cc(N4CCOCC4)ccc3[nH]2)c(O)nc2ccncc12,0.768,Nc1c(-c2nc3cc(N4CCOCC4)ccc3[nH]2)c(O)nc2ccncc12,QXCNZYXAYYZRIY-UHFFFAOYSA-N,1,train
CCOC(=O)/C=C1/C(=O)Nc2ccc(Br)cc21,100.0,CCOC(=O)/C=C1/C(=O)Nc2ccc(Br)cc21,AJEDMQSDWJQCSG-RMKNXTFCSA-N,0,train
NC(=O)C1CCCc2c1[nH]c1ccc(Cl)cc21,15.0,NC(=O)C1CCCc2c1[nH]c1ccc(Cl)cc21,FUZYTVDVLBBXDL-UHFFFAOYSA-N,0,train
C[C@H]1[C@H](Oc2ccccc2)O[C@@H]2O[C@]3(C)CC[C@H]4[C@H](C)CC[C@@H]1[C@@]24OO3,31.03,C[C@H]1[C@H](Oc2ccccc2)O[C@@H]2O[C@]3(C)CC[C@H]4[C@H](C)CC[C@@H]1[C@@]24OO3,SHZUNUYDQNHQJR-BLWYLUKMSA-N,0,train
CN(c1ccc(NC(=O)N2CCN(CCCN3CCOCC3)CC2)cc1)c1ccnc(Nc2ccc(CS(C)(=O)=O)cc2)n1,0.85,CN(c1ccc(NC(=O)N2CCN(CCCN3CCOCC3)CC2)cc1)c1ccnc(Nc2ccc(CS(C)(=O)=O)cc2)n1,LXRPUDXQPODNSL-UHFFFAOYSA-N,1,train
OC(Cn1cncn1)(Cn1cncn1)c1ccc(F)cc1F,40.0,OC(Cn1cncn1)(Cn1cncn1)c1ccc(F)cc1F,RFHAOTPXVQNOHP-UHFFFAOYSA-N,0,train
COc1cccc(-c2coc3c4c(ccc3c2=O)OC(C)(C)C=C4)c1,10.0,COc1cccc(-c2coc3c4c(ccc3c2=O)OC(C)(C)C=C4)c1,KLYQBHWGIIEHEY-UHFFFAOYSA-N,1,train
COc1ccc2c(c1)[C@]1(C[C@H]1c1ccc3c(/C=C/c4ccc(CN(C)C)cc4)n[nH]c3c1)C(=O)N2,41.0,COc1ccc2c(c1)[C@]1(C[C@H]1c1ccc3c(/C=C/c4ccc(CN(C)C)cc4)n[nH]c3c1)C(=O)N2,DKVKUPRCFKTRIY-IRIFPNPLSA-N,0,train
CN(c1ccccc1)c1ncc2c(n1)-c1cccnc1SC2,16.0,CN(c1ccccc1)c1ncc2c(n1)-c1cccnc1SC2,MOYGYSGORIZBOZ-UHFFFAOYSA-N,0,train
C[C@]12CC[C@@H]3c4cc(C(F)(F)C(F)(F)F)c(O)cc4CC[C@H]3[C@@H]1CC[C@@H]2O,25.04,C[C@]12CC[C@@H]3c4cc(C(F)(F)C(F)(F)F)c(O)cc4CC[C@H]3[C@@H]1CC[C@@H]2O,QWZICKHUNFYTFN-XSSYPUMDSA-N,0,train
COc1cc2c(cc1OC)CN(CCc1ccc(NC(=O)c3cc(OC)c(OC)cc3NC(=O)c3cnc4ccccc4c3)cc1)CC2,40.26,COc1cc2c(cc1OC)CN(CCc1ccc(NC(=O)c3cc(OC)c(OC)cc3NC(=O)c3cnc4ccccc4c3)cc1)CC2,LGGHDPFKSSRQNS-UHFFFAOYSA-N,0,train
CC(C)CCC[C@@H](C)[C@H]1CC[C@H]2[C@@H]3CC[C@H]4C[C@@H](OCc5cn(CCCO[C@H]6O[C@H](COS(=O)(=O)[O-])[C@@H](OS(=O)(=O)[O-])[C@H](OS(=O)(=O)[O-])[C@@H]6O[C@H]6O[C@H](COS(=O)(=O)[O-])[C@@H](OS(=O)(=O)[O-])[C@H](O[C@H]7O[C@H](COS(=O)(=O)[O-])[C@@H](OS(=O)(=O)[O-])[C@H](OS(=O)(=O)[O-])[C@@H]7OS(=O)(=O)[O-])[C@@H]6OS(=O)(=O)[O-])nn5)CC[C@]4(C)[C@H]3CC[C@]12C.[Na+].[Na+].[Na+].[Na+].[Na+].[Na+].[Na+].[Na+].[Na+].[Na+],1.7,CC(C)CCC[C@@H](C)[C@H]1CC[C@H]2[C@@H]3CC[C@H]4C[C@@H](OCc5cn(CCCO[C@H]6O[C@H](COS(=O)(=O)O)[C@@H](OS(=O)(=O)O)[C@H](OS(=O)(=O)O)[C@@H]6O[C@H]6O[C@H](COS(=O)(=O)O)[C@@H](OS(=O)(=O)O)[C@H](O[C@H]7O[C@H](COS(=O)(=O)O)[C@@H](OS(=O)(=O)O)[C@H](OS(=O)(=O)O)[C@@H]7OS(=O)(=O)O)[C@@H]6OS(=O)(=O)O)nn5)CC[C@]4(C)[C@H]3CC[C@]12C,MTFFLFAICAKCHG-LCYMCARRSA-N,1,train
NCCCCCNc1nc(Nc2ccc(CN3CCOCC3)cc2)c2ncn(C3CCCC3)c2n1,14.165,NCCCCCNc1nc(Nc2ccc(CN3CCOCC3)cc2)c2ncn(C3CCCC3)c2n1,UDOUBBQTHDACPD-UHFFFAOYSA-N,0,train
OCCN1CCN(CCCN2c3ccccc3Sc3ccc(C(F)(F)F)cc32)CC1,38.01,OCCN1CCN(CCCN2c3ccccc3Sc3ccc(C(F)(F)F)cc32)CC1,PLDUPXSUYLZYBN-UHFFFAOYSA-N,0,train
COc1cc2ccc(C)nc2c2c1-c1cc(C)ccc1S(=O)(=O)N2,0.9,COc1cc2ccc(C)nc2c2c1-c1cc(C)ccc1S(=O)(=O)N2,UXHUBTDSTIIYHF-UHFFFAOYSA-N,1,train
O=C(O)c1c(NS(=O)(=O)c2ccccc2)ccc2c1CCCC2,0.4,O=C(O)c1c(NS(=O)(=O)c2ccccc2)ccc2c1CCCC2,RRXVUYHFDBLTEL-UHFFFAOYSA-N,1,train
OC[C@@H]1[C@@H](O)[C@H](O)[C@@H](O)CN1CCCCCCCCOc1cccc(-c2cnn[nH]2)c1,2.0,OC[C@@H]1[C@@H](O)[C@H](O)[C@@H](O)CN1CCCCCCCCOc1cccc(-c2cnn[nH]2)c1,MVQWHGULSMYMBF-CIAFKFPVSA-N,1,train
CC(=O)O[C@]12CCC(C(=O)OCc3ccco3)=CC[C@]13CC[C@H]2[C@@](C)(/C=C/C=C(\C)C(=O)O)OC3=O,0.562,CC(=O)O[C@]12CCC(C(=O)OCc3ccco3)=CC[C@]13CC[C@H]2[C@@](C)(/C=C/C=C(\C)C(=O)O)OC3=O,OVHYDLMQNZHEKK-KZUKXGLASA-N,1,train
COc1ccc(CC(=O)Nc2ccc3oc(-c4ccc(C)cc4)nc3c2)cc1,57.48,COc1ccc(CC(=O)Nc2ccc3oc(-c4ccc(C)cc4)nc3c2)cc1,QAMLKTXZMFYSTG-UHFFFAOYSA-N,0,train
Cc1ccc(C2C(C#N)=C(N)Oc3c2cc(Cl)c2cccnc32)cc1,10.0,Cc1ccc(C2C(C#N)=C(N)Oc3c2cc(Cl)c2cccnc32)cc1,HHTUKDCEUCIRTO-UHFFFAOYSA-N,1,train
Nc1nc(NCc2ccc(C(=O)Nc3ccccc3N)cc2)nc(NC2Cc3ccccc3C2)n1,8.0,Nc1nc(NCc2ccc(C(=O)Nc3ccccc3N)cc2)nc(NC2Cc3ccccc3C2)n1,WEGZAQQQNAZHTD-UHFFFAOYSA-N,1,train
C=CC(=O)Nc1cc(Cn2cnc3cnc(Cl)nc32)ccc1F,57.14,C=CC(=O)Nc1cc(Cn2cnc3cnc(Cl)nc32)ccc1F,XAXUOYUSJIUJHO-UHFFFAOYSA-N,0,train
O=C(CC(Nc1ccc(Oc2cc(NC(=O)N3CCCC3)ncn2)c(F)c1)C(F)(F)F)Nc1ccccc1,0.006,O=C(CC(Nc1ccc(Oc2cc(NC(=O)N3CCCC3)ncn2)c(F)c1)C(F)(F)F)Nc1ccccc1,YKCBBFUAFHUPJE-UHFFFAOYSA-N,1,train
COc1cc2c(cc1O)CC[C@@H]1[C@@H]2CC[C@@]2(C)[C@H]1CC[C@@]2(O)C(F)(F)F,40.04,COc1cc2c(cc1O)CC[C@@H]1[C@@H]2CC[C@@]2(C)[C@H]1CC[C@@]2(O)C(F)(F)F,REYSHDZRXRFIEZ-SSTWWWIQSA-N,0,train
O=C1Nc2ccccc2/C1=C/c1ccc(-c2cn(-c3cccc(F)c3)nn2)cc1,20.0,O=C1Nc2ccccc2/C1=C/c1ccc(-c2cn(-c3cccc(F)c3)nn2)cc1,GOWMYGJCJNRXNP-NDENLUEZSA-N,0,train
C=CC/C=C/N(C)C(=O)CCCCCCCC/C=C/[C@H](CSSC[C@@H](/C=C/CCCCCCCCC(=O)N(C)/C=C/CC=C)NC(C)=O)NC(C)=O,5e-07,C=CC/C=C/N(C)C(=O)CCCCCCCC/C=C/[C@H](CSSC[C@@H](/C=C/CCCCCCCCC(=O)N(C)/C=C/CC=C)NC(C)=O)NC(C)=O,UJORQZOJHPJQER-OVAGAFHPSA-N,1,train
O=C(Nc1cccc2cccnc12)c1cc(Br)cnc1O,0.0129,O=C(Nc1cccc2cccnc12)c1cc(Br)cnc1O,APBABYLCAJJYMV-UHFFFAOYSA-N,1,train
CC(C)=CCCC1(C)C=Cc2c(O)cc(O)c(C(=O)C(C)C)c2O1,24.4,CC(C)=CCCC1(C)C=Cc2c(O)cc(O)c(C(=O)C(C)C)c2O1,OLYZNXMROGZGDE-UHFFFAOYSA-N,0,train
COc1ncc(-c2ccc3ncc(-c4cn(CCN5CCOCC5)nn4)n3n2)cc1NS(=O)(=O)c1ccc(F)cc1F,16.2,COc1ncc(-c2ccc3ncc(-c4cn(CCN5CCOCC5)nn4)n3n2)cc1NS(=O)(=O)c1ccc(F)cc1F,BEBVXWFAVFYMJC-UHFFFAOYSA-N,0,train
Cc1c(O)c(C)c2c(c1O)C(=O)CC(c1ccccc1Cl)O2,20.0,Cc1c(O)c(C)c2c(c1O)C(=O)CC(c1ccccc1Cl)O2,HDEQVSWUDHGTIB-UHFFFAOYSA-N,0,train
COc1cc([C@@H]2c3cc4c(cc3[C@H](OC(=O)CNC(=O)OC(C)(C)C)[C@H]3COC(=O)[C@H]23)OCO4)cc(OC)c1OC,0.7681,COc1cc([C@@H]2c3cc4c(cc3[C@H](OC(=O)CNC(=O)OC(C)(C)C)[C@H]3COC(=O)[C@H]23)OCO4)cc(OC)c1OC,KKEHVLQBJGUKRD-VUHWMDJISA-N,1,train
Cc1cc(=O)oc2cc(Sc3cccc(Cl)n3)ccc12,5.89,Cc1cc(=O)oc2cc(Sc3cccc(Cl)n3)ccc12,VSTDCXDXWYRRNE-UHFFFAOYSA-N,1,train
COc1c(O)cc(O)c2c1OC/C(=C\c1ccc(O)cc1)C2=O,100.0,COc1c(O)cc(O)c2c1OC/C(=C\c1ccc(O)cc1)C2=O,XUSPHMFWFNGRPP-UXBLZVDNSA-N,0,train
CN1CCC(Cc2cccc(CNC3(c4ccccc4F)CCCC3)c2)CC1,100.0,CN1CCC(Cc2cccc(CNC3(c4ccccc4F)CCCC3)c2)CC1,RNRQDUYTAFOBNM-UHFFFAOYSA-N,0,train
CNC(=O)c1ccc(Nc2ncc(C(F)(F)F)c(Nc3ccc(F)cc3)n2)cc1,1.32,CNC(=O)c1ccc(Nc2ncc(C(F)(F)F)c(Nc3ccc(F)cc3)n2)cc1,IXLHQWUQADBECR-UHFFFAOYSA-N,1,train
CN1CCN(Cc2cc(Nc3nc4cc(Oc5ccnc6[nH]ccc56)ccc4o3)ccc2Cl)CC1,0.052,CN1CCN(Cc2cc(Nc3nc4cc(Oc5ccnc6[nH]ccc56)ccc4o3)ccc2Cl)CC1,YCFIPAIIPRUSQE-UHFFFAOYSA-N,1,train
COc1ccc(-c2cnnn2-c2cc(I)c(OC)c(I)c2)c(O)c1O,0.0043,COc1ccc(-c2cnnn2-c2cc(I)c(OC)c(I)c2)c(O)c1O,DTPHVZUWZXUHDZ-UHFFFAOYSA-N,1,train
COc1cc2c(Nc3ccc(Cl)cc3F)ncnc2cc1OCC1CCN(C)CC1.Cl,5.0,COc1cc2c(Nc3ccc(Cl)cc3F)ncnc2cc1OCC1CCN(C)CC1,KNAJKXGUAHBQTI-UHFFFAOYSA-N,1,train
C[C@@H]1[C@@H]2CC[C@@H](C)[C@@H]3CC[C@]4(C)OO[C@@]23[C@H](O[C@@H]1S(=O)(=O)c1ccccc1)O4,18.21,C[C@@H]1[C@@H]2CC[C@@H](C)[C@@H]3CC[C@]4(C)OO[C@@]23[C@H](O[C@@H]1S(=O)(=O)c1ccccc1)O4,RVHHVKGXJYWAFY-BLWYLUKMSA-N,0,train
CCOC(=O)C1C(c2cccc(C)c2)N(c2ccccc2)OC12C(=O)Nc1ccccc12,57.0,CCOC(=O)C1C(c2cccc(C)c2)N(c2ccccc2)OC12C(=O)Nc1ccccc12,VOXWBQBKTSJFJW-UHFFFAOYSA-N,0,train
COC(=O)C1=CC[C@@]23CC[C@@H]([C@@](C)(/C=C/C=C(\C)C(=O)Nc4ccccc4)OC2=O)[C@@]3(OC(C)=O)CC1,5.0,COC(=O)C1=CC[C@@]23CC[C@@H]([C@@](C)(/C=C/C=C(\C)C(=O)Nc4ccccc4)OC2=O)[C@@]3(OC(C)=O)CC1,DDCALZNRUXMYCG-WXQZTUQOSA-N,1,train
Cc1ccc2nc(Cl)c(/C=N/n3cc(-c4ccc5ccccc5c4)nc3N)cc2c1,11.35,Cc1ccc2nc(Cl)c(/C=N/n3cc(-c4ccc5ccccc5c4)nc3N)cc2c1,GWZBUJUWECJPBO-UVHMKAGCSA-N,0,train
Clc1ccc2c(NCCC34CCCN3CCC4)ccnc2c1,60.0,Clc1ccc2c(NCCC34CCCN3CCC4)ccnc2c1,KKUKJZXGJSFJLI-UHFFFAOYSA-N,0,train
Cc1ccc(NC(=O)Cn2cc(-c3ccc4c(NC(=O)c5ccc(NC(=O)CCCCC(=O)N[C@H](C(=O)N6C[C@H](O)C[C@H]6C(=O)NCc6ccc(-c7scnc7C)cc6)C(C)(C)C)cc5)n[nH]c4c3)cn2)cc1C(F)(F)F,13.04,Cc1ccc(NC(=O)Cn2cc(-c3ccc4c(NC(=O)c5ccc(NC(=O)CCCCC(=O)N[C@H](C(=O)N6C[C@H](O)C[C@H]6C(=O)NCc6ccc(-c7scnc7C)cc6)C(C)(C)C)cc5)n[nH]c4c3)cn2)cc1C(F)(F)F,XYPXCLNICDKSPC-VINRIKPSSA-N,0,train
CCn1c(=O)c(C(=O)Nc2nnc(-c3nccs3)s2)c(O)c2ccccc21,38.8,CCn1c(=O)c(C(=O)Nc2nnc(-c3nccs3)s2)c(O)c2ccccc21,GRHWASHECCCIDY-UHFFFAOYSA-N,0,train
O=C(COc1ccc(-c2cccc(Cl)c2)cc1)N[C@@H](Cc1ccc(OCc2ccccc2)cc1)C(=O)O,30.0,O=C(COc1ccc(-c2cccc(Cl)c2)cc1)N[C@@H](Cc1ccc(OCc2ccccc2)cc1)C(=O)O,PGLQPMIYELXADW-NDEPHWFRSA-N,0,train
C=CC(=O)Nc1ccc(C(=O)Nc2ccc(-c3cc(C)nc4noc(N)c34)cc2)cc1F,10.0,C=CC(=O)Nc1ccc(C(=O)Nc2ccc(-c3cc(C)nc4noc(N)c34)cc2)cc1F,UZJLEWIHZPKJQB-UHFFFAOYSA-N,1,train
COc1cc2sc(-c3c(N)n[nH]c3NCCN(C)C)nc2cc1F,25.0,COc1cc2sc(-c3c(N)n[nH]c3NCCN(C)C)nc2cc1F,KIKWARFEWVGGRP-UHFFFAOYSA-N,0,train
Cc1cnc(Nc2cnn(C(F)F)c2)nc1N1CCC2(CCNC2=O)CC1,76.7,Cc1cnc(Nc2cnn(C(F)F)c2)nc1N1CCC2(CCNC2=O)CC1,ROOUYRXCMOACDH-UHFFFAOYSA-N,0,train
CC[C@@H]1C(=O)N(C)c2cnc(Nc3ccc(C(=O)NC4CCN(C)CC4)cc3OC)nc2N1C1CCCC1,0.012,CC[C@@H]1C(=O)N(C)c2cnc(Nc3ccc(C(=O)NC4CCN(C)CC4)cc3OC)nc2N1C1CCCC1,XQVVPGYIWAGRNI-JOCHJYFZSA-N,1,train
Cc1cc(C)c(-n2ccn3nc(-c4cccnc4)cc23)cc1NC(=O)c1cc(C#N)cc(S(F)(F)(F)(F)F)c1,0.0013,Cc1cc(C)c(-n2ccn3nc(-c4cccnc4)cc23)cc1NC(=O)c1cc(C#N)cc(S(F)(F)(F)(F)F)c1,MPASHPJAIUOWCK-UHFFFAOYSA-N,1,train
CCC(C)n1ncn(-c2ccc(N3CCN(c4ccc(OC[C@@H]5CO[C@@](CN6CCOCC6)(c6ccc(Cl)cc6Cl)O5)cc4)CC3)cc2)c1=O,1.175,CCC(C)n1ncn(-c2ccc(N3CCN(c4ccc(OC[C@@H]5CO[C@@](CN6CCOCC6)(c6ccc(Cl)cc6Cl)O5)cc4)CC3)cc2)c1=O,JTATYHLMKARZCD-SSSJYEIPSA-N,1,train
Cc1c(COc2ccnc(OCC3CCOCC3)c2)[nH]c2ccccc2c1=O,0.043,Cc1c(COc2ccnc(OCC3CCOCC3)c2)[nH]c2ccccc2c1=O,NRXDJWMETNAQNZ-UHFFFAOYSA-N,1,train
O=C(Nc1ccc(-c2ccnc3[nH]ccc23)cc1)Nc1cccc(C(=O)O)c1,50.0,O=C(Nc1ccc(-c2ccnc3[nH]ccc23)cc1)Nc1cccc(C(=O)O)c1,BBYQSGZAYOMLQC-UHFFFAOYSA-N,0,train
O=C(Nc1cccc(F)c1)Nc1nnc(Sc2ncnc3scc(-c4ccncc4)c23)s1,13.7,O=C(Nc1cccc(F)c1)Nc1nnc(Sc2ncnc3scc(-c4ccncc4)c23)s1,OISJYPYEHBDXFH-UHFFFAOYSA-N,0,train
COc1cc(NC(=O)[C@@H](O)[C@H](N)CC2CCCCC2)ccc1NC(=O)/C=C/c1cc(OC)c(OC)c(OC)c1,1.2,COc1cc(NC(=O)[C@@H](O)[C@H](N)CC2CCCCC2)ccc1NC(=O)/C=C/c1cc(OC)c(OC)c(OC)c1,FNHPBOZFIYSQSQ-PZWZVMLOSA-N,1,train
CN(C)CCN1C(=O)c2cccc3cc(N)cc(c23)C1=O,21.91,CN(C)CCN1C(=O)c2cccc3cc(N)cc(c23)C1=O,UPALIKSFLSVKIS-UHFFFAOYSA-N,0,train
CCc1ccc2nc(C(c3ccc(OC)c(OC)c3)n3cc(CCN(C)C)nn3)sc2c1,8.27,CCc1ccc2nc(C(c3ccc(OC)c(OC)c3)n3cc(CCN(C)C)nn3)sc2c1,XSAQBHHMUKPDSI-UHFFFAOYSA-N,1,train
CCCOc1ccc2cc(C(=O)NCc3ccc(C(=O)Nc4ccccc4N)cc3)c(=O)oc2c1,100.0,CCCOc1ccc2cc(C(=O)NCc3ccc(C(=O)Nc4ccccc4N)cc3)c(=O)oc2c1,YQIUEFYLVYXQBT-UHFFFAOYSA-N,0,train
Nc1nc(O)c(N)c(O)n1,27.28,Nc1nc(O)c(N)c(O)n1,HWSJQFCTYLBBOF-UHFFFAOYSA-N,0,train
O=C(Nc1cccc(Nc2ccc([N+](=O)[O-])c3ncnc(O)c23)c1)c1ccccc1F,70.4,O=C(Nc1cccc(Nc2ccc([N+](=O)[O-])c3ncnc(O)c23)c1)c1ccccc1F,KXHWTFUTLQWKBZ-UHFFFAOYSA-N,0,train
O=C(NCCCOC(=O)c1cc(O)c(O)c(O)c1)c1cc(O)c(O)c(O)c1,59.0,O=C(NCCCOC(=O)c1cc(O)c(O)c(O)c1)c1cc(O)c(O)c(O)c1,BXJHEIRVCXNOCS-UHFFFAOYSA-N,0,train
Cc1ncsc1-c1ccc([C@H](C)NC(=O)[C@@H]2C[C@@H](O)CN2C(=O)[C@@H](NC(=O)CCCCCCCCNC(=O)c2ccc(C(=O)N3CCC(CCCCNC(=O)/C=C/c4cccnc4)CC3)cc2)C(C)(C)C)cc1,0.0009,Cc1ncsc1-c1ccc([C@H](C)NC(=O)[C@@H]2C[C@@H](O)CN2C(=O)[C@@H](NC(=O)CCCCCCCCNC(=O)c2ccc(C(=O)N3CCC(CCCCNC(=O)/C=C/c4cccnc4)CC3)cc2)C(C)(C)C)cc1,GKTBNRIAPSRNLT-INIVRFOBSA-N,1,train
COc1ccc(/C=C\c2cc(OC)c(OC)c(OC)c2)cc1OC(=O)c1cccc(Cn2cc(CCOC(=O)CCC(=O)n3cc(C4CC(=O)NC4=O)c4cc(F)ccc43)nn2)c1,4.49,COc1ccc(/C=C\c2cc(OC)c(OC)c(OC)c2)cc1OC(=O)c1cccc(Cn2cc(CCOC(=O)CCC(=O)n3cc(C4CC(=O)NC4=O)c4cc(F)ccc43)nn2)c1,YZPUXNNDKNXTNR-HJWRWDBZSA-N,1,train
Cc1[nH]nc(N)c1-c1nc2ccc(Cl)cc2s1,7.3,Cc1[nH]nc(N)c1-c1nc2ccc(Cl)cc2s1,WRIQXYKFINZWKB-UHFFFAOYSA-N,1,train
CCC(=O)N1CCC(NC(=O)Nc2ccc(OC(F)(F)F)cc2)CC1,25.0,CCC(=O)N1CCC(NC(=O)Nc2ccc(OC(F)(F)F)cc2)CC1,AAJMQTLFRTZCJK-UHFFFAOYSA-N,0,train
O=C(CNC(=O)c1cccc(C(F)(F)F)c1)N[C@@H]1CCN(CCN2CCN(C(=O)c3cc(F)ccc3F)CC2)C1,10.0,O=C(CNC(=O)c1cccc(C(F)(F)F)c1)N[C@@H]1CCN(CCN2CCN(C(=O)c3cc(F)ccc3F)CC2)C1,QIBDSCJTWMYQTC-OAQYLSRUSA-N,1,train
COc1cc2c(cc1C(=O)N(C)C)CC[C@@H]1[C@@H]2CC[C@]2(C)[C@@H](O)CC[C@@H]12,10.0,COc1cc2c(cc1C(=O)N(C)C)CC[C@@H]1[C@@H]2CC[C@]2(C)[C@@H](O)CC[C@@H]12,VZEHKFHDPBRSIQ-MHWOKQQKSA-N,1,train
COc1ccc2cc3[n+](cc2c1OC)CCc1cc2c(cc1-3)OCO2,18.34,COc1ccc2cc3[n+](cc2c1OC)CCc1cc2c(cc1-3)OCO2,YBHILYKTIRIUTE-UHFFFAOYSA-N,0,train
Cc1ccc(C(=O)Nc2ccc(Nc3ccc([N+](=O)[O-])c4ncnc(O)c34)cc2)cc1,14.3,Cc1ccc(C(=O)Nc2ccc(Nc3ccc([N+](=O)[O-])c4ncnc(O)c34)cc2)cc1,LGXMGCWAZJSPGC-UHFFFAOYSA-N,0,train
CCCCCCCCCCCCCCCCCC(=O)NCCCO[C@@H]1O[C@H](COS(=O)(=O)[O-])[C@@H](O[C@H]2O[C@H](COS(=O)(=O)[O-])[C@@H](O[C@H]3O[C@H](COS(=O)(=O)[O-])[C@@H](O[C@H]4O[C@H](COS(=O)(=O)[O-])[C@@H](OS(=O)(=O)[O-])[C@H](OS(=O)(=O)[O-])[C@H]4OS(=O)(=O)[O-])[C@H](OS(=O)(=O)[O-])[C@H]3OS(=O)(=O)[O-])[C@H](OS(=O)(=O)[O-])[C@H]2OS(=O)(=O)[O-])[C@H](OS(=O)(=O)[O-])[C@H]1OS(=O)(=O)[O-].[Na+].[Na+].[Na+].[Na+].[Na+].[Na+].[Na+].[Na+].[Na+].[Na+].[Na+].[Na+].[Na+],0.24,CCCCCCCCCCCCCCCCCC(=O)NCCCO[C@@H]1O[C@H](COS(=O)(=O)O)[C@@H](O[C@H]2O[C@H](COS(=O)(=O)O)[C@@H](O[C@H]3O[C@H](COS(=O)(=O)O)[C@@H](O[C@H]4O[C@H](COS(=O)(=O)O)[C@@H](OS(=O)(=O)O)[C@H](OS(=O)(=O)O)[C@H]4OS(=O)(=O)O)[C@H](OS(=O)(=O)O)[C@H]3OS(=O)(=O)O)[C@H](OS(=O)(=O)O)[C@H]2OS(=O)(=O)O)[C@H](OS(=O)(=O)O)[C@H]1OS(=O)(=O)O,CVHJGGCCDHKCBI-RCXCQINBSA-N,1,train
COc1ccc(/C=C/C(=O)c2cc(OC)c(OC)c(OC)c2)cc1OC(=O)c1cccc(Cn2cc(CCOC(=O)[C@H](N)Cc3cn(C)c4ccccc34)nn2)c1,3.73,COc1ccc(/C=C/C(=O)c2cc(OC)c(OC)c(OC)c2)cc1OC(=O)c1cccc(Cn2cc(CCOC(=O)[C@H](N)Cc3cn(C)c4ccccc34)nn2)c1,AKTZIPWBEWXUJW-SOSJIZJXSA-N,1,train
Cc1nnc2n1-c1ccc(Cl)cc1C(c1ccccc1Cl)=N[C@H]2CC(=O)NCc1ccc(C(=O)NO)cc1,3.4,Cc1nnc2n1-c1ccc(Cl)cc1C(c1ccccc1Cl)=N[C@H]2CC(=O)NCc1ccc(C(=O)NO)cc1,CBJQUDMIVACPSG-QFIPXVFZSA-N,1,train
CCOP(=O)(OCC)c1c(-c2ccc(Cl)cc2)oc2c1C(=O)c1ncccc1C2=O,0.27,CCOP(=O)(OCC)c1c(-c2ccc(Cl)cc2)oc2c1C(=O)c1ncccc1C2=O,VTWCBLRBSFLBCH-UHFFFAOYSA-N,1,train
CCOc1ccc(C(=O)NC(=S)Nc2cc(-c3nc4ccccc4[nH]3)ccc2C)cc1OCC,6.0,CCOc1ccc(C(=O)NC(=S)Nc2cc(-c3nc4ccccc4[nH]3)ccc2C)cc1OCC,FRYUHZQZJUWGOK-UHFFFAOYSA-N,1,train
Cn1ccc2ncnc(Oc3ccc(NC(=O)Nc4ccccc4Cl)cc3)c21,2.7,Cn1ccc2ncnc(Oc3ccc(NC(=O)Nc4ccccc4Cl)cc3)c21,ODGZHMOUXDPUMF-UHFFFAOYSA-N,1,train
Nc1ccccc1NC(=O)c1ccc(CNc2nccc(-c3ccc(N4CCOCC4)nc3)n2)cc1,5.0,Nc1ccccc1NC(=O)c1ccc(CNc2nccc(-c3ccc(N4CCOCC4)nc3)n2)cc1,CDPNFGOHRPBODK-UHFFFAOYSA-N,1,train
CC1CCN(CCCN2/C(=C/c3cc(/C=C/c4c[nH]c5ccccc45)[n+](C)c4ccccc34)Sc3ccccc32)CC1.[I-],6.0,CC1CCN(CCCN2/C(=C/c3cc(/C=C/c4c[nH]c5ccccc45)[n+](C)c4ccccc34)Sc3ccccc32)CC1,YTUSRSZRIBZGBY-QEOQBAOWSA-O,1,train
O=C1c2cc(O)ccc2-c2c1c1ccc(O)cc1c(=O)n2-c1ccc(OCCN2CCOCC2)cc1,100.0,O=C1c2cc(O)ccc2-c2c1c1ccc(O)cc1c(=O)n2-c1ccc(OCCN2CCOCC2)cc1,FFKCPZASRSCING-UHFFFAOYSA-N,0,train
CCN1CCN(C(=O)c2c(C)[nH]c(/C=C3\C(=O)N(CCCN(C)C)c4ccc(F)cc43)c2C)CC1.Cl.Cl,1.58,CCN1CCN(C(=O)c2c(C)[nH]c(/C=C3\C(=O)N(CCCN(C)C)c4ccc(F)cc43)c2C)CC1,FAFZUSRTDZMONX-XLNRJJMWSA-N,1,train
C[C@]12CC[C@@H]3c4ccc(O)cc4CC[C@H]3[C@@H]1CCC2(F)F,6.6,C[C@]12CC[C@@H]3c4ccc(O)cc4CC[C@H]3[C@@H]1CCC2(F)F,QJWYWAZTIVNCLJ-NCOADZHNSA-N,1,train
Cc1ccc(-n2nncc2CN2C(=O)C3(C(C#N)=C(N)Oc4c(N)cc5nc6ccccc6nc5c43)c3ccccc32)cc1C,50.0,Cc1ccc(-n2nncc2CN2C(=O)C3(C(C#N)=C(N)Oc4c(N)cc5nc6ccccc6nc5c43)c3ccccc32)cc1C,PINIEHJXIKGTRB-UHFFFAOYSA-N,0,train
COc1ccc2cc3[n+](cc2c1OCc1cn(Cc2cc(=O)[nH]c4ccccc24)nn1)-c1cc2c(cc1CC3)OCO2,75.55,COc1ccc2cc3[n+](cc2c1OCc1cn(Cc2cc(=O)[nH]c4ccccc24)nn1)-c1cc2c(cc1CC3)OCO2,JGTCBYUCKQSLJI-UHFFFAOYSA-O,0,train
NCCCCNc1nc(Nc2ccc(N3CCOCC3)cc2)c2ncn(C3CCCC3)c2n1,8.058,NCCCCNc1nc(Nc2ccc(N3CCOCC3)cc2)c2ncn(C3CCCC3)c2n1,CQPNYQKGQFUXRX-UHFFFAOYSA-N,1,train
O=C(NCCOC(=S)Nc1ccc([N+](=O)[O-])cc1Cl)c1cccnc1,701.3,O=C(NCCOC(=S)Nc1ccc([N+](=O)[O-])cc1Cl)c1cccnc1,DOXTZCUVWLLINI-UHFFFAOYSA-N,0,train
Cc1ccccc1N1CC[C@](O)(C(=O)NCc2cc(F)cc(Cl)c2)C1=O,17.0,Cc1ccccc1N1CC[C@](O)(C(=O)NCc2cc(F)cc(Cl)c2)C1=O,RIXWIRWAEADUJU-IBGZPJMESA-N,0,train
COc1ccc(-c2c(-c3cc(Cl)c(OC)c(OC)c3)ncn2C)cc1N.Cl.Cl.Cl,0.07,COc1ccc(-c2c(-c3cc(Cl)c(OC)c(OC)c3)ncn2C)cc1N,QSACANVYULLBLR-UHFFFAOYSA-N,1,train
CNC(=O)c1ccc(Nc2ncc(C(F)(F)F)c(NCc3cccc(Br)c3)n2)cc1,6.95,CNC(=O)c1ccc(Nc2ncc(C(F)(F)F)c(NCc3cccc(Br)c3)n2)cc1,WCJCYQRAPOOEAZ-UHFFFAOYSA-N,1,train
COc1cc2nccc(Oc3ccc4oc(Nc5ccc(Cl)c(CN6CCN(C)CC6)c5)nc4c3)c2cc1OC,0.01,COc1cc2nccc(Oc3ccc4oc(Nc5ccc(Cl)c(CN6CCN(C)CC6)c5)nc4c3)c2cc1OC,OGLAJZUWRJDROE-UHFFFAOYSA-N,1,train
C=CCc1cc(-c2ccc(OC)cc2)ccc1OC,100.0,C=CCc1cc(-c2ccc(OC)cc2)ccc1OC,MMFCXNISAQCSQQ-UHFFFAOYSA-N,0,train
C=CC(=O)Nc1cc(Cn2cnc3ccc(Cl)nc32)ccc1F,64.48,C=CC(=O)Nc1cc(Cn2cnc3ccc(Cl)nc32)ccc1F,XUZLJISSHBHXIF-UHFFFAOYSA-N,0,train
CCNC(=O)c1cccc2cc(Oc3ccnc4cc(OC)c(OC)cc34)ccc12,0.00033,CCNC(=O)c1cccc2cc(Oc3ccnc4cc(OC)c(OC)cc34)ccc12,BEVPJXUTHBNTLS-UHFFFAOYSA-N,1,train
COc1cccc(Cn2c[n+](Cc3ccccc3)c(C)c2C)c1.[Cl-],100.0,COc1cccc(Cn2c[n+](Cc3ccccc3)c(C)c2C)c1,KZRDPZKOOQYGSO-UHFFFAOYSA-N,0,train
CN1CC(Cc2cccc(CNC3(c4ccc(F)cc4)CCCC3)c2)C1,30.0,CN1CC(Cc2cccc(CNC3(c4ccc(F)cc4)CCCC3)c2)C1,NUJJFEFSWJXFHL-UHFFFAOYSA-N,0,train
c1ccc2[nH]c(-c3cscn3)nc2c1,250.0,c1ccc2[nH]c(-c3cscn3)nc2c1,WJCNZQLZVWNLKY-UHFFFAOYSA-N,0,train
COc1cc2nccc(Oc3ccc4c(NC(=O)Nc5ccccc5)nn(C)c4c3)c2cc1OC,0.006,COc1cc2nccc(Oc3ccc4c(NC(=O)Nc5ccccc5)nn(C)c4c3)c2cc1OC,QSTJETGFFGWFHQ-UHFFFAOYSA-N,1,train
COc1ccc(-c2cc(-c3ccc(O)cc3)nc(Nc3ccc(OCCN4CCOCC4)cc3)n2)cc1,74.9,COc1ccc(-c2cc(-c3ccc(O)cc3)nc(Nc3ccc(OCCN4CCOCC4)cc3)n2)cc1,GJUDBKFGWHZNDH-UHFFFAOYSA-N,0,train
Cc1ccc(NC(=O)Nc2ccc(Nc3ncnc4cc(OCC5CCN(C)CC5)ccc34)cc2)cc1Br,0.196,Cc1ccc(NC(=O)Nc2ccc(Nc3ncnc4cc(OCC5CCN(C)CC5)ccc34)cc2)cc1Br,VXYDTDVKGBVVIZ-UHFFFAOYSA-N,1,train
CNC(=O)c1ccccc1Nc1ncnc(Nc2ccc(N3CCOCC3)cc2OC)n1,1.5,CNC(=O)c1ccccc1Nc1ncnc(Nc2ccc(N3CCOCC3)cc2OC)n1,MMFUMGAALISETK-UHFFFAOYSA-N,1,train
CCN(CC)CCNC(=O)c1c(C)[nH]c(/C=C2\C(=O)N(CCCN(C)C)c3ccc(Cl)cc32)c1C,2.72,CCN(CC)CCNC(=O)c1c(C)[nH]c(/C=C2\C(=O)N(CCCN(C)C)c3ccc(Cl)cc32)c1C,ZLVCLUMICKGDKK-XLNRJJMWSA-N,1,train
Nc1ncc(-n2c3ccc(F)cc3c3[nH]ncc32)cc1Cl,0.03162,Nc1ncc(-n2c3ccc(F)cc3c3[nH]ncc32)cc1Cl,PYSBUBPDECGJSZ-UHFFFAOYSA-N,1,train
CC(C)N(Cc1ccc(C(=O)NO)cc1)S(=O)(=O)c1cc(F)c(F)c(F)c1F,10.1,CC(C)N(Cc1ccc(C(=O)NO)cc1)S(=O)(=O)c1cc(F)c(F)c(F)c1F,SJWJGLIJTRUXIZ-UHFFFAOYSA-N,0,train
CC(C)c1cnn2c(NCc3ccccc3)cc(N[C@@H](CO)[C@H](O)CO)nc12,6.3,CC(C)c1cnn2c(NCc3ccccc3)cc(N[C@@H](CO)[C@H](O)CO)nc12,KRIWIRSMQRQYJG-DLBZAZTESA-N,1,train
NC(=O)C1(c2ccccc2CCc2nc(Nc3cnn(C4CCNC4)c3)ncc2Cl)CC1,1.755,NC(=O)C1(c2ccccc2CCc2nc(Nc3cnn(C4CCNC4)c3)ncc2Cl)CC1,UMAZVUGSOHOIKQ-UHFFFAOYSA-N,1,train
Cc1cc(C(=O)Nc2cccc(Oc3ccc4nc(NC(=O)C5CC5)nn4c3)c2)n(C)n1,0.0039,Cc1cc(C(=O)Nc2cccc(Oc3ccc4nc(NC(=O)C5CC5)nn4c3)c2)n(C)n1,XYJONLOLMGUYBZ-UHFFFAOYSA-N,1,train
Cc1[nH]nc(N)c1-c1nc2ccc(S(=O)(=O)NCCN(C)C)cc2s1,14.9,Cc1[nH]nc(N)c1-c1nc2ccc(S(=O)(=O)NCCN(C)C)cc2s1,RTBJYXWQQOGKED-UHFFFAOYSA-N,0,train
COc1cc([C@@H]2Oc3cc([C@H]4Oc5cc(OC(=O)c6cc(O)c(O)c(O)c6)cc(O)c5C(=O)[C@@H]4O)ccc3O[C@H]2CO)ccc1O,4.29,COc1cc([C@@H]2Oc3cc([C@H]4Oc5cc(OC(=O)c6cc(O)c(O)c(O)c6)cc(O)c5C(=O)[C@@H]4O)ccc3O[C@H]2CO)ccc1O,YNXYBSGKJGOGNV-NFRMDYDPSA-N,1,train
c1ccc(Oc2ccc3n[nH]c(-c4nc5cc(N6CCC(N7CCCCC7)CC6)ccc5[nH]4)c3c2)cc1,0.08,c1ccc(Oc2ccc3n[nH]c(-c4nc5cc(N6CCC(N7CCCCC7)CC6)ccc5[nH]4)c3c2)cc1,VFUZEFVLUHADNS-UHFFFAOYSA-N,1,train
NC(=S)c1ccc(OC(=O)c2cccnc2)cc1,683.1,NC(=S)c1ccc(OC(=O)c2cccnc2)cc1,LXSYJNIYVDYLNY-UHFFFAOYSA-N,0,train
COc1cc(Nc2nc(Nc3ccccc3NC(C)=O)nc(C(F)(F)F)n2)cc(OC)c1OC,33.3,COc1cc(Nc2nc(Nc3ccccc3NC(C)=O)nc(C(F)(F)F)n2)cc(OC)c1OC,UAGJSVZSWZJTQM-UHFFFAOYSA-N,0,train
O=C(CCCNc1nn2c(=O)c3cc(Br)ccc3nc2c2ccccc12)NO,26.4,O=C(CCCNc1nn2c(=O)c3cc(Br)ccc3nc2c2ccccc12)NO,MXBJTSYCWOPBOC-UHFFFAOYSA-N,0,train
Cn1c(=O)n(Cc2ccc(C(=O)Nc3ccccc3N)cc2)c(=O)c2ccccc21,42.0,Cn1c(=O)n(Cc2ccc(C(=O)Nc3ccccc3N)cc2)c(=O)c2ccccc21,FEISOLNHAWFPKQ-UHFFFAOYSA-N,0,train
CCC1=C(OC)C(=O)C2=C(C1=O)S(=O)(=O)CCN2,100.0,CCC1=C(OC)C(=O)C2=C(C1=O)S(=O)(=O)CCN2,LZVPDRKUPJKXCH-UHFFFAOYSA-N,0,train
CCc1cc(=O)c2ccc(OCCOc3no[n+]([O-])c3S(=O)(=O)c3ccccc3)cc2o1,1.03,CCc1cc(=O)c2ccc(OCCOc3no[n+]([O-])c3S(=O)(=O)c3ccccc3)cc2o1,GXKBJBVFEYPMIV-UHFFFAOYSA-N,1,train
CC(C)[C@]12O[C@H]1[C@@H]1O[C@]13[C@]1(O[C@H]1C[C@H]1C4=C(CC[C@@]13C)C(=O)OC4)[C@@H]2OC(=O)CCC(=O)OC[C@H]1OC(O)[C@H](O)[C@@H](O)[C@@H]1O,2.02,CC(C)[C@]12O[C@H]1[C@@H]1O[C@]13[C@]1(O[C@H]1C[C@H]1C4=C(CC[C@@]13C)C(=O)OC4)[C@@H]2OC(=O)CCC(=O)OC[C@H]1OC(O)[C@H](O)[C@@H](O)[C@@H]1O,YVRZHAOJMUSQOF-RWJZZKJESA-N,1,train
CN1CCN(Cc2cc(CNC3(c4cccc(F)c4)CCCC3)ccc2O)CC1,100.0,CN1CCN(Cc2cc(CNC3(c4cccc(F)c4)CCCC3)ccc2O)CC1,OXKKGMLAVJSJBD-UHFFFAOYSA-N,0,train
Cc1ncsc1-c1ccc([C@H](C)NC(=O)[C@@H]2C[C@@H](O)CN2C(=O)[C@@H](NC(=O)CCCCCNC(=O)c2ccc(C(=O)N3CCC(CCCCNC(=O)/C=C/c4cccnc4)CC3)cc2)C(C)(C)C)cc1,0.00045,Cc1ncsc1-c1ccc([C@H](C)NC(=O)[C@@H]2C[C@@H](O)CN2C(=O)[C@@H](NC(=O)CCCCCNC(=O)c2ccc(C(=O)N3CCC(CCCCNC(=O)/C=C/c4cccnc4)CC3)cc2)C(C)(C)C)cc1,WHNLXQIXFMEJMK-FXNAQQOJSA-N,1,train
O=[N+]([O-])c1cc([N+](=O)[O-])c(Nc2ccc(O)cc2)cc1Nc1ccc(O)cc1,66.7,O=[N+]([O-])c1cc([N+](=O)[O-])c(Nc2ccc(O)cc2)cc1Nc1ccc(O)cc1,UANHTNRCUSWWAN-UHFFFAOYSA-N,0,train
O=C(Nc1ccc2oc(-c3ccccc3F)nc2c1)c1ccc(Cl)c(Br)c1,15.91,O=C(Nc1ccc2oc(-c3ccccc3F)nc2c1)c1ccc(Cl)c(Br)c1,FLUWRKQWFDZFCC-UHFFFAOYSA-N,0,train
COc1ccc(CC2COc3cc(OCCCC(=O)NCCCOc4ccc(C(=O)c5ccc(OCc6cn(CCOCCOCCOCCNC(=O)CCCC[C@@H]7SC[C@@H]8NC(=O)N[C@@H]87)nn6)cc5)cc4)c(OC)c(OC)c3C2=O)cc1OC(=O)[C@H](Cc1ccccc1)NC(=O)OC(C)(C)C,100.0,COc1ccc(CC2COc3cc(OCCCC(=O)NCCCOc4ccc(C(=O)c5ccc(OCc6cn(CCOCCOCCOCCNC(=O)CCCC[C@@H]7SC[C@@H]8NC(=O)N[C@@H]87)nn6)cc5)cc4)c(OC)c(OC)c3C2=O)cc1OC(=O)[C@H](Cc1ccccc1)NC(=O)OC(C)(C)C,RGPIPIBZRORUEM-ZWXIRZRQSA-N,0,train
COc1cc2c(Nc3ccc(Br)cc3F)ncnc2cc1OCCC1CCNCC1,3.0,COc1cc2c(Nc3ccc(Br)cc3F)ncnc2cc1OCCC1CCNCC1,ZESRALQQFCOMOY-UHFFFAOYSA-N,1,train
Cc1ccsc1CNC(=O)[C@@]1(O)CCN(c2ccccc2)C1=O,18.0,Cc1ccsc1CNC(=O)[C@@]1(O)CCN(c2ccccc2)C1=O,CWYUUSFIFPNKPV-KRWDZBQOSA-N,0,train
COC(=O)[C@@H](N)CCCNC(=N)N[N+](=O)[O-],2.7,COC(=O)[C@@H](N)CCCNC(=N)N[N+](=O)[O-],KCWZGJVSDFYRIX-YFKPBYRVSA-N,1,train
CC[C@@H](C)n1ncn(-c2ccc(N3CCN(c4ccc(OC[C@H]5CO[C@](C)(c6ccc(Cl)cc6Cl)O5)cc4)CC3)cc2)c1=O,12.1,CC[C@@H](C)n1ncn(-c2ccc(N3CCN(c4ccc(OC[C@H]5CO[C@](C)(c6ccc(Cl)cc6Cl)O5)cc4)CC3)cc2)c1=O,DSUBUDBDRUEAAT-HWHDQVLESA-N,0,train
CCOP(=O)(OCC)[C@@H]1[C@@H](C(=O)c2ccccc2)[C@H](c2ccccc2)ON1C,80.0,CCOP(=O)(OCC)[C@@H]1[C@@H](C(=O)c2ccccc2)[C@H](c2ccccc2)ON1C,SRAVNGAZNJFLOC-SESVDKBCSA-N,0,train
C#Cc1c(C(N)=O)nnn1[C@@H]1O[C@H](COP2(=O)OCc3ccccc3O2)[C@@H](O)[C@H]1O,40.0,C#Cc1c(C(N)=O)nnn1[C@@H]1O[C@H](COP2(=O)OCc3ccccc3O2)[C@@H](O)[C@H]1O,UYNYWSJWAHXYHZ-RKVPIZTBSA-N,0,train
Cc1[nH]nc(N)c1-c1nc2ccc(S(=O)(=O)NCCO)cc2s1,11.9,Cc1[nH]nc(N)c1-c1nc2ccc(S(=O)(=O)NCCO)cc2s1,XWHGEQWOGJBXQD-UHFFFAOYSA-N,0,train
COc1ccc(CNc2ncc3c(n2)-c2ccc(Cl)cc2SC3)cc1,12.0,COc1ccc(CNc2ncc3c(n2)-c2ccc(Cl)cc2SC3)cc1,GEGIGDGYEDSHAD-UHFFFAOYSA-N,0,train
CS(=O)(=O)Cc1cccc(Nc2nccc(Oc3ccc4c(C(=O)Nc5cc(Cl)cc(Cl)c5)cccc4c3)n2)c1,0.026,CS(=O)(=O)Cc1cccc(Nc2nccc(Oc3ccc4c(C(=O)Nc5cc(Cl)cc(Cl)c5)cccc4c3)n2)c1,JWHXZPBPJNXURQ-UHFFFAOYSA-N,1,train
Clc1ccc2c(NC3CCC(NC4CCCCC4)CC3)ccnc2c1,13.0,Clc1ccc2c(NC3CCC(NC4CCCCC4)CC3)ccnc2c1,FTQCIXDQYNLVGY-UHFFFAOYSA-N,0,train
COc1ccc(Cc2cn(C)c3c(OC)c(OC)c(OC)cc23)cc1O,0.0089,COc1ccc(Cc2cn(C)c3c(OC)c(OC)c(OC)cc23)cc1O,BOTLXQNBAJWCCK-UHFFFAOYSA-N,1,train
Cc1nc(Nc2ncc(C(=O)Nc3c(C)cccc3Cl)s2)cc(N2CCN(CCO)CC2)n1.O,1.8,Cc1nc(Nc2ncc(C(=O)Nc3c(C)cccc3Cl)s2)cc(N2CCN(CCO)CC2)n1,ZBNZXTGUTAYRHI-UHFFFAOYSA-N,1,train
C=C1C(=O)Oc2cc(OC)ccc2C1C(C)C,3.12,C=C1C(=O)Oc2cc(OC)ccc2C1C(C)C,CKQOOEQYIWBWCO-UHFFFAOYSA-N,1,train
CN(C)c1ccc(CN(C)c2nc(=O)c3cc(C(F)(F)F)cc([N+](=O)[O-])c3s2)cc1,50.0,CN(C)c1ccc(CN(C)c2nc(=O)c3cc(C(F)(F)F)cc([N+](=O)[O-])c3s2)cc1,NDRQANRDHWQSMB-UHFFFAOYSA-N,0,train
O=C1/C(=C/c2ccc(Br)cc2)Oc2ccc(O)cc21,8.97,O=C1/C(=C/c2ccc(Br)cc2)Oc2ccc(O)cc21,AGNXABPJBSLWNH-AUWJEWJLSA-N,1,train
COc1c(O)cc2c(c1O)C(=O)[C@H](Cc1ccc(O)cc1)CO2,100.0,COc1c(O)cc2c(c1O)C(=O)[C@H](Cc1ccc(O)cc1)CO2,CGCVUMRAPMFWDT-SNVBAGLBSA-N,0,train
COc1ccc(C(N)=O)cc1/C=C/c1ccccc1C,2.3,COc1ccc(C(N)=O)cc1/C=C/c1ccccc1C,POUFYYWCAZGCEN-BQYQJAHWSA-N,1,train
COc1cccc2nc(-c3cccs3)nc(NN3C(=O)C=C(C)C3=O)c12,0.38,COc1cccc2nc(-c3cccs3)nc(NN3C(=O)C=C(C)C3=O)c12,GZGLPBNOIFLLRE-UHFFFAOYSA-N,1,train
COc1cc2c(cc1O)CC[C@@H]1[C@@H]2CC[C@]2(C)[C@@H](O)[C@H](CC(C)C)C[C@@H]12,7.15,COc1cc2c(cc1O)CC[C@@H]1[C@@H]2CC[C@]2(C)[C@@H](O)[C@H](CC(C)C)C[C@@H]12,NIAMQSQLPZNKFO-GAKJJMACSA-N,1,train
O=C(Nc1ccc(Cl)cc1)c1cccnc1SCc1ccccn1,2.0,O=C(Nc1ccc(Cl)cc1)c1cccnc1SCc1ccccn1,JUMDBDBNZJSANV-UHFFFAOYSA-N,1,train
O=C(Nc1ccc2oc(-c3ccccc3F)nc2c1)c1ccc(Cl)c(F)c1,20.53,O=C(Nc1ccc2oc(-c3ccccc3F)nc2c1)c1ccc(Cl)c(F)c1,ZNXZMPLCCGWSQW-UHFFFAOYSA-N,0,train
Cc1c(COc2cccc(OCCCC(F)(F)F)c2)[nH]c2ccccc2c1=O,0.0034,Cc1c(COc2cccc(OCCCC(F)(F)F)c2)[nH]c2ccccc2c1=O,UACHJHSWWVDLLI-UHFFFAOYSA-N,1,train
Fc1ccc2nc(N/N=C3\CCCc4cccnc43)sc2c1,0.7672,Fc1ccc2nc(N/N=C3\CCCc4cccnc43)sc2c1,CLTJHGFFHWZHGI-DEDYPNTBSA-N,1,train
CCC(=O)Nc1nc2c(s1)CSc1ccccc1-2,2.0,CCC(=O)Nc1nc2c(s1)CSc1ccccc1-2,XSSNCROUEYWURG-UHFFFAOYSA-N,1,train
Cc1ccc(-c2cn(/N=C/c3cc4ccccc4nc3Cl)c(N)n2)cc1,50.0,Cc1ccc(-c2cn(/N=C/c3cc4ccccc4nc3Cl)c(N)n2)cc1,HRZORGLAMPNWHP-FOKLQQMPSA-N,0,train
COc1ccc(/C=C/C(=O)c2cc(CC=C(C)C)c(OC)cc2OC)cc1,45.58,COc1ccc(/C=C/C(=O)c2cc(CC=C(C)C)c(OC)cc2OC)cc1,UQPXNSHFJDBRBX-UKTHLTGXSA-N,0,train
Clc1ccc(CNc2ncc3c(n2)-c2cccnc2SC3)cc1,14.3,Clc1ccc(CNc2ncc3c(n2)-c2cccnc2SC3)cc1,FKUXRCQPKMQTMD-UHFFFAOYSA-N,0,train
C[C@@]12CCC[C@H]1[C@@H]1CCc3cc(O)ccc3[C@H]1CC2,8.22,C[C@@]12CCC[C@H]1[C@@H]1CCc3cc(O)ccc3[C@H]1CC2,HJKVPZJVBHWFCQ-BDXSIMOUSA-N,1,train
CC(C)(C)OC(=O)Nc1cccc(-c2cc(C(=O)NCCCCCCC(=O)NO)no2)c1,7.0,CC(C)(C)OC(=O)Nc1cccc(-c2cc(C(=O)NCCCCCCC(=O)NO)no2)c1,TVNHLWWJVGGFQS-UHFFFAOYSA-N,1,train
O=C(O)c1cc(O)c2c(c1)C(=O)c1cccc(O)c1C2=O,89.74,O=C(O)c1cc(O)c2c(c1)C(=O)c1cccc(O)c1C2=O,FCDLCPWAQCPTKC-UHFFFAOYSA-N,0,train
O=C(Nc1cc(C(F)(F)F)ccc1F)Nc1ccc(Oc2ncnc3cc(OCCCN4CCOCC4)c4c(c23)OCCO4)cc1Cl,0.004,O=C(Nc1cc(C(F)(F)F)ccc1F)Nc1ccc(Oc2ncnc3cc(OCCCN4CCOCC4)c4c(c23)OCCO4)cc1Cl,FYTRUYUAAMASJP-UHFFFAOYSA-N,1,train
CS(=O)(=O)Nc1ccccc1Nc1ncnc(Nc2ccc(CN)cc2)n1,3.9,CS(=O)(=O)Nc1ccccc1Nc1ncnc(Nc2ccc(CN)cc2)n1,UJQPBPXKMKHVAR-UHFFFAOYSA-N,1,train
COc1ccc(/C=C\c2cc(OC)c(OC)c(OC)c2)cc1NC(=O)Nc1cccc(Cl)c1,102.0,COc1ccc(/C=C\c2cc(OC)c(OC)c(OC)c2)cc1NC(=O)Nc1cccc(Cl)c1,RVQGBDANQLMNCJ-HJWRWDBZSA-N,0,train
Nc1nc(-c2ccc3ccccc3c2)cn1/N=C/c1cc2ccccc2nc1Cl,36.24,Nc1nc(-c2ccc3ccccc3c2)cn1/N=C/c1cc2ccccc2nc1Cl,AUXURSHLLNUPPU-LGJNPRDNSA-N,0,train
COc1cc(Nc2ncc(F)c(Nc3ccc4c(n3)NC(=O)C(C)(C)O4)n2)cc(OC)c1OC,0.036,COc1cc(Nc2ncc(F)c(Nc3ccc4c(n3)NC(=O)C(C)(C)O4)n2)cc(OC)c1OC,NHHQJBCNYHBUSI-UHFFFAOYSA-N,1,train
Cc1ccc2c(=O)c3cccc(CC(=O)O)c3oc2c1C,20.0,Cc1ccc2c(=O)c3cccc(CC(=O)O)c3oc2c1C,XGOYIMQSIKSOBS-UHFFFAOYSA-N,0,train
CCOP(=O)(OCC)[C@@H]1C[C@@H](Cn2c(=O)n(Cc3cccc(F)c3)c(=O)c3ccccc32)ON1C,152.0,CCOP(=O)(OCC)[C@@H]1C[C@@H](Cn2c(=O)n(Cc3cccc(F)c3)c(=O)c3ccccc32)ON1C,GLLIJKZBLPWGIT-SIKLNZKXSA-N,0,train
O=C(Nc1ccc(Nc2ccc([N+](=O)[O-])c3ncnc(O)c23)cc1)c1ccccc1Cl,26.5,O=C(Nc1ccc(Nc2ccc([N+](=O)[O-])c3ncnc(O)c23)cc1)c1ccccc1Cl,ZCNSKGGVKDJOQR-UHFFFAOYSA-N,0,train
COC(=O)c1ccc2[nH]nc(-c3nc4cc(N5CCC(N6CCCCC6)CC5)ccc4[nH]3)c2c1,0.13,COC(=O)c1ccc2[nH]nc(-c3nc4cc(N5CCC(N6CCCCC6)CC5)ccc4[nH]3)c2c1,HUQYQFBIFGUUQQ-UHFFFAOYSA-N,1,train
COc1ccc2c(c1O)CCCC(CC(O)CO)=C2c1cc(OC)c(OC)c(OC)c1,1.0,COc1ccc2c(c1O)CCCC(CC(O)CO)=C2c1cc(OC)c(OC)c(OC)c1,HFIWTEUFIDGVFU-UHFFFAOYSA-N,1,train
O=C(N/N=C/c1ccc(OCc2ccccc2)cc1)c1ccc(NC2CCCCC2)c(NCc2ccccc2)c1,0.5,O=C(N/N=C/c1ccc(OCc2ccccc2)cc1)c1ccc(NC2CCCCC2)c(NCc2ccccc2)c1,VYASZDSMMUOJDH-XBQJKBNESA-N,1,train
Clc1ccc2c(NCc3ccc(CN4CCCC4)s3)ccnc2c1,24.196,Clc1ccc2c(NCc3ccc(CN4CCCC4)s3)ccnc2c1,KTGYATOKXDVHDU-UHFFFAOYSA-N,0,train
CN1c2ccccc2C(=O)N2CCc3c([nH]c4ccc(OC(=O)CCC(=O)Oc5ccc6[nH]c7c(c6c5)CCN5C(=O)c6ccccc6N(C)C75)cc34)C21,0.21,CN1c2ccccc2C(=O)N2CCc3c([nH]c4ccc(OC(=O)CCC(=O)Oc5ccc6[nH]c7c(c6c5)CCN5C(=O)c6ccccc6N(C)C75)cc34)C21,KGEMKLLWQMKZDZ-UHFFFAOYSA-N,1,train
CN(C(=O)c1c(O)c2ccccc2n(C)c1=O)c1ccccc1,13.95,CN(C(=O)c1c(O)c2ccccc2n(C)c1=O)c1ccccc1,SGOOQMRIPALTEL-UHFFFAOYSA-N,0,train
CS(=O)(=O)N1CCC(NC(=O)Nc2ccc(OC(F)(F)F)cc2)CC1,25.0,CS(=O)(=O)N1CCC(NC(=O)Nc2ccc(OC(F)(F)F)cc2)CC1,YORLNOBDSZJFQQ-UHFFFAOYSA-N,0,train
N#CC1=C(N)Oc2c(c3nc4ccccc4nc3c3ccccc23)C12C(=O)N(Cc1cnnn1-c1ccc(Br)cc1)c1ccccc12,50.0,N#CC1=C(N)Oc2c(c3nc4ccccc4nc3c3ccccc23)C12C(=O)N(Cc1cnnn1-c1ccc(Br)cc1)c1ccccc12,HZLCZLOTDVRSBP-UHFFFAOYSA-N,0,train
Nc1cc(Oc2ccc3c(C(=O)Nc4ccc(F)c(C(F)(F)F)c4)cccc3c2)ncn1,3e-06,Nc1cc(Oc2ccc3c(C(=O)Nc4ccc(F)c(C(F)(F)F)c4)cccc3c2)ncn1,HJFDTNBKNJFDQP-UHFFFAOYSA-N,1,train
O=C(CCCCC1CCSS1)OCCCOC(=O)c1cccnc1,800.0,O=C(CCCCC1CCSS1)OCCCOC(=O)c1cccnc1,SDJBTEYITXWRKS-UHFFFAOYSA-N,0,train
CCC(C)n1ncn(-c2ccc(N3CCN(c4ccc(OC[C@@H]5CO[C@@](Cn6cncn6)(c6ccc(Cl)cc6Cl)O5)cc4)CC3)nc2)c1=O,0.2219,CCC(C)n1ncn(-c2ccc(N3CCN(c4ccc(OC[C@@H]5CO[C@@](Cn6cncn6)(c6ccc(Cl)cc6Cl)O5)cc4)CC3)nc2)c1=O,BSGWFGZUNUZUHU-ZAYNPTSRSA-N,1,train
CCCOC(=O)CCn1ccc2c3[nH]c(-c4ccccc4)cc(=O)c3ccc21,5.7,CCCOC(=O)CCn1ccc2c3[nH]c(-c4ccccc4)cc(=O)c3ccc21,CQJNOUNTZYFLEQ-UHFFFAOYSA-N,1,train
CN(C)CCCNC(=O)CCC(=O)OCCCCCCSc1ccc([N+](=O)[O-])c2nonc12,1.6,CN(C)CCCNC(=O)CCC(=O)OCCCCCCSc1ccc([N+](=O)[O-])c2nonc12,KBOFBNLZWGMLHR-UHFFFAOYSA-N,1,train
CCCn1ncn(-c2ccc(N3CCN(c4ccc(OCC5COC(Cn6cncn6)(c6ccc(Cl)cc6Cl)O5)cc4)CC3)cc2)c1=O,4.7,CCCn1ncn(-c2ccc(N3CCN(c4ccc(OCC5COC(Cn6cncn6)(c6ccc(Cl)cc6Cl)O5)cc4)CC3)cc2)c1=O,JAKXPLQZZCVGBG-UHFFFAOYSA-N,1,train
COc1ccc(-c2cnnn2-c2cc(Br)c(OC)c(Br)c2)c(O)c1,0.0916,COc1ccc(-c2cnnn2-c2cc(Br)c(OC)c(Br)c2)c(O)c1,QLQGNEVWHFSINZ-UHFFFAOYSA-N,1,train
CN1CC2(CCN(c3ccnc(CN4CCN(c5ccc(Cl)cc5)CC4)c3)C2)C1,50.0,CN1CC2(CCN(c3ccnc(CN4CCN(c5ccc(Cl)cc5)CC4)c3)C2)C1,HKRVMCAQPACSFK-UHFFFAOYSA-N,0,train
CN(Cc1ccc(OCCCOc2ccc(CC(=O)NO)cc2)cc1)CC(O)(Cn1cncn1)c1ccc(F)cc1F,2.7,CN(Cc1ccc(OCCCOc2ccc(CC(=O)NO)cc2)cc1)CC(O)(Cn1cncn1)c1ccc(F)cc1F,UVYCRTBNTSJPHN-UHFFFAOYSA-N,1,train
O=c1nc(NCc2ccc3c(c2)OCCO3)sc2c([N+](=O)[O-])cc(C(F)(F)F)cc12,20.0,O=c1nc(NCc2ccc3c(c2)OCCO3)sc2c([N+](=O)[O-])cc(C(F)(F)F)cc12,YYPMHJWXVYYLET-UHFFFAOYSA-N,0,train
CC(CC[C@H]1/C(=C/c2ccc(Cl)cc2)CC[C@H]2C(C)(C)CCC[C@]12C)CC(=O)O,200.0,CC(CC[C@H]1/C(=C/c2ccc(Cl)cc2)CC[C@H]2C(C)(C)CCC[C@]12C)CC(=O)O,LAOGWOMLTLXYRH-KDWPZALGSA-N,0,train
COc1ccc2c(c1)CCCN2c1nc(C)nc2c1nc(C)n2C,2.3,COc1ccc2c(c1)CCCN2c1nc(C)nc2c1nc(C)n2C,DCDQAPUMPZIORB-UHFFFAOYSA-N,1,train
COc1ccnc2c1cc1cc(-c3ccnc(N)n3)nc(NCc3ccccc3)n12,15.0,COc1ccnc2c1cc1cc(-c3ccnc(N)n3)nc(NCc3ccccc3)n12,QGHUDSMPOFFXNS-UHFFFAOYSA-N,0,train
Oc1c(C2C=CCCC2)ccc2ccccc12,22.0,Oc1c(C2C=CCCC2)ccc2ccccc12,VTQZOKDEMSUXLB-UHFFFAOYSA-N,0,train
COc1ccc(-c2cc(-c3ccc([N+](=O)[O-])cc3)on2)cc1,100.0,COc1ccc(-c2cc(-c3ccc([N+](=O)[O-])cc3)on2)cc1,BLMXMHISOLYJNJ-UHFFFAOYSA-N,0,train
CCOP(=O)(OCC)C(NC(=O)c1cc(O)c2c(c1)C(=O)c1cccc(O)c1C2=O)c1ccccc1,100.0,CCOP(=O)(OCC)C(NC(=O)c1cc(O)c2c(c1)C(=O)c1cccc(O)c1C2=O)c1ccccc1,LOKLADRQFKBNHM-UHFFFAOYSA-N,0,train
COc1ccc(/C=C2\COc3cc(O)c(O)c(O)c3C2=O)cc1O,41.0,COc1ccc(/C=C2\COc3cc(O)c(O)c(O)c3C2=O)cc1O,FTCMDWAZGJAHKV-RUDMXATFSA-N,0,train
N=C(N)SCc1cccc2ccccc12,50.0,N=C(N)SCc1cccc2ccccc12,SHGHJFRHODQTAY-UHFFFAOYSA-N,0,train
CN(C)CCN(C)c1ccc(C(F)(F)F)c(CN2CCN(c3ccc(C(F)(F)F)cc3)CC2)c1,14.65,CN(C)CCN(C)c1ccc(C(F)(F)F)c(CN2CCN(c3ccc(C(F)(F)F)cc3)CC2)c1,YZVWFOALFKJHKW-UHFFFAOYSA-N,0,train
C[C@H]1[C@H](C)CC[C@]2(C(=O)O)CC[C@]3(C)C(=CC[C@@H]4[C@@]5(C)C[C@@H](O)[C@H](O)[C@@](C)(CO)[C@@H]5CC[C@]43C)[C@H]12,100.0,C[C@H]1[C@H](C)CC[C@]2(C(=O)O)CC[C@]3(C)C(=CC[C@@H]4[C@@]5(C)C[C@@H](O)[C@H](O)[C@@](C)(CO)[C@@H]5CC[C@]43C)[C@H]12,JXSVIVRDWWRQRT-UYDOISQJSA-N,0,train
Clc1ccc2c(c1)SCc1cnc(Nc3cccc(Br)c3)nc1-2,7.11,Clc1ccc2c(c1)SCc1cnc(Nc3cccc(Br)c3)nc1-2,VUIOTYYLURHWCO-UHFFFAOYSA-N,1,train
COc1ccc(/C=C\c2cc(OC)c(OC)c(OC)c2)cc1NC(=O)Nc1ccccc1C(F)(F)F,0.3,COc1ccc(/C=C\c2cc(OC)c(OC)c(OC)c2)cc1NC(=O)Nc1ccccc1C(F)(F)F,CYTPDBAQHBYLTA-KTKRTIGZSA-N,1,train
COc1ccc2c(c1)C(=O)c1c-2n(-c2ccc(OCCN3CCCC3)cc2)c(=O)c2cc(OC)ccc12,100.0,COc1ccc2c(c1)C(=O)c1c-2n(-c2ccc(OCCN3CCCC3)cc2)c(=O)c2cc(OC)ccc12,FFHPAQFZFMTKAR-UHFFFAOYSA-N,0,train
FC(F)(F)c1ccc(CO/N=C2/C(c3c[nH]c4ccccc34)=Nc3ccccc32)cc1,100.0,FC(F)(F)c1ccc(CO/N=C2/C(c3c[nH]c4ccccc34)=Nc3ccccc32)cc1,JUDUAAIBWNOTIY-JJKYIXSRSA-N,0,train
C=C1C(=O)C=C[C@]2(C)[C@@H]1CC[C@]13C[C@](C)(CC[C@H]12)C(=O)C3=C,1.5,C=C1C(=O)C=C[C@]2(C)[C@@H]1CC[C@]13C[C@](C)(CC[C@H]12)C(=O)C3=C,CKMMJCXBOWNCQS-IZHFEEFNSA-N,1,train
CN(c1nc(=O)c2cc(C(F)(F)F)cc([N+](=O)[O-])c2s1)[C@H]1CCN(Cc2ccccc2)C1,18.0,CN(c1nc(=O)c2cc(C(F)(F)F)cc([N+](=O)[O-])c2s1)[C@H]1CCN(Cc2ccccc2)C1,PJJWLNRKJJVXDD-HNNXBMFYSA-N,0,train
CCOC(=O)/C=C1/C(=O)N(C(=O)OC)c2ccccc21,78.0,CCOC(=O)/C=C1/C(=O)N(C(=O)OC)c2ccccc21,HLVFQJQDNQRVBD-CSKARUKUSA-N,0,train
CN1CCN(CCNc2nc3ccc(Cl)cc3c3c2/C(=N/O)c2ccccc2-3)CC1,2.585,CN1CCN(CCNc2nc3ccc(Cl)cc3c3c2/C(=N/O)c2ccccc2-3)CC1,REZZTYLWKUKKKI-HPNDGRJYSA-N,1,train
C=CCO/N=C1/C(c2c[nH]c3c(C)cccc23)=Nc2c(C)cccc21,100.0,C=CCO/N=C1/C(c2c[nH]c3c(C)cccc23)=Nc2c(C)cccc21,RJGJPMPMZVWWRE-DARPEHSRSA-N,0,train
C[C@@H]1CN(C(=O)c2sc3ccccc3c2OCc2ccc(Cl)cc2)C[C@H](C)O1,48.0,C[C@@H]1CN(C(=O)c2sc3ccccc3c2OCc2ccc(Cl)cc2)C[C@H](C)O1,XOLKWLSBIYDJFG-GASCZTMLSA-N,0,train
CS(=O)(=O)Cc1cccc(Nc2nccc(Oc3ccc4c(c3)OCCN4C(=O)Nc3ccccc3)n2)c1,0.0008,CS(=O)(=O)Cc1cccc(Nc2nccc(Oc3ccc4c(c3)OCCN4C(=O)Nc3ccccc3)n2)c1,IYTQUGSGHVOQKU-UHFFFAOYSA-N,1,train
COc1cc([C@@H]2c3cc4c(cc3[C@@H](Nc3ccc5cn[nH]c5c3)[C@H]3COC(=O)[C@H]23)OCO4)cc(OC)c1OC,52.5,COc1cc([C@@H]2c3cc4c(cc3[C@@H](Nc3ccc5cn[nH]c5c3)[C@H]3COC(=O)[C@H]23)OCO4)cc(OC)c1OC,VDODGLLSSXLLMR-DWJNZRAMSA-N,0,train
CCN(CC)CC(O)COc1ccc(C2=Cc3ccc(OCC(O)CN(CC)CC)cc3OC2)cc1,5.7,CCN(CC)CC(O)COc1ccc(C2=Cc3ccc(OCC(O)CN(CC)CC)cc3OC2)cc1,GGISWTGFGVEHCN-UHFFFAOYSA-N,1,train
O=C(O)c1cc(O)c(O)c(O)c1,294.0,O=C(O)c1cc(O)c(O)c(O)c1,LNTHITQWFMADLM-UHFFFAOYSA-N,0,train
COc1cc(O)cc2c1C(=O)/C(=C/c1ccc(O)c(O)c1)CO2,100.0,COc1cc(O)cc2c1C(=O)/C(=C/c1ccc(O)c(O)c1)CO2,HZEFXIWDWIWKPZ-ONNFQVAWSA-N,0,train
COc1ccc(/C=C\c2cccc(NC(=O)Nc3cccc(Cl)c3)c2)cc1,32.9,COc1ccc(/C=C\c2cccc(NC(=O)Nc3cccc(Cl)c3)c2)cc1,QQABRAFKWCVQPB-HJWRWDBZSA-N,0,train
CN(C)[C@H]1C[C@@]23CC[C@@]4(O2)C(=CC[C@@]2(C)[C@H]4C[C@H](O)[C@@H]2c2ccc4ccncc4c2)C=C3[C@@H](O)[C@@H]1O,1.1,CN(C)[C@H]1C[C@@]23CC[C@@]4(O2)C(=CC[C@@]2(C)[C@H]4C[C@H](O)[C@@H]2c2ccc4ccncc4c2)C=C3[C@@H](O)[C@@H]1O,UOILBRZCKBLNDS-KMWHWPCOSA-N,1,train
CCOC(=O)N1CCN(/[N+]([O-])=N/Oc2ccc([N+](=O)[O-])cc2[N+](=O)[O-])CC1,5.39,CCOC(=O)N1CCN(/[N+]([O-])=N/Oc2ccc([N+](=O)[O-])cc2[N+](=O)[O-])CC1,DNJRNBYZLPKSHV-RGEXLXHISA-N,1,train
COc1ccc(Cc2cn(CCNC(=O)Nc3ccc(Br)cc3)nn2)cc1,200.0,COc1ccc(Cc2cn(CCNC(=O)Nc3ccc(Br)cc3)nn2)cc1,XLCMLBSGUXVRAU-UHFFFAOYSA-N,0,train
COc1cc(Oc2ccccc2NC(C)=C2C(=O)CC(c3ccccc3)CC2=O)ccc1N,0.029,COc1cc(Oc2ccccc2NC(C)=C2C(=O)CC(c3ccccc3)CC2=O)ccc1N,AAYUOJUMIQRJBP-UHFFFAOYSA-N,1,train
CCC(Nc1ccc2c(c1)OCO2)=C1C(=O)CC(c2ccccc2)CC1=O,53.0,CCC(Nc1ccc2c(c1)OCO2)=C1C(=O)CC(c2ccccc2)CC1=O,LRYBNHGSRLWQPM-UHFFFAOYSA-N,0,train
COc1ccc(CC2COc3cc(OC)c(OC)c(O)c3C2=O)cc1O,44.0,COc1ccc(CC2COc3cc(OC)c(OC)c(O)c3C2=O)cc1O,MPESWUJJECCEJX-UHFFFAOYSA-N,0,train
Nc1ccccc1NC(=O)c1ccc(CC2COc3ccccc3C2=O)cc1,6.0,Nc1ccccc1NC(=O)c1ccc(CC2COc3ccccc3C2=O)cc1,VZSBSGMJXMQMFU-UHFFFAOYSA-N,1,train
COc1ccc(Cc2cn(CCNC(=O)Nc3ccccc3C)nn2)cc1,200.0,COc1ccc(Cc2cn(CCNC(=O)Nc3ccccc3C)nn2)cc1,QFWKLDAYSKUFGR-UHFFFAOYSA-N,0,train
Nc1nc2cc(-c3nn(CCCC(=O)OCc4c(-c5ccccc5)no[n+]4[O-])c4ncnc(N)c34)ccc2o1,10.0,Nc1nc2cc(-c3nn(CCCC(=O)OCc4c(-c5ccccc5)no[n+]4[O-])c4ncnc(N)c34)ccc2o1,ADDMBJZNTUSTIL-UHFFFAOYSA-N,1,train
CN(C)CCC/N=c1/cc2n(-c3ccc(Cl)cc3)c3ccccc3nc-2cc1Nc1cccnc1,4.66,CN(C)CCC/N=c1/cc2n(-c3ccc(Cl)cc3)c3ccccc3nc-2cc1Nc1cccnc1,COMPQROOZQLDHI-QLTSDVKISA-N,1,train
Cc1ccc(C2=N[C@@H](CC(=O)Nc3ccc(CC(=O)NO)cc3)c3nnc(C)n3-c3ccccc32)cc1,3.8,Cc1ccc(C2=N[C@@H](CC(=O)Nc3ccc(CC(=O)NO)cc3)c3nnc(C)n3-c3ccccc32)cc1,MVZQIAHZRFVNHM-QHCPKHFHSA-N,1,train
C[C@H]1COC2(CCN(c3nc(=O)c4cc(C(F)(F)F)cc([N+](=O)[O-])c4s3)CC2)O1,8.0,C[C@H]1COC2(CCN(c3nc(=O)c4cc(C(F)(F)F)cc([N+](=O)[O-])c4s3)CC2)O1,GTUIRORNXIOHQR-VIFPVBQESA-N,1,train
COc1cc([C@@H]2c3cc4c(cc3[C@H](OC(=O)CN(C)C(=O)OC(C)(C)C)[C@H]3COC(=O)[C@H]23)OCO4)cc(OC)c1OC,27.78,COc1cc([C@@H]2c3cc4c(cc3[C@H](OC(=O)CN(C)C(=O)OC(C)(C)C)[C@H]3COC(=O)[C@H]23)OCO4)cc(OC)c1OC,XUDBHYPLRFOMHO-QWBXGMEYSA-N,0,train
COc1cc2sc(-c3c(N)n[nH]c3N3CCNCC3)nc2cc1F,10.9,COc1cc2sc(-c3c(N)n[nH]c3N3CCNCC3)nc2cc1F,DZSCNAWRDWGVKH-UHFFFAOYSA-N,0,train
COc1cc2c(Nc3c(F)cc(Cl)cc3F)ncnc2cc1OCC1CCNCC1,1.0,COc1cc2c(Nc3c(F)cc(Cl)cc3F)ncnc2cc1OCC1CCNCC1,FYZOPODRENDNJN-UHFFFAOYSA-N,1,train
CCN(CC(=O)N[C@@H](CC(=O)O)C(=O)N[C@H](CCC1CCCCC1)C(=O)O)C(=O)CCCC1CCNCC1,1930.0,CCN(CC(=O)N[C@@H](CC(=O)O)C(=O)N[C@H](CCC1CCCCC1)C(=O)O)C(=O)CCCC1CCNCC1,MVIVEASLSGRCJF-YADHBBJMSA-N,0,train
NC1=NC(c2ccc(F)cc2)Cc2c(F)cccc21,44.0,NC1=NC(c2ccc(F)cc2)Cc2c(F)cccc21,KEASVJPWDYZLCE-UHFFFAOYSA-N,0,train
O=C(Nc1ccc(-c2ccnc3[nH]ccc23)cc1)Nc1ccc(C(F)(F)F)cc1,50.0,O=C(Nc1ccc(-c2ccnc3[nH]ccc23)cc1)Nc1ccc(C(F)(F)F)cc1,PAMUQIOVLIUCHA-UHFFFAOYSA-N,0,train
Cc1ccc2nc(Cl)c(/C=N/n3cc(-c4cccs4)nc3N)cc2c1,38.02,Cc1ccc2nc(Cl)c(/C=N/n3cc(-c4cccs4)nc3N)cc2c1,IFPSZUREOOUZHV-ZVBGSRNCSA-N,0,train
CCCCCCCCCCN(NC(=O)COC)C(=O)OC(C)(C)C,22.9,CCCCCCCCCCN(NC(=O)COC)C(=O)OC(C)(C)C,UFKQEDSYKMNAKZ-UHFFFAOYSA-N,0,train
C[C@@H](Oc1cc(-n2cnc3ccc(CN4CCN(C)CC4)cc32)sc1C(N)=O)c1ccccc1C(F)(F)F,0.007,C[C@@H](Oc1cc(-n2cnc3ccc(CN4CCN(C)CC4)cc32)sc1C(N)=O)c1ccccc1C(F)(F)F,ZHJGWYRLJUCMRT-QGZVFWFLSA-N,1,train
O=C(c1ccccc1)c1ccc2[nH]c(-c3cscn3)nc2c1,9.22,O=C(c1ccccc1)c1ccc2[nH]c(-c3cscn3)nc2c1,DUXGXOSPVHKQIY-UHFFFAOYSA-N,1,train
COc1ccc(Nc2nc(N)nc(CSC(=S)N3CCOCC3)n2)cc1,122.0,COc1ccc(Nc2nc(N)nc(CSC(=S)N3CCOCC3)n2)cc1,MGDYIPCYODQSPN-UHFFFAOYSA-N,0,train
CC(C)(C)c1ccc(S(=O)(=O)Nc2cc(Sc3ncnc4nc[nH]c34)c(O)c3ccccc23)cc1,15.42,CC(C)(C)c1ccc(S(=O)(=O)Nc2cc(Sc3ncnc4nc[nH]c34)c(O)c3ccccc23)cc1,IJDXTLPHQZHCEW-UHFFFAOYSA-N,0,train
Cc1nc2c([nH]1)C(=O)/C(=N/c1ccc(C(F)(F)F)cc1)C(Cl)=C2O,0.6,Cc1nc2c([nH]1)C(=O)/C(=N/c1ccc(C(F)(F)F)cc1)C(Cl)=C2O,XZVMBKPHYDEEMM-LSHDLFTRSA-N,1,train
O=C(Nc1ccc(Cl)cc1)c1ccccc1OCc1ccncc1,2.0,O=C(Nc1ccc(Cl)cc1)c1ccccc1OCc1ccncc1,ZJHAORCGRXVWSW-UHFFFAOYSA-N,1,train
CCCCCCCCCc1ccc(B(O)O)cc1,0.1,CCCCCCCCCc1ccc(B(O)O)cc1,VONVJOGSLHAKOX-UHFFFAOYSA-N,1,train
Cc1ccc(Sc2cncc3sc(C(=N)S)cc23)cc1,51.0,Cc1ccc(Sc2cncc3sc(C(=N)S)cc23)cc1,QLXROZMKZYNEFD-UHFFFAOYSA-N,0,train
COc1ccc(NC(=O)Nc2nnc(Sc3ncnc4scc(-c5ccncc5)c34)s2)cc1,16.9,COc1ccc(NC(=O)Nc2nnc(Sc3ncnc4scc(-c5ccncc5)c34)s2)cc1,YCTLRMGQESJWBJ-UHFFFAOYSA-N,0,train
COc1ccc2c(c1)CCc1sc(N)nc1-2,10.0,COc1ccc2c(c1)CCc1sc(N)nc1-2,RCVDCZOEHBRZGK-UHFFFAOYSA-N,1,train
CCOP(=O)(OCC)C(NC(=O)C(C)Oc1ccc2c(c1O)C(=O)c1ccccc1C2=O)c1ccc(F)cc1,25.33,CCOP(=O)(OCC)C(NC(=O)C(C)Oc1ccc2c(c1O)C(=O)c1ccccc1C2=O)c1ccc(F)cc1,WJNWVMFWFDUGOS-UHFFFAOYSA-N,0,train
C[C@H]1[C@@H](O[C@H]2CC[C@@H](O[C@H]3O[C@@H]4O[C@@]5(C)CC[C@H]6[C@H](C)CC[C@@H]([C@H]3C)[C@@]46OO5)CC2)O[C@@H]2O[C@@]3(C)CC[C@H]4[C@H](C)CC[C@@H]1[C@@]24OO3,3.3,C[C@H]1[C@@H](O[C@H]2CC[C@@H](O[C@H]3O[C@@H]4O[C@@]5(C)CC[C@H]6[C@H](C)CC[C@@H]([C@H]3C)[C@@]46OO5)CC2)O[C@@H]2O[C@@]3(C)CC[C@H]4[C@H](C)CC[C@@H]1[C@@]24OO3,MGJIRTKAVNMUAQ-MQSZLKDQSA-N,1,train
Cc1ccc(B(O)O)cc1,22.0,Cc1ccc(B(O)O)cc1,BIWQNIMLAISTBV-UHFFFAOYSA-N,0,train
COc1cc(OC)cc(-c2cc3cnc(N)cc3nc2NC(=O)NC(C)(C)C)c1,0.0055,COc1cc(OC)cc(-c2cc3cnc(N)cc3nc2NC(=O)NC(C)(C)C)c1,MCZADMNBTWSHHB-UHFFFAOYSA-N,1,train
N=C(N)NCCC[C@H](NC(=O)[C@@H](NC(=O)[C@H](Cc1c[nH]c2ccccc12)NC(=O)[C@H](CCCNC(=N)N)NC(=O)[C@H](CCCNC(=N)N)NC(=O)[C@H](Cc1c[nH]c2ccccc12)NC(=O)[C@H](Cc1c[nH]c2ccccc12)NC(=O)[C@H](CCCNC(=N)N)NC(=O)[C@@H](N)CCCNC(=N)N)C(c1ccccc1)c1ccccc1)C(N)=O,31.1,N=C(N)NCCC[C@H](NC(=O)[C@@H](NC(=O)[C@H](Cc1c[nH]c2ccccc12)NC(=O)[C@H](CCCNC(=N)N)NC(=O)[C@H](CCCNC(=N)N)NC(=O)[C@H](Cc1c[nH]c2ccccc12)NC(=O)[C@H](Cc1c[nH]c2ccccc12)NC(=O)[C@H](CCCNC(=N)N)NC(=O)[C@@H](N)CCCNC(=N)N)C(c1ccccc1)c1ccccc1)C(N)=O,PLELTZNXKDXRTJ-BVLMKLANSA-N,0,train
O=C1Nc2ccccc2/C1=C/c1ccc(-c2cn(-c3ccc(Cl)c(C(F)(F)F)c3)nn2)cc1,20.0,O=C1Nc2ccccc2/C1=C/c1ccc(-c2cn(-c3ccc(Cl)c(C(F)(F)F)c3)nn2)cc1,UGZFSMLRVJPGGE-WQRHYEAKSA-N,0,train
N#Cc1ccc2[nH]c(-c3cccc(NC(=S)NC(=O)c4ccc5c(c4)OCO5)c3)nc2c1,6.0,N#Cc1ccc2[nH]c(-c3cccc(NC(=S)NC(=O)c4ccc5c(c4)OCO5)c3)nc2c1,FBDJKGFJMLXBMT-UHFFFAOYSA-N,1,train
CNS(=O)(=O)c1ccc2nc(-c3c(N)n[nH]c3C)sc2c1,4.2,CNS(=O)(=O)c1ccc2nc(-c3c(N)n[nH]c3C)sc2c1,AVXBZMGJOBYYHF-UHFFFAOYSA-N,1,train
Cc1nc2cnc3ccc(-c4cc(Cl)c(O)c(Cl)c4)cc3c2n1C1CCN(C)CC1,10.0,Cc1nc2cnc3ccc(-c4cc(Cl)c(O)c(Cl)c4)cc3c2n1C1CCN(C)CC1,JEESDVDVWGRNFE-UHFFFAOYSA-N,1,train
O=C1Cc2cc(N3CC[C@](O)(C(=O)NCc4cc(F)cc(Cl)c4)C3=O)ccc2N1,0.17,O=C1Cc2cc(N3CC[C@](O)(C(=O)NCc4cc(F)cc(Cl)c4)C3=O)ccc2N1,ORZFRLILCIPIFT-FQEVSTJZSA-N,1,train
CCCOCC1COC2(CCN(c3nc(=O)c4cc(C(F)(F)F)cc([N+](=O)[O-])c4s3)CC2)O1,50.0,CCCOCC1COC2(CCN(c3nc(=O)c4cc(C(F)(F)F)cc([N+](=O)[O-])c4s3)CC2)O1,KKWGOGDCVHVVPR-UHFFFAOYSA-N,0,train
COc1cc2c(cc1O)CC[C@@H]1[C@@H]2CC[C@]2(C)CCC[C@@H]12,1.32,COc1cc2c(cc1O)CC[C@@H]1[C@@H]2CC[C@]2(C)CCC[C@@H]12,ZAKWVBZLRDHTMB-MVWRLGRASA-N,1,train
CC(C(N)=O)c1ccccc1CCc1nc(Nc2cnn(C3CCNCC3)c2)ncc1C(F)(F)F,2.224,CC(C(N)=O)c1ccccc1CCc1nc(Nc2cnn(C3CCNCC3)c2)ncc1C(F)(F)F,ZYAMSUYXTXWKGM-UHFFFAOYSA-N,1,train
Cc1[nH]c(/C=C2\C(=O)Nc3ccc(C(=O)NNc4ccccc4)cc32)c(C)c1CCC(=O)O,27.4,Cc1[nH]c(/C=C2\C(=O)Nc3ccc(C(=O)NNc4ccccc4)cc32)c(C)c1CCC(=O)O,GCZQBFMPHLFNIO-MOSHPQCFSA-N,0,train
O=C1C[C@H]2C(=C3c4c2ccc(O)c4[C@@H](O)C[C@@H]3O)c2cccc(O)c21,21.0,O=C1C[C@H]2C(=C3c4c2ccc(O)c4[C@@H](O)C[C@@H]3O)c2cccc(O)c21,PBYZCDIEUANPBF-ONERCXAPSA-N,0,train
CCOC(=O)Nc1nc2c(s1)CCCc1ccccc1-2,9.2,CCOC(=O)Nc1nc2c(s1)CCCc1ccccc1-2,YJAXLZXTAFZVLJ-UHFFFAOYSA-N,1,train
COc1ccc(/C=C/C(=O)N2C[C@@H](NC(=O)c3cccc4no[n+]([O-])c34)C[C@H]2C(=O)NO)cc1OC,42.33,COc1ccc(/C=C/C(=O)N2C[C@@H](NC(=O)c3cccc4no[n+]([O-])c34)C[C@H]2C(=O)NO)cc1OC,MWEPJNWXNQVPGL-YCQIBGRGSA-N,0,train
Cc1cc(COC(=O)N2CCN(c3ccc(Nc4ncc(C)c(Nc5cccc(S(=O)(=O)NC(C)(C)C)c5)n4)cc3)CC2)c(OCc2cnc([N+](=O)[O-])n2C)c(COC(=O)n2cc(NC(=O)NC3CC3)c(-c3nc4cc(CN5CCOCC5)ccc4[nH]3)n2)c1,84.37,Cc1cc(COC(=O)N2CCN(c3ccc(Nc4ncc(C)c(Nc5cccc(S(=O)(=O)NC(C)(C)C)c5)n4)cc3)CC2)c(OCc2cnc([N+](=O)[O-])n2C)c(COC(=O)n2cc(NC(=O)NC3CC3)c(-c3nc4cc(CN5CCOCC5)ccc4[nH]3)n2)c1,ZCLBRBJNHZVQCZ-UHFFFAOYSA-N,0,train
COc1cc([C@@H]2c3cc4c(cc3[C@@H](c3nc5ccccc5o3)[C@H]3COC(=O)[C@H]23)OCO4)cc(OC)c1O,15.6,COc1cc([C@@H]2c3cc4c(cc3[C@@H](c3nc5ccccc5o3)[C@H]3COC(=O)[C@H]23)OCO4)cc(OC)c1O,LVHZXSMTAVYCRF-HAONIAKBSA-N,0,train
O=C1/C(=C/c2ccc(F)cc2)Oc2ccc(O)cc21,39.45,O=C1/C(=C/c2ccc(F)cc2)Oc2ccc(O)cc21,GSNIGYCXCMMEKV-AUWJEWJLSA-N,0,train
CCOC(=O)C1ON(c2ccccc2)C(c2cccc(Br)c2)C12C(=O)Nc1ccccc12,57.0,CCOC(=O)C1ON(c2ccccc2)C(c2cccc(Br)c2)C12C(=O)Nc1ccccc12,DLCGXEAUBCDGKR-UHFFFAOYSA-N,0,train
Nc1nc2c(s1)CCCc1ccc(F)cc1-2,14.8,Nc1nc2c(s1)CCCc1ccc(F)cc1-2,QFTISIJPKAFNNL-UHFFFAOYSA-N,0,train
C/C=C(\C)C(=O)C[C@]1(O)[C@@]2(C)CCCC(C)(C)[C@]2(O)CC[C@@]1(C)O,10.0,C/C=C(\C)C(=O)C[C@]1(O)[C@@]2(C)CCCC(C)(C)[C@]2(O)CC[C@@]1(C)O,TYUIIMQERZUJOC-ZOPCPIMVSA-N,1,train
COc1ccc(CNC(=O)c2ccccc2Sc2ccc3c(/C=C/c4ccccn4)n[nH]c3c2)cc1,0.015,COc1ccc(CNC(=O)c2ccccc2Sc2ccc3c(/C=C/c4ccccn4)n[nH]c3c2)cc1,MDSQPQXKNNYOAO-LFIBNONCSA-N,1,train
O=[N+]([O-])c1ccc(-c2cc(-c3ccc(O)cc3)no2)cc1,27.0,O=[N+]([O-])c1ccc(-c2cc(-c3ccc(O)cc3)no2)cc1,ZVEGREDOONHQHF-UHFFFAOYSA-N,0,train
CCCNC(=O)Nc1ccc(Oc2ncnc3ccn(C)c23)cc1,24.0,CCCNC(=O)Nc1ccc(Oc2ncnc3ccn(C)c23)cc1,ASKIKAANLSSJGL-UHFFFAOYSA-N,0,train
COc1ccc(-c2ccc3c(c2)NC(=O)/C3=C\c2cc3c([nH]2)CCCC3)cc1,12.5,COc1ccc(-c2ccc3c(c2)NC(=O)/C3=C\c2cc3c([nH]2)CCCC3)cc1,DPKWEIZIBQDTFF-STZFKDTASA-N,0,train
C=CC(C)(C)c1[nH]c2ccccc2c1/C=C1\NC(=O)[C@@]2(C[C@@H](C)C=C[C@H]2/C=C/c2c(OC(C)=O)cc(CC=C(C)C)c(OC(C)=O)c2C=O)NC1=O,12.6,C=CC(C)(C)c1[nH]c2ccccc2c1/C=C1\NC(=O)[C@@]2(C[C@@H](C)C=C[C@H]2/C=C/c2c(OC(C)=O)cc(CC=C(C)C)c(OC(C)=O)c2C=O)NC1=O,PXDMIARDGULLOP-RMDYXYBESA-N,0,train
O=C(CCCCNCc1cc(Cl)c2cccnc2c1O)Nc1ccccc1,50.0,O=C(CCCCNCc1cc(Cl)c2cccnc2c1O)Nc1ccccc1,JFBFIAKBXZTFMF-UHFFFAOYSA-N,0,train
Cc1ccc(NC(=O)Cn2cc(-c3ccc4c(NC(=O)c5ccc(N6CCN(CCCCC(=O)N[C@H](C(=O)N7C[C@H](O)C[C@H]7C(=O)NCc7ccc(-c8scnc8C)cc7)C(C)(C)C)CC6)cc5)n[nH]c4c3)cn2)cc1C(F)(F)F,50.0,Cc1ccc(NC(=O)Cn2cc(-c3ccc4c(NC(=O)c5ccc(N6CCN(CCCCC(=O)N[C@H](C(=O)N7C[C@H](O)C[C@H]7C(=O)NCc7ccc(-c8scnc8C)cc7)C(C)(C)C)CC6)cc5)n[nH]c4c3)cn2)cc1C(F)(F)F,AMUZAYCPNSMZKI-CPKYMOPRSA-N,0,train
CNS(=O)(=O)c1ccc(OC/C(=C/F)CN)cc1,100.0,CNS(=O)(=O)c1ccc(OC/C(=C/F)CN)cc1,RVCAAPOJOTYELI-RMKNXTFCSA-N,0,train
COc1cc(O)cc2c1C(=O)[C@H](Cc1ccc(O)c(O)c1)CO2,14.0,COc1cc(O)cc2c1C(=O)[C@H](Cc1ccc(O)c(O)c1)CO2,MEVZQUMOUGNZRF-SNVBAGLBSA-N,0,train
O=C1C=C(C2C=CCCC2)C(=O)C=C1C1C=CCCC1,6.2,O=C1C=C(C2C=CCCC2)C(=O)C=C1C1C=CCCC1,KQBSQLOEOXBTKV-UHFFFAOYSA-N,1,train
Cc1c(F)c(N)cc(C(=O)Nc2cc(-c3ccc(NC(=O)CCCN)cc3)ccc2N2CCN(C)CC2)c1Cl,100.0,Cc1c(F)c(N)cc(C(=O)Nc2cc(-c3ccc(NC(=O)CCCN)cc3)ccc2N2CCN(C)CC2)c1Cl,PVXYYWORFYROCX-UHFFFAOYSA-N,0,train
Nc1ccccc1NC(=O)c1ccc(CNC(=O)c2cc3ccc(OCc4ccccc4Cl)cc3oc2=O)cc1,100.0,Nc1ccccc1NC(=O)c1ccc(CNC(=O)c2cc3ccc(OCc4ccccc4Cl)cc3oc2=O)cc1,LASNHWJIJGTWSW-UHFFFAOYSA-N,0,train
Cc1c(CN2CCCC2)cc(-c2ccc(F)cc2)n1Nc1ccnc2cc(Cl)ccc12,10.07,Cc1c(CN2CCCC2)cc(-c2ccc(F)cc2)n1Nc1ccnc2cc(Cl)ccc12,MHMTYYBTXYYSJV-UHFFFAOYSA-N,0,train
COc1ccc2c(c1)CCc1c(-c3ccc(SC(F)(F)F)cc3)noc1-2,100.0,COc1ccc2c(c1)CCc1c(-c3ccc(SC(F)(F)F)cc3)noc1-2,MDMYBZGYDDBSAP-UHFFFAOYSA-N,0,train
COc1cc2c(Nc3ccc(Cl)cc3F)ncnc2cc1OCCCN1CCCC1.Cl,5.0,COc1cc2c(Nc3ccc(Cl)cc3F)ncnc2cc1OCCCN1CCCC1,KQVFLNYZDGJFNM-UHFFFAOYSA-N,1,train
CN(c1ccc(NC(=O)Nc2c(Cl)cccc2Cl)cc1)c1ccnc(Nc2cccc(CS(C)(=O)=O)c2)n1,0.029,CN(c1ccc(NC(=O)Nc2c(Cl)cccc2Cl)cc1)c1ccnc(Nc2cccc(CS(C)(=O)=O)c2)n1,NXPQZPWXVHIWGN-UHFFFAOYSA-N,1,train
COc1ccc(CC2COc3cc(OC)c(OC)c(OC)c3C2=O)cc1OCc1ccccc1,100.0,COc1ccc(CC2COc3cc(OC)c(OC)c(OC)c3C2=O)cc1OCc1ccccc1,XYYLERNELNRTJI-UHFFFAOYSA-N,0,train
COC(=O)c1ccc2c(c1)NC(=O)/C2=C(\Nc1ccc(N(C)C(=O)Cn2ccnc2)cc1)c1ccccc1,0.052,COC(=O)c1ccc2c(c1)NC(=O)/C2=C(\Nc1ccc(N(C)C(=O)Cn2ccnc2)cc1)c1ccccc1,FTERNYMEXWLTAM-RQZHXJHFSA-N,1,train
COCCNS(=O)(=O)c1ccc2c(c1)C(=C(c1ccccc1)c1nc3ccccc3[nH]1)C(=O)N2,30.0,COCCNS(=O)(=O)c1ccc2c(c1)C(=C(c1ccccc1)c1nc3ccccc3[nH]1)C(=O)N2,BJAASXVXFJHSDM-UHFFFAOYSA-N,0,train
Cl.c1ccc(-c2cccc(Nc3ncnc4cc5c(cc34)OCO5)c2)cc1,0.75,c1ccc(-c2cccc(Nc3ncnc4cc5c(cc34)OCO5)c2)cc1,WYQRWWCPRIGMCS-UHFFFAOYSA-N,1,train
Cc1cc(C(=O)Nc2ccc(Oc3ccc4nc(NC(=O)C5CC5)cn4n3)cc2)nn1-c1ccccc1,1.0,Cc1cc(C(=O)Nc2ccc(Oc3ccc4nc(NC(=O)C5CC5)cn4n3)cc2)nn1-c1ccccc1,MZTUKIVBKFNLSN-UHFFFAOYSA-N,1,train
COc1c(C)cnc(C[S+]([O-])c2nnc(-c3cccc(F)c3)o2)c1C,12.0,COc1c(C)cnc(C[S+]([O-])c2nnc(-c3cccc(F)c3)o2)c1C,QWFXYTRUVJXEJF-UHFFFAOYSA-N,0,train
COc1cc(C(=O)N(C)C)ccc1OCC(=CF)CN,100.0,COc1cc(C(=O)N(C)C)ccc1OCC(=CF)CN,PMMSHCNZOXUMKX-UHFFFAOYSA-N,0,train
CN1c2ccc(F)cc2C(=O)N2CCc3c([nH]c4ccc(OC(=O)CCSSCCC(=O)Oc5ccc6[nH]c7c(c6c5)CCN5C(=O)c6cc(F)ccc6N(C)C75)cc34)C21,0.13,CN1c2ccc(F)cc2C(=O)N2CCc3c([nH]c4ccc(OC(=O)CCSSCCC(=O)Oc5ccc6[nH]c7c(c6c5)CCN5C(=O)c6cc(F)ccc6N(C)C75)cc34)C21,XCTVTRVCRKGTIM-UHFFFAOYSA-N,1,train
Cc1ccc(Sc2cncc3sc(C=O)cc23)cc1,13.0,Cc1ccc(Sc2cncc3sc(C=O)cc23)cc1,YUDWJDUKAOPKOV-UHFFFAOYSA-N,0,train
Nc1c2cnnc-2[nH]c(O)c1-c1nc2ccccc2[nH]1,3.82,Nc1c2cnnc-2[nH]c(O)c1-c1nc2ccccc2[nH]1,DOTKFWRQMGDIDY-UHFFFAOYSA-N,1,train
Nc1ccccc1NC(=O)c1ccc(Cn2c(=O)[nH]c3ccccc3c2=O)cc1,18.0,Nc1ccccc1NC(=O)c1ccc(Cn2c(=O)[nH]c3ccccc3c2=O)cc1,FOVMHXCGSPMFTG-UHFFFAOYSA-N,0,train
Cc1ccc(NC(=O)Cn2cc(-c3ccc4c(NC(=O)c5ccc(NC(=O)CCCCCCCCCC(=O)N[C@H](C(=O)N6C[C@H](O)C[C@H]6C(=O)NCc6ccc(-c7scnc7C)cc6)C(C)(C)C)cc5)n[nH]c4c3)cn2)cc1C(F)(F)F,50.0,Cc1ccc(NC(=O)Cn2cc(-c3ccc4c(NC(=O)c5ccc(NC(=O)CCCCCCCCCC(=O)N[C@H](C(=O)N6C[C@H](O)C[C@H]6C(=O)NCc6ccc(-c7scnc7C)cc6)C(C)(C)C)cc5)n[nH]c4c3)cn2)cc1C(F)(F)F,NPBQJTWLRKZIBC-FIQOJKKOSA-N,0,train
Oc1nc2cnccc2c(O)c1-c1nc2ccccc2[nH]1,2.2,Oc1nc2cnccc2c(O)c1-c1nc2ccccc2[nH]1,ARRAFPHWAWKGMF-UHFFFAOYSA-N,1,train
COC1=C(Cc2ccc(Cl)cc2)C(=O)C2=C(NCCS2(=O)=O)C1=O,8.51,COC1=C(Cc2ccc(Cl)cc2)C(=O)C2=C(NCCS2(=O)=O)C1=O,VVKXCPFNTQEQDE-UHFFFAOYSA-N,1,train
C=CCc1cc(-c2cccc([N+](=O)[O-])c2)ccc1OC,100.0,C=CCc1cc(-c2cccc([N+](=O)[O-])c2)ccc1OC,DPYMMFWOBPYQMW-UHFFFAOYSA-N,0,train
COc1c(C)cnc(C[S+]([O-])c2nnc(-c3ccccc3)o2)c1C,6.0,COc1c(C)cnc(C[S+]([O-])c2nnc(-c3ccccc3)o2)c1C,FYXTVYSCGXQOEL-UHFFFAOYSA-N,1,train
CCc1cc2c(O)ncnc2s1,100.0,CCc1cc2c(O)ncnc2s1,GXZAQJCUXCKYKB-UHFFFAOYSA-N,0,train
Cc1ccc(Sc2cncc3sc(C(=O)NCCCN4CCOCC4)cc23)cc1,68.0,Cc1ccc(Sc2cncc3sc(C(=O)NCCCN4CCOCC4)cc23)cc1,BAMQIZHSONHTIY-UHFFFAOYSA-N,0,train
CCC(C)n1ncn(-c2ccc(N3CCN(c4ccc(OC[C@@H]5CO[C@@](Cn6ncnn6)(c6ccc(Cl)cc6Cl)O5)cc4)CC3)cc2)c1=O,0.124,CCC(C)n1ncn(-c2ccc(N3CCN(c4ccc(OC[C@@H]5CO[C@@](Cn6ncnn6)(c6ccc(Cl)cc6Cl)O5)cc4)CC3)cc2)c1=O,VLAFGIWFFQZKAB-ZOTGSTGKSA-N,1,train
CCc1ccc2c(CC(=O)O)c(C(=O)c3cc(C)ccn3)[nH]c2c1,0.414,CCc1ccc2c(CC(=O)O)c(C(=O)c3cc(C)ccn3)[nH]c2c1,PUNPGZCYHPEVOI-UHFFFAOYSA-N,1,train
c1ccc(C(c2ccc(CCCN3CCNCC3)cc2)C23CC4CC(CC(C4)C2)C3)cc1,0.00397,c1ccc(C(c2ccc(CCCN3CCNCC3)cc2)C23CC4CC(CC(C4)C2)C3)cc1,NLPCIAQGLDYVHC-UHFFFAOYSA-N,1,train
Cc1ccc(/C=C/c2nnc(-c3ccc4c(c3)OCCO4)o2)cc1,45.21,Cc1ccc(/C=C/c2nnc(-c3ccc4c(c3)OCCO4)o2)cc1,PGWVHVCHKBBDCE-RMKNXTFCSA-N,0,train
O=C(c1ccc(NC2CCCCC2)c(NCc2ccccc2)c1)N1CCN(Cc2ccc(-c3ccccc3)c(-c3ccccc3)c2)CC1,0.61,O=C(c1ccc(NC2CCCCC2)c(NCc2ccccc2)c1)N1CCN(Cc2ccc(-c3ccccc3)c(-c3ccccc3)c2)CC1,JSEHNOXMPNSQOS-UHFFFAOYSA-N,1,train
COc1ccc(/C=C/C(=O)c2cc(C/C=C(/C)CCC=C(C)C)c(OC)c(C/C=C(\C)CCC=C(C)C)c2OC)cc1,46.46,COc1ccc(/C=C/C(=O)c2cc(C/C=C(/C)CCC=C(C)C)c(OC)c(C/C=C(\C)CCC=C(C)C)c2OC)cc1,USCYKLKFCCVBPW-XEZMPTCFSA-N,0,train
COC(=O)c1ccc2c(c1)NC(=O)/C2=C(\Nc1ccc(NC(=O)CN2CCN(C)CC2)cc1)c1ccccc1,0.083,COC(=O)c1ccc2c(c1)NC(=O)/C2=C(\Nc1ccc(NC(=O)CN2CCN(C)CC2)cc1)c1ccccc1,MJBOSKJANLJEQK-DQSJHHFOSA-N,1,train
CC(C)c1c(-c2nnc(O[C@H]3CCNC3)o2)cn2ncnc(Nc3cc(C(=O)NC4CC4)c(F)cc3F)c12,0.035,CC(C)c1c(-c2nnc(O[C@H]3CCNC3)o2)cn2ncnc(Nc3cc(C(=O)NC4CC4)c(F)cc3F)c12,WICCBBOVLJSUTQ-AWEZNQCLSA-N,1,train
CCOc1ccc(-n2nncc2CN2C(=O)C3(C(C#N)=C(N)Oc4c(N)cc5nc6ccccc6nc5c43)c3ccccc32)cc1,50.0,CCOc1ccc(-n2nncc2CN2C(=O)C3(C(C#N)=C(N)Oc4c(N)cc5nc6ccccc6nc5c43)c3ccccc32)cc1,VASSZQCODNLUGY-UHFFFAOYSA-N,0,train
Cc1cc(C(=O)NCCO)ccc1-n1c2ccc(F)cc2c2[nH]ncc21,0.01995,Cc1cc(C(=O)NCCO)ccc1-n1c2ccc(F)cc2c2[nH]ncc21,OTERKSQZXOAQLU-UHFFFAOYSA-N,1,train
COc1cccc(Nc2nn(C)c3cc(Oc4ccnc5cc(OC)c(OC)cc45)ccc23)c1,1.0,COc1cccc(Nc2nn(C)c3cc(Oc4ccnc5cc(OC)c(OC)cc45)ccc23)c1,AUGQHXWHUSGUPE-UHFFFAOYSA-N,1,train
O=C(Nc1ccc(-c2ccnc3[nH]ccc23)cc1)c1ccc(Cl)cc1,50.0,O=C(Nc1ccc(-c2ccnc3[nH]ccc23)cc1)c1ccc(Cl)cc1,QLQCNUOUVLIPMK-UHFFFAOYSA-N,0,train
CN(C)CCN1C(=O)CCC(N2C(=O)C(c3ccccc3)=C(c3ccccc3)C2=O)C1=O,50.0,CN(C)CCN1C(=O)CCC(N2C(=O)C(c3ccccc3)=C(c3ccccc3)C2=O)C1=O,AOPUCXJOQDSGGJ-UHFFFAOYSA-N,0,train
COc1ccc(-c2cc(NCCO)c3ccccc3n2)cc1,39.7,COc1ccc(-c2cc(NCCO)c3ccccc3n2)cc1,WWFGUJIOIPKNLY-UHFFFAOYSA-N,0,train
O=C(CCCCCCC(=O)c1ccc(N2CCN(c3ccccc3)CC2)cc1)NO,20.0,O=C(CCCCCCC(=O)c1ccc(N2CCN(c3ccccc3)CC2)cc1)NO,UJCCTPWYHNNBCH-UHFFFAOYSA-N,0,train
c1cnc2c(c1)CCC/C2=N\Nc1nc2cc3c(cc2s1)CCC3,1.3,c1cnc2c(c1)CCC/C2=N\Nc1nc2cc3c(cc2s1)CCC3,QOFUNMDSOXQIRO-PXLXIMEGSA-N,1,train
Cc1nc(Nc2ccc(NC(=O)c3cccc(Cl)c3)cc2)c2nc(-c3ccc(Cl)cc3)oc2n1,1.31,Cc1nc(Nc2ccc(NC(=O)c3cccc(Cl)c3)cc2)c2nc(-c3ccc(Cl)cc3)oc2n1,RMRDDWJMVHIFPJ-UHFFFAOYSA-N,1,train
COc1ccc(-c2noc3c2CCc2cc(OC)ccc2-3)cc1,100.0,COc1ccc(-c2noc3c2CCc2cc(OC)ccc2-3)cc1,VSAKXIZVRAWEIR-UHFFFAOYSA-N,0,train
C/C=C\c1ccc(O[C@H](C)[C@H](OC(C)=O)c2ccc(OC)c(OC)c2)c(OC)c1,25.93,C/C=C\c1ccc(O[C@H](C)[C@H](OC(C)=O)c2ccc(OC)c(OC)c2)c(OC)c1,PYVVKTYHVHGNMI-ZJTDORCHSA-N,0,train
O=C(Nc1ccc(OC(F)(F)F)cc1)NC1CCN(C(=O)c2cccnc2)CC1,0.0067,O=C(Nc1ccc(OC(F)(F)F)cc1)NC1CCN(C(=O)c2cccnc2)CC1,VZQKXLOSWIHURY-UHFFFAOYSA-N,1,train
O=S(=O)(Nc1cc(Sc2ncnc3nc[nH]c23)c(O)c2ccccc12)c1ccccc1,7.34,O=S(=O)(Nc1cc(Sc2ncnc3nc[nH]c23)c(O)c2ccccc12)c1ccccc1,YQIBKKMAEYZDOG-UHFFFAOYSA-N,1,train
COc1cc2nccc(Oc3ccc4c(c3)OCCN4C(N)=O)c2cc1OC,0.28,COc1cc2nccc(Oc3ccc4c(c3)OCCN4C(N)=O)c2cc1OC,DYKYNDZJFGABKQ-UHFFFAOYSA-N,1,train
CN(Cc1cnc2nc(N)nc(N)c2n1)c1ccc(C(=O)N[C@@H](CCC(=O)O)C(=O)O)cc1,6.13,CN(Cc1cnc2nc(N)nc(N)c2n1)c1ccc(C(=O)N[C@@H](CCC(=O)O)C(=O)O)cc1,FBOZXECLQNJBKD-ZDUSSCGKSA-N,1,train
Oc1ccc(-c2ccc3c(/C=C/c4ccccc4)n[nH]c3c2)cc1OCc1ccccc1,1.0,Oc1ccc(-c2ccc3c(/C=C/c4ccccc4)n[nH]c3c2)cc1OCc1ccccc1,XNXRPRVBGWBMQP-RVDMUPIBSA-N,1,train
CN(C)CCN(C)c1ccnc(CN2CCN(c3ccc(Cl)cc3)CC2)c1,50.0,CN(C)CCN(C)c1ccnc(CN2CCN(c3ccc(Cl)cc3)CC2)c1,OBHDKUBMHMWIET-UHFFFAOYSA-N,0,train
CCOP(=O)(OCC)c1c(-c2cc(OC)c(OC)c(OC)c2)oc2c1C(=O)c1ncccc1C2=O,1.82,CCOP(=O)(OCC)c1c(-c2cc(OC)c(OC)c(OC)c2)oc2c1C(=O)c1ncccc1C2=O,MDRYGHYASPHLJR-UHFFFAOYSA-N,1,train
COCOC(C)(C)c1ccc(-c2ccnc(NCc3ccc(C(=O)Nc4ccccc4N)cc3)n2)cn1,49.0,COCOC(C)(C)c1ccc(-c2ccnc(NCc3ccc(C(=O)Nc4ccccc4N)cc3)n2)cn1,HLOQFDAATGAIOL-UHFFFAOYSA-N,0,train
COc1ccc(S(=O)(=O)Nc2cc(Sc3ncnc4nc[nH]c34)c(O)c3ccccc23)cc1OC,4.05,COc1ccc(S(=O)(=O)Nc2cc(Sc3ncnc4nc[nH]c34)c(O)c3ccccc23)cc1OC,OGYAOIRZEOKQGD-UHFFFAOYSA-N,1,train
COc1cc(OC)c(-c2coc3cc(OCc4ccccc4C#N)ccc3c2=O)cc1OC,10.0,COc1cc(OC)c(-c2coc3cc(OCc4ccccc4C#N)ccc3c2=O)cc1OC,LMXGAODXGSQWRY-UHFFFAOYSA-N,1,train
Nc1nc(-c2ccc(Cl)cc2)cs1,10.0,Nc1nc(-c2ccc(Cl)cc2)cs1,DWGWNNCHJPKZNC-UHFFFAOYSA-N,1,train
COc1ccc(C(=O)NC(CO)CO)cc1/C=C/c1ccc(Cl)cc1,1.5,COc1ccc(C(=O)NC(CO)CO)cc1/C=C/c1ccc(Cl)cc1,GBOMYPRPLOPYLH-GORDUTHDSA-N,1,train
COc1cc2c(Nc3c(F)cc(Br)cc3F)ncnc2cc1OCC1CCNCC1,3.0,COc1cc2c(Nc3c(F)cc(Br)cc3F)ncnc2cc1OCC1CCNCC1,PBESGEKOQIKSKI-UHFFFAOYSA-N,1,train
COc1ccccc1NC(=O)[C@]12CC[C@@H](C)[C@H](C)[C@H]1C1=CC(=O)[C@@H]3[C@@]4(C)C[C@@H](O)[C@H](O)[C@@](C)(CO)[C@@H]4CC[C@@]3(C)[C@]1(C)CC2,100.0,COc1ccccc1NC(=O)[C@]12CC[C@@H](C)[C@H](C)[C@H]1C1=CC(=O)[C@@H]3[C@@]4(C)C[C@@H](O)[C@H](O)[C@@](C)(CO)[C@@H]4CC[C@@]3(C)[C@]1(C)CC2,ZRRYBMBSJSROEL-CLQSBWPVSA-N,0,train
Cc1cccc2c1N=C(c1c[nH]c3c(C)cccc13)/C2=N/OCc1cccc(Cl)c1,100.0,Cc1cccc2c1N=C(c1c[nH]c3c(C)cccc13)/C2=N/OCc1cccc(Cl)c1,XODOCRLGNVNUHL-XLVZBRSZSA-N,0,train
CCCc1ccc(NS(=O)(=O)c2ccccc2)c(C(=O)O)c1,60.0,CCCc1ccc(NS(=O)(=O)c2ccccc2)c(C(=O)O)c1,LZDCSXYOKAIIJO-UHFFFAOYSA-N,0,train
NC(=O)C1(c2ccccc2CCc2nc(Nc3cncnc3)ncc2Cl)CC1,10.0,NC(=O)C1(c2ccccc2CCc2nc(Nc3cncnc3)ncc2Cl)CC1,OZGDLMQYSZELNV-UHFFFAOYSA-N,1,train
CCOC(=O)C(=O)N(Cc1ccccc1)c1ccc2c(c1)OC(C)(CO)CN2C,100.0,CCOC(=O)C(=O)N(Cc1ccccc1)c1ccc2c(c1)OC(C)(CO)CN2C,LRNPRVCTQIIDHJ-UHFFFAOYSA-N,0,train
C#CC1Cc2sccc2C(N)=N1,0.12,C#CC1Cc2sccc2C(N)=N1,NNUPDBFRVPMTCH-UHFFFAOYSA-N,1,train
COc1ccc(/C=C\c2cc(OC)c(OC)c(OC)c2)cc1NC(=O)Oc1cc(C)cc(C)c1,0.18,COc1ccc(/C=C\c2cc(OC)c(OC)c(OC)c2)cc1NC(=O)Oc1cc(C)cc(C)c1,DCSFPRUAKTYTIX-FPLPWBNLSA-N,1,train
CC(C)=CCC/C(C)=C/Cc1c(O)ccc(C(=O)/C=C/c2ccc(O)cc2)c1O,100.0,CC(C)=CCC/C(C)=C/Cc1c(O)ccc(C(=O)/C=C/c2ccc(O)cc2)c1O,LRSMBOSQWGHYCW-MDGZPELGSA-N,0,train
O=C(Nc1cccc2cccnc12)c1cccc([N+](=O)[O-])c1,0.0158,O=C(Nc1cccc2cccnc12)c1cccc([N+](=O)[O-])c1,IGPIXGIGDVQTEE-UHFFFAOYSA-N,1,train
C=CCc1cc2c(c(-c3cc(CC=C)c4c(c3)NC(=O)CO4)c1)OCC(=O)N2,82.06,C=CCc1cc2c(c(-c3cc(CC=C)c4c(c3)NC(=O)CO4)c1)OCC(=O)N2,YHGUNINCXVXNNB-UHFFFAOYSA-N,0,train
O=C(NCCO)c1ccc(-n2c3ccc(F)cc3c3[nH]ncc32)cc1,1.99526,O=C(NCCO)c1ccc(-n2c3ccc(F)cc3c3[nH]ncc32)cc1,RZXSROGFHJQWNH-UHFFFAOYSA-N,1,train
CC(=O)N[C@@H](CCCCNC(=N)N)C(=O)N(CC(=O)N[C@@H](CCCCN)C(=O)N(CC(=O)N[C@@H](CCCCNC(=N)N)C(=O)N(CC(=O)N[C@@H](CCCCN)C(=O)N(CC(=O)N[C@@H](CCCCNC(=N)N)C(=O)N(CC(N)=O)Cc1ccccc1)Cc1ccccc1)Cc1ccccc1)Cc1ccccc1)Cc1ccccc1,1000.0,CC(=O)N[C@@H](CCCCNC(=N)N)C(=O)N(CC(=O)N[C@@H](CCCCN)C(=O)N(CC(=O)N[C@@H](CCCCNC(=N)N)C(=O)N(CC(=O)N[C@@H](CCCCN)C(=O)N(CC(=O)N[C@@H](CCCCNC(=N)N)C(=O)N(CC(N)=O)Cc1ccccc1)Cc1ccccc1)Cc1ccccc1)Cc1ccccc1)Cc1ccccc1,PJGYDYWHJRABJN-DUNLYLMNSA-N,0,train
CN(C)CCOCCn1cc(C2=C(c3c[nH]c4ccccc34)C(=O)N(CCN(C)C)C2=O)c2ccccc21,25.0,CN(C)CCOCCn1cc(C2=C(c3c[nH]c4ccccc34)C(=O)N(CCN(C)C)C2=O)c2ccccc21,JVQCZDRHUFJIKV-UHFFFAOYSA-N,0,train
CC(=O)N[C@@H](CCCCN)C(=O)N(CCC(=O)N[C@@H](CCCCNC(=N)N)C(=O)N(CCC(=O)N[C@@H](CCCCN)C(=O)N(CCC(=O)N[C@@H](CCCCNC(=N)N)C(=O)N(CCC(=O)N[C@@H](CCCCN)C(=O)N(CCC(=O)N[C@@H](CCCCNC(=N)N)C(=O)N(CCC(=O)N[C@@H](CCCCN)C(=O)N(CCC(N)=O)[C@@H](C)c1ccccc1)[C@@H](C)c1ccccc1)[C@@H](C)c1ccccc1)[C@@H](C)c1ccccc1)[C@@H](C)c1ccccc1)[C@@H](C)c1ccccc1)[C@@H](C)c1ccccc1,236.0,CC(=O)N[C@@H](CCCCN)C(=O)N(CCC(=O)N[C@@H](CCCCNC(=N)N)C(=O)N(CCC(=O)N[C@@H](CCCCN)C(=O)N(CCC(=O)N[C@@H](CCCCNC(=N)N)C(=O)N(CCC(=O)N[C@@H](CCCCN)C(=O)N(CCC(=O)N[C@@H](CCCCNC(=N)N)C(=O)N(CCC(=O)N[C@@H](CCCCN)C(=O)N(CCC(N)=O)[C@@H](C)c1ccccc1)[C@@H](C)c1ccccc1)[C@@H](C)c1ccccc1)[C@@H](C)c1ccccc1)[C@@H](C)c1ccccc1)[C@@H](C)c1ccccc1)[C@@H](C)c1ccccc1,PVPPQUAUJLPBOO-GMEPNUEASA-N,0,train
Brc1cccc(Nc2ncc3c(n2)-c2ccccc2SC3)c1,7.0,Brc1cccc(Nc2ncc3c(n2)-c2ccccc2SC3)c1,NKCCWVJHLPXTGK-UHFFFAOYSA-N,1,train
CS(=O)(=O)CCN(Cc1ccc(-c2ccc3ncnc(Nc4ccc(OCc5cccc(F)c5)c(Cl)c4)c3c2)o1)C(=O)CCC(=O)OCCN1CCN(CCCN2c3ccccc3Sc3ccc(C(F)(F)F)cc32)CC1,39.62,CS(=O)(=O)CCN(Cc1ccc(-c2ccc3ncnc(Nc4ccc(OCc5cccc(F)c5)c(Cl)c4)c3c2)o1)C(=O)CCC(=O)OCCN1CCN(CCCN2c3ccccc3Sc3ccc(C(F)(F)F)cc32)CC1,FVLLXIJXNMFECS-UHFFFAOYSA-N,0,train
Cc1c(O)c(C)c2c(c1O)C(=O)CC(c1ccc(Cl)cc1)O2,50.0,Cc1c(O)c(C)c2c(c1O)C(=O)CC(c1ccc(Cl)cc1)O2,ICYJGSROWTVUAL-UHFFFAOYSA-N,0,train
CCc1cc2c(Cl)ncnc2s1,100.0,CCc1cc2c(Cl)ncnc2s1,IYTRSBKGPIDYHI-UHFFFAOYSA-N,0,train
CC(C)(O)CCc1ccc(O)c2c(=O)c3c(O)c4c(cc3oc12)O[C@H]1OC=C[C@@]41O,4.249,CC(C)(O)CCc1ccc(O)c2c(=O)c3c(O)c4c(cc3oc12)O[C@H]1OC=C[C@@]41O,VXTQFTUOAJRUDO-IFMALSPDSA-N,1,train
COc1cc([C@@H]2c3cc4c(cc3[C@@H](Nc3ccc5cc[nH]c5c3)[C@H]3COC(=O)[C@H]23)OCO4)cc(OC)c1OC,61.6,COc1cc([C@@H]2c3cc4c(cc3[C@@H](Nc3ccc5cc[nH]c5c3)[C@H]3COC(=O)[C@H]23)OCO4)cc(OC)c1OC,PNWKDDQUAIWIJE-PCULNXKLSA-N,0,train
CSc1nc(NCc2ccc(C(=O)Nc3ccccc3N)cc2)cc(-c2cccnc2)n1,13.0,CSc1nc(NCc2ccc(C(=O)Nc3ccccc3N)cc2)cc(-c2cccnc2)n1,GYEGRQLWDACTGM-UHFFFAOYSA-N,0,train
CS(=O)(=O)Cc1cccc(Nc2nccc(Oc3ccc4c(C(=O)Nc5ccc(Cl)cc5)cccc4c3)n2)c1,0.0042,CS(=O)(=O)Cc1cccc(Nc2nccc(Oc3ccc4c(C(=O)Nc5ccc(Cl)cc5)cccc4c3)n2)c1,RODMIHHMDGIRBE-UHFFFAOYSA-N,1,train
COc1c(F)c2c(c(OC)c1OC)-c1ccc(OC)c(=O)cc1[C@@H](NC(=O)OCc1ccc(NC(=O)[C@H](CCCCN)NC(=O)[C@H](Cc3ccccc3)NC(=O)OCc3ccccc3)cc1)CC2,0.151,COc1c(F)c2c(c(OC)c1OC)-c1ccc(OC)c(=O)cc1[C@@H](NC(=O)OCc1ccc(NC(=O)[C@H](CCCCN)NC(=O)[C@H](Cc3ccccc3)NC(=O)OCc3ccccc3)cc1)CC2,PSQPMWCIYIWAJD-MXVPUGLGSA-N,1,train
CCn1ccc2c3[nH]c(-c4ccccc4)cc(=O)c3ccc21,8.1,CCn1ccc2c3[nH]c(-c4ccccc4)cc(=O)c3ccc21,SWKGWEYHBTXOEH-UHFFFAOYSA-N,1,train
O=C(NCc1cc(F)cc(F)c1)[C@@]1(O)CCN(c2cnc3[nH]cc(Cl)c3c2)C1=O,0.013,O=C(NCc1cc(F)cc(F)c1)[C@@]1(O)CCN(c2cnc3[nH]cc(Cl)c3c2)C1=O,RHDRMVDHQCJZDS-IBGZPJMESA-N,1,train
C=C1C(=O)C=C[C@]2(C)[C@@H]1CC[C@]13C[C@](C)(CC[C@@H]21)C(=O)[C@H]3CN1CCCC1,13.0,C=C1C(=O)C=C[C@]2(C)[C@@H]1CC[C@]13C[C@](C)(CC[C@@H]21)C(=O)[C@H]3CN1CCCC1,QJSSPRJQZPQKQR-XZSGIQCMSA-N,0,train
CC1(C)[C@@H](OC(N)=O)[C@H]2O[C@H]2[C@]2(C=O)[C@H]3CC[C@]4(C)[C@@H](c5ccc(=O)oc5)[C@@H](Cl)C[C@]4(O)C3=CC[C@@H]12,0.0077,CC1(C)[C@@H](OC(N)=O)[C@H]2O[C@H]2[C@]2(C=O)[C@H]3CC[C@]4(C)[C@@H](c5ccc(=O)oc5)[C@@H](Cl)C[C@]4(O)C3=CC[C@@H]12,PRWPKNOLVLDXSO-OYFNOYEBSA-N,1,train
Nc1ccccc1NC(=O)c1ccc(CNc2nccc(-c3ccc(OCCN4CCOCC4)cc3)n2)cc1,8.0,Nc1ccccc1NC(=O)c1ccc(CNc2nccc(-c3ccc(OCCN4CCOCC4)cc3)n2)cc1,JNQMEXNWVKEEEP-UHFFFAOYSA-N,1,train
COC(=O)c1cc2cc(NCc3cc(NC(=O)c4ccc5[nH]ccc5c4)ccc3C)cnc2[nH]1,0.199,COC(=O)c1cc2cc(NCc3cc(NC(=O)c4ccc5[nH]ccc5c4)ccc3C)cnc2[nH]1,QEACCOSLYWQSQM-UHFFFAOYSA-N,1,train
COC1O[C@H](C)[C@@H](C)c2c(C)c3c(c(O)c21)[C@@H]1O[C@H](C)[C@@H](C)c2c(C)c(O)c([C@H]4O[C@H](C)[C@@H](C)c5c(C)c(O)cc(O)c54)c(c21)O3,7.89,COC1O[C@H](C)[C@@H](C)c2c(C)c3c(c(O)c21)[C@@H]1O[C@H](C)[C@@H](C)c2c(C)c(O)c([C@H]4O[C@H](C)[C@@H](C)c5c(C)c(O)cc(O)c54)c(c21)O3,GIHKMCLRUJERAC-ITWOFJKESA-N,1,train
CCOC(=O)/C=C/c1oc2ccc(O)cc2c1C(=O)OCC,4.3,CCOC(=O)/C=C/c1oc2ccc(O)cc2c1C(=O)OCC,XMAAFMCKPBGOGS-BQYQJAHWSA-N,1,train
CCCCCCCCCc1ccccc1B(O)O,11.0,CCCCCCCCCc1ccccc1B(O)O,KGZQCZWTIFBRHM-UHFFFAOYSA-N,0,train
O=C(c1cccc(NC(=O)c2cccc3[nH]ccc23)c1)c1ccc2c(/C=C/c3ccccn3)n[nH]c2c1,0.0009,O=C(c1cccc(NC(=O)c2cccc3[nH]ccc23)c1)c1ccc2c(/C=C/c3ccccn3)n[nH]c2c1,WUJNINTYNJYLEK-ACCUITESSA-N,1,train
CCOP(=O)(OCC)c1c(C)oc2c1C(=O)c1ncccc1C2=O,3.07,CCOP(=O)(OCC)c1c(C)oc2c1C(=O)c1ncccc1C2=O,XWCKEKVBGGPJDP-UHFFFAOYSA-N,1,train
Cc1cccc(C(=O)Nc2cccc(Oc3ccc4c(-c5cc6ccccc6[nH]5)n[nH]c4c3)c2)c1,0.008,Cc1cccc(C(=O)Nc2cccc(Oc3ccc4c(-c5cc6ccccc6[nH]5)n[nH]c4c3)c2)c1,CYHVFOBZUVGNCG-UHFFFAOYSA-N,1,train
COc1cc2c(cc1O)CC[C@@H]1[C@@H]2CC[C@]2(C)/C(=N/NS(=O)(=O)c3ccc(C)cc3)CC[C@@H]12,7.95,COc1cc2c(cc1O)CC[C@@H]1[C@@H]2CC[C@]2(C)/C(=N/NS(=O)(=O)c3ccc(C)cc3)CC[C@@H]12,GAYYAIPFTSBIDH-BMFAISMBSA-N,1,train
CCN(CC)CC(=O)Nc1ccc(Nc2nc(-c3ccc(O)cc3)cc(-c3ccc(O)cc3)n2)cc1,19.0,CCN(CC)CC(=O)Nc1ccc(Nc2nc(-c3ccc(O)cc3)cc(-c3ccc(O)cc3)n2)cc1,KESOPDSMUHZENF-UHFFFAOYSA-N,0,train
C=CCc1cc(C=O)c(O)c(-c2ccc(O)c(CC=C)c2)c1,46.2,C=CCc1cc(C=O)c(O)c(-c2ccc(O)c(CC=C)c2)c1,KABZVLVPWXZMFO-UHFFFAOYSA-N,0,train
C[C@]12C[C@@H](OC(=O)c3ccc(NC(=O)CN4CCCC4)cc3)[C@@H]3c4ccc(O)cc4CC[C@H]3[C@@H]1CC[C@@H]2O,36.05,C[C@]12C[C@@H](OC(=O)c3ccc(NC(=O)CN4CCCC4)cc3)[C@@H]3c4ccc(O)cc4CC[C@H]3[C@@H]1CC[C@@H]2O,HHHHMPDGIQPWPC-DFKRMGCYSA-N,0,train
CCC(C)n1ncn(-c2ccc(N3CCN(c4ccc(OC[C@@H]5CO[C@@](Cn6cnnn6)(c6ccc(Cl)cc6Cl)O5)cn4)CC3)c(F)c2)c1=O,0.1085,CCC(C)n1ncn(-c2ccc(N3CCN(c4ccc(OC[C@@H]5CO[C@@](Cn6cnnn6)(c6ccc(Cl)cc6Cl)O5)cn4)CC3)c(F)c2)c1=O,XGUAGSBIVGQKJF-IXPLNZAYSA-N,1,train
CCC(C)n1ncn(-c2ccc(N3CCN(c4ccc(OC[C@@H]5CO[C@@](Cn6cnnn6)(c6ccc(Cl)cc6Cl)O5)cc4)CC3)c(F)c2)c1=O,0.1534,CCC(C)n1ncn(-c2ccc(N3CCN(c4ccc(OC[C@@H]5CO[C@@](Cn6cnnn6)(c6ccc(Cl)cc6Cl)O5)cc4)CC3)c(F)c2)c1=O,QMZYKRSGHWAYAR-XTJXQDSVSA-N,1,train
O=C1c2c(O)cc(O)cc2OC[C@H]1Cc1ccc(O)cc1,100.0,O=C1c2c(O)cc(O)cc2OC[C@H]1Cc1ccc(O)cc1,FIASLUPJXGTCKM-SNVBAGLBSA-N,0,train
CC(C)Cn1c2ccc(Nc3ncccn3)cc2c2c3c(c4c(c21)CCc1nn(C)cc1-4)C(=O)NC3,0.002,CC(C)Cn1c2ccc(Nc3ncccn3)cc2c2c3c(c4c(c21)CCc1nn(C)cc1-4)C(=O)NC3,AEULIVPVIDOLIN-UHFFFAOYSA-N,1,train
CC1=C(SCCC(=O)OC(C[Se]C2=C(C)C(=O)c3ccccc3C2=O)C(=O)NC(C)(C)C)C(=O)c2ccccc2C1=O,1.0,CC1=C(SCCC(=O)OC(C[Se]C2=C(C)C(=O)c3ccccc3C2=O)C(=O)NC(C)(C)C)C(=O)c2ccccc2C1=O,OENZOXTWQKCLNF-UHFFFAOYSA-N,1,train
COc1ccc(C(N)=O)cc1/C=C/c1ccc(Cl)cc1F,1.7,COc1ccc(C(N)=O)cc1/C=C/c1ccc(Cl)cc1F,GTJHTNBEYXHAHS-NSCUHMNNSA-N,1,train
Cc1ccc(Oc2ccc3nc(NC(=O)C4CC4)nn3c2)cc1NC(=O)c1scc(C)c1Cl,0.0016,Cc1ccc(Oc2ccc3nc(NC(=O)C4CC4)nn3c2)cc1NC(=O)c1scc(C)c1Cl,KINKUBRQQSHDKF-UHFFFAOYSA-N,1,train
CO[C@@H]1[C@H](OC(=O)N[C@@H](C(N)=O)C(C)C)CC[C@]2(O)CO[C@](C)([C@H](O)CC=C(C)C)[C@@H]12,30.0,CO[C@@H]1[C@H](OC(=O)N[C@@H](C(N)=O)C(C)C)CC[C@]2(O)CO[C@](C)([C@H](O)CC=C(C)C)[C@@H]12,XNNPTYCPWACBKC-YGNPUIHWSA-N,0,train
Cl.Fc1ccc(Nc2cc3nc4ccccc4n(-c4ccc(F)cc4)c-3c/c2=N/CCCCCCC23CCCCN2CCCC3)cc1,1.87,Fc1ccc(Nc2cc3nc4ccccc4n(-c4ccc(F)cc4)c-3c/c2=N/CCCCCCC23CCCCN2CCCC3)cc1,RWPYPIHGTGMDON-OEXHGEGMSA-N,1,train
COc1ccccc1NC(C)=C1C(=O)CC(c2ccccc2F)CC1=O,4.3,COc1ccccc1NC(C)=C1C(=O)CC(c2ccccc2F)CC1=O,HNZVEDQEDVPNCS-UHFFFAOYSA-N,1,train
COc1cc2c(Oc3ccc(NC(=O)Nc4ccc(C(F)(F)F)cc4)c(Cl)c3)ncnc2cc1OCCCN1CCCC1,0.00073,COc1cc2c(Oc3ccc(NC(=O)Nc4ccc(C(F)(F)F)cc4)c(Cl)c3)ncnc2cc1OCCCN1CCCC1,HPTVZCOLBBFDMI-UHFFFAOYSA-N,1,train
O=C1C[C@H]2C(=C3c4c2ccc(O)c4[C@H](O)C[C@@H]3O)c2cccc(O)c21,17.0,O=C1C[C@H]2C(=C3c4c2ccc(O)c4[C@H](O)C[C@@H]3O)c2cccc(O)c21,PBYZCDIEUANPBF-KMUNFCNLSA-N,0,train
N=C(N)NCCC[C@@H]1NC(=O)CC(=O)N[C@H](CC(=O)O)C(=O)N[C@H](Cc2ccccc2)CNC1=O,0.92,N=C(N)NCCC[C@@H]1NC(=O)CC(=O)N[C@H](CC(=O)O)C(=O)N[C@H](Cc2ccccc2)CNC1=O,JBCUWZUACLSOTF-OWCLPIDISA-N,1,train
O=C(Nc1cccc(Oc2ccc3c(/C=C/c4cccs4)n[nH]c3c2)c1)c1ccccc1,0.0016,O=C(Nc1cccc(Oc2ccc3c(/C=C/c4cccs4)n[nH]c3c2)c1)c1ccccc1,WXJKPBGJFGLWAL-WYMLVPIESA-N,1,train
NC(=O)c1cccc2cn(-c3ccc([C@@H]4CCCNC4)cc3)nc12,5.0,NC(=O)c1cccc2cn(-c3ccc([C@@H]4CCCNC4)cc3)nc12,PCHKPVIQAHNQLW-CQSZACIVSA-N,1,train
Cc1ccc(NC(=O)Nc2nnc(Sc3ncnc4scc(-c5ccncc5)c34)s2)cc1Cl,23.2,Cc1ccc(NC(=O)Nc2nnc(Sc3ncnc4scc(-c5ccncc5)c34)s2)cc1Cl,PLKCKRHTBZTKOP-UHFFFAOYSA-N,0,train
CC(=O)OC1CC(C(C)C)OO1,59.32,CC(=O)OC1CC(C(C)C)OO1,SGZKRENWSKQLEJ-UHFFFAOYSA-N,0,train
CCCC[C@@]1(C)C[C@H](C(=O)OC)[C@](CCCC)(OC)OO1,167.3,CCCC[C@@]1(C)C[C@H](C(=O)OC)[C@](CCCC)(OC)OO1,QYBQFEIISTUTFA-VNQPRFMTSA-N,0,train
Cc1cc(C)cc(NC(=O)c2ccccc2SCc2ccncc2)c1,0.0087,Cc1cc(C)cc(NC(=O)c2ccccc2SCc2ccncc2)c1,REPFAPDRWGHNNN-UHFFFAOYSA-N,1,train
Nc1n[nH]c(N2CCNCC2)c1-c1nc2ccccc2s1,16.2,Nc1n[nH]c(N2CCNCC2)c1-c1nc2ccccc2s1,FIJKJYNYFHYOLF-UHFFFAOYSA-N,0,train
Fc1ccc(/C=N/Nc2nc(-c3ccc(Br)cc3)cs2)cc1F,100.0,Fc1ccc(/C=N/Nc2nc(-c3ccc(Br)cc3)cs2)cc1F,GJXLZCLRGVOUTC-DNTJNYDQSA-N,0,train
CS(=O)(=O)Cc1cccc(Nc2nccc(Oc3ccc4c(C(=O)NC5CCC5)cccc4c3)n2)c1,0.0136999999999999,CS(=O)(=O)Cc1cccc(Nc2nccc(Oc3ccc4c(C(=O)NC5CCC5)cccc4c3)n2)c1,LIBWQKPWPKSLKV-UHFFFAOYSA-N,1,train
Clc1ccccc1/C=C/c1nnc(-c2ccc3c(c2)OCCO3)o1,7.71,Clc1ccccc1/C=C/c1nnc(-c2ccc3c(c2)OCCO3)o1,YTROZPGZMOMQSR-SOFGYWHQSA-N,1,train
COCCCNC(=O)c1cccc2cc(Oc3ccnc4cc(OC)c(OC)cc34)ccc12,0.0070999999999999,COCCCNC(=O)c1cccc2cc(Oc3ccnc4cc(OC)c(OC)cc34)ccc12,VGXCATLWCWFSPS-UHFFFAOYSA-N,1,train
O=c1c(Cc2ccc([N+](=O)[O-])cc2)coc2ccccc12,5.4,O=c1c(Cc2ccc([N+](=O)[O-])cc2)coc2ccccc12,GCTGFAIFLFDAGY-UHFFFAOYSA-N,1,train
COc1cc2nccc(Oc3ccc4c(C(=O)Nc5ccc(F)cc5)cccc4c3)c2cc1OC,0.002,COc1cc2nccc(Oc3ccc4c(C(=O)Nc5ccc(F)cc5)cccc4c3)c2cc1OC,ZNCWTNYRBDMTLK-UHFFFAOYSA-N,1,train
COc1cc2c(cc1O)CC[C@@H]1[C@@H]2CC[C@@]2(C)[C@H]1CC[C@]2(C)O,2.4,COc1cc2c(cc1O)CC[C@@H]1[C@@H]2CC[C@@]2(C)[C@H]1CC[C@]2(C)O,IFWYXGWBXGDGHD-BKRJIHRRSA-N,1,train
Cc1ccc(Sc2cncc3sc(CO)cc23)cc1,68.0,Cc1ccc(Sc2cncc3sc(CO)cc23)cc1,WJRCKUZHLDRTKL-UHFFFAOYSA-N,0,train
Nc1ccccc1NC(=O)c1ccc(CNC(=O)c2cc3ccc(OCc4ccccc4)cc3oc2=O)cc1,50.51,Nc1ccccc1NC(=O)c1ccc(CNC(=O)c2cc3ccc(OCc4ccccc4)cc3oc2=O)cc1,KWHWHHYSYKTSTI-UHFFFAOYSA-N,0,train
CCCCNC(=O)c1c(-c2ccc(COC(=O)c3ccc(O)cc3)cc2)oc2ccccc12,100.0,CCCCNC(=O)c1c(-c2ccc(COC(=O)c3ccc(O)cc3)cc2)oc2ccccc12,LNWBUMHSZVTYPB-UHFFFAOYSA-N,0,train
CC1(C)C=Cc2c(ccc3c(=O)c(-c4ccc(C(F)(F)F)cc4)coc23)O1,10.0,CC1(C)C=Cc2c(ccc3c(=O)c(-c4ccc(C(F)(F)F)cc4)coc23)O1,VCHNQZLCZYQBPU-UHFFFAOYSA-N,1,train
COc1ccc(C(=O)NCCO)cc1/C=C/c1ccc(Cl)cc1,0.91,COc1ccc(C(=O)NCCO)cc1/C=C/c1ccc(Cl)cc1,YELBKUGZVHTKIS-GORDUTHDSA-N,1,train
CC(C)Cn1c(=O)n(C)c(=O)c2c(SCCCO)c(Cc3cccc4ccccc34)sc21,1.0,CC(C)Cn1c(=O)n(C)c(=O)c2c(SCCCO)c(Cc3cccc4ccccc34)sc21,SJZYZYMKFRJDEE-UHFFFAOYSA-N,1,train
CCN(CC)C(=O)Oc1cc(CC2COc3cc(OC)c(OC)c(OC)c3C2=O)ccc1OC,100.0,CCN(CC)C(=O)Oc1cc(CC2COc3cc(OC)c(OC)c(OC)c3C2=O)ccc1OC,JIECECDQYMNLJM-UHFFFAOYSA-N,0,train
CCOC(=O)C1=CC[C@@]23CC[C@@H]([C@@](C)(/C=C/C=C(\C)C(=O)O)OC2=O)[C@@]3(OC(C)=O)CC1,1.047,CCOC(=O)C1=CC[C@@]23CC[C@@H]([C@@](C)(/C=C/C=C(\C)C(=O)O)OC2=O)[C@@]3(OC(C)=O)CC1,GSKWIWOAUZQVES-KYNXZXPVSA-N,1,train
COc1ccc(C(=O)COc2cc3oc(=O)ccc3cc2OC)cc1,37.5,COc1ccc(C(=O)COc2cc3oc(=O)ccc3cc2OC)cc1,CNXVVCLHQIDAEA-UHFFFAOYSA-N,0,train
CC1=CC(=O)C(C2C=CCCC2)=CC1=O,9.1,CC1=CC(=O)C(C2C=CCCC2)=CC1=O,ZZAHBAFDZZNNJA-UHFFFAOYSA-N,1,train
CCc1ccc2nc(C(c3ccc(OC)c(OC)c3)n3cc(CCN4CCOCC4)nn3)sc2c1,3.93,CCc1ccc2nc(C(c3ccc(OC)c(OC)c3)n3cc(CCN4CCOCC4)nn3)sc2c1,HBXXNRXKQQLWPY-UHFFFAOYSA-N,1,train
C=CC(=O)Nc1ccc(Cn2cnc3c(-c4cc5ccccc5o4)ncnc32)cc1,79.16,C=CC(=O)Nc1ccc(Cn2cnc3c(-c4cc5ccccc5o4)ncnc32)cc1,PBUVACFYUVHBJI-UHFFFAOYSA-N,0,train
COc1ccc(CNCc2ccc3c(c2)OCO3)cc1.Cl,200.0,COc1ccc(CNCc2ccc3c(c2)OCO3)cc1,GUZQXEQOOYBPGT-UHFFFAOYSA-N,0,train
COc1cc2c(cc1OS(N)(=O)=O)CC[C@@H]1[C@@H]2CC[C@]2(C)C(c3ccnc(Cl)c3)=CC[C@@H]12,2.3,COc1cc2c(cc1OS(N)(=O)=O)CC[C@@H]1[C@@H]2CC[C@]2(C)C(c3ccnc(Cl)c3)=CC[C@@H]12,LQQHTJHINREOKO-SKYHNFRHSA-N,1,train
c1cnc2c(c1)CCC/C2=N\Nc1nc2ccccc2s1,0.9081,c1cnc2c(c1)CCC/C2=N\Nc1nc2ccccc2s1,GYINVIIQVGQIDJ-CPNJWEJPSA-N,1,train
COc1ccc2c(C(=O)c3cc(OC)c(OC)c(OC)c3)coc2c1,0.045,COc1ccc2c(C(=O)c3cc(OC)c(OC)c(OC)c3)coc2c1,ZCEJWIMDJYHYMN-UHFFFAOYSA-N,1,train
CCOC(=O)CNC(=O)C(=O)C(COCc1ccccc1)NC(=O)[C@H](CC1CCCCC1)NC(=O)C1(C)CC1,35.0,CCOC(=O)CNC(=O)C(=O)C(COCc1ccccc1)NC(=O)[C@H](CC1CCCCC1)NC(=O)C1(C)CC1,PFAMZPWQFDXSDW-NQCNTLBGSA-N,0,train
COc1ccc(-c2cn(/N=C/c3cc4ccccc4nc3Cl)c(N)n2)cc1,12.43,COc1ccc(-c2cn(/N=C/c3cc4ccccc4nc3Cl)c(N)n2)cc1,KRCAKOQWXZUNCL-FOKLQQMPSA-N,0,train
CCOP(=O)(CC(=O)NCn1cc(CN2C(=O)c3cccc4c(Br)ccc(c34)C2=O)nn1)OCC,250.0,CCOP(=O)(CC(=O)NCn1cc(CN2C(=O)c3cccc4c(Br)ccc(c34)C2=O)nn1)OCC,ZGLHVQVWPSGLBF-UHFFFAOYSA-N,0,train
O=C1NC(=O)/C(=C\c2ccc(OCC(=O)N3N=C(c4ccc(F)cc4)CC3c3ccco3)cc2)S1,0.7,O=C1NC(=O)/C(=C\c2ccc(OCC(=O)N3N=C(c4ccc(F)cc4)CC3c3ccco3)cc2)S1,KXAPDKXGXJJUQC-WSDLNYQXSA-N,1,train
C=C1CC[C@H]2[C@@H]3CCc4cc(NC=O)c(OC)cc4[C@H]3CC[C@]12C,0.22,C=C1CC[C@H]2[C@@H]3CCc4cc(NC=O)c(OC)cc4[C@H]3CC[C@]12C,ZINHNXNGQOHZSL-ONFYXGJMSA-N,1,train
CN(CCN1C(=O)CCC(N2C(=O)c3ccccc3C2=O)C1=O)CCN1C(=O)CCC(N2C(=O)c3ccccc3C2=O)C1=O,50.0,CN(CCN1C(=O)CCC(N2C(=O)c3ccccc3C2=O)C1=O)CCN1C(=O)CCC(N2C(=O)c3ccccc3C2=O)C1=O,RWTMIVASXVDCTO-UHFFFAOYSA-N,0,train
COc1ccc(/C=C\c2cc(OC)c(OC)c(OC)c2)cc1O,0.0009,COc1ccc(/C=C\c2cc(OC)c(OC)c(OC)c2)cc1O,HVXBOLULGPECHP-WAYWQWQTSA-N,1,train
Cc1[nH]nc(N)c1-c1nc2ccc(S(N)(=O)=O)cc2s1,12.4,Cc1[nH]nc(N)c1-c1nc2ccc(S(N)(=O)=O)cc2s1,NIINYWZQSXMXEO-UHFFFAOYSA-N,0,train
COc1ccccc1C1CC(=O)c2c(O)c(C)c(O)c(C)c2O1,20.0,COc1ccccc1C1CC(=O)c2c(O)c(C)c(O)c(C)c2O1,FBBGOAHRHCYAPA-UHFFFAOYSA-N,0,train
CCOP(=O)(CC(O)Cn1cc(CN2C(=O)c3cccc4c(Br)ccc(c34)C2=O)nn1)OCC,250.0,CCOP(=O)(CC(O)Cn1cc(CN2C(=O)c3cccc4c(Br)ccc(c34)C2=O)nn1)OCC,VIJLKEWUPZYDGC-UHFFFAOYSA-N,0,train
CCc1ccc2nc(N(CCCCCN3CCCC3)c3ccc(OC)c(OC)c3)sc2c1,9.89,CCc1ccc2nc(N(CCCCCN3CCCC3)c3ccc(OC)c(OC)c3)sc2c1,VESPOZPARXAFNE-UHFFFAOYSA-N,1,train
CC(C)=CC(=O)Nc1ccc(Cn2cnc3c(Cl)ncnc32)cc1,77.12,CC(C)=CC(=O)Nc1ccc(Cn2cnc3c(Cl)ncnc32)cc1,LNSNRKRKVKSAOL-UHFFFAOYSA-N,0,train
COc1cc2nccc(Oc3ccc4c(C(=O)NC5CC5)cccc4c3)c2cc1OC,0.00091,COc1cc2nccc(Oc3ccc4c(C(=O)NC5CC5)cccc4c3)c2cc1OC,ZATGFXTWDKIEKC-UHFFFAOYSA-N,1,train
O=C(CCCCc1cn(Cc2ccc(-c3ccccc3)cc2)nn1)NO,5.48,O=C(CCCCc1cn(Cc2ccc(-c3ccccc3)cc2)nn1)NO,OIQKYEYWVXPNRN-UHFFFAOYSA-N,1,train
O=C(Nc1cccc(CNc2ncnc3c2cnn3CCc2ccccc2)c1)c1ccc(F)cc1,15.93,O=C(Nc1cccc(CNc2ncnc3c2cnn3CCc2ccccc2)c1)c1ccc(F)cc1,ZNVLZAOELIFLMB-UHFFFAOYSA-N,0,train
Cc1ccc(NC(=O)Cn2cc(-c3ccc4c(NC(=O)c5ccc(N6CCN(CCCCCCCC(=O)N[C@H](C(=O)N7C[C@H](O)C[C@H]7C(=O)NCc7ccc(-c8scnc8C)cc7)C(C)(C)C)CC6)cc5)n[nH]c4c3)cn2)cc1C(F)(F)F,50.0,Cc1ccc(NC(=O)Cn2cc(-c3ccc4c(NC(=O)c5ccc(N6CCN(CCCCCCCC(=O)N[C@H](C(=O)N7C[C@H](O)C[C@H]7C(=O)NCc7ccc(-c8scnc8C)cc7)C(C)(C)C)CC6)cc5)n[nH]c4c3)cn2)cc1C(F)(F)F,QPBZMFJPACIGBT-IGYHCSNNSA-N,0,train
CCc1ccc2nc(C(c3ccc(O)c(O)c3)n3cc(CCN(C)C)nn3)sc2c1,3.04,CCc1ccc2nc(C(c3ccc(O)c(O)c3)n3cc(CCN(C)C)nn3)sc2c1,YNAVOVQGVNIQFT-UHFFFAOYSA-N,1,train
Nc1ccccc1NC(=O)c1ccc(CNc2nccc(-c3ccsc3)n2)cc1,7.0,Nc1ccccc1NC(=O)c1ccc(CNc2nccc(-c3ccsc3)n2)cc1,GLCJWPFPBMUPAB-UHFFFAOYSA-N,1,train
CO[C@@H]1[C@H](OC(C)=O)CC[C@]2(CO2)[C@H]1[C@@]1(C)O[C@@H]1CC=C(C)C,0.003,CO[C@@H]1[C@H](OC(C)=O)CC[C@]2(CO2)[C@H]1[C@@]1(C)O[C@@H]1CC=C(C)C,WJWIELMYRJKFLK-WJQMWINMSA-N,1,train
CCN(CC)CCn1c2ccc(C3CCCCO3)cc2c2c3c(c4c(c21)CCc1nn(C)cc1-4)C(=O)NC3,0.05,CCN(CC)CCn1c2ccc(C3CCCCO3)cc2c2c3c(c4c(c21)CCc1nn(C)cc1-4)C(=O)NC3,ISFFVEFJUZTAIA-UHFFFAOYSA-N,1,train
C/C=C/C=C/C=C/C[N+](C)(CCCCCCCCCCCCCCCC)Cc1ccccc1.[I-],5.99,C/C=C/C=C/C=C/C[N+](C)(CCCCCCCCCCCCCCCC)Cc1ccccc1,XCBVRBYQCGBHQM-FNTLAHCHSA-N,1,train
C=CC(C)(C)c1cc(-c2cccc([N+](=O)[O-])c2)ccc1O,77.0,C=CC(C)(C)c1cc(-c2cccc([N+](=O)[O-])c2)ccc1O,UUTOVJWXRBMOJD-UHFFFAOYSA-N,0,train
CN(C)CCc1cn(C(c2ccc(O)c(O)c2)C2Oc3ccc(/C=C/OS(=O)(=O)[O-])cc3O2)cn1.[Na+],42.8,CN(C)CCc1cn(C(c2ccc(O)c(O)c2)C2Oc3ccc(/C=C/OS(=O)(=O)O)cc3O2)cn1,ITICFVKCYXSWTO-CSKARUKUSA-N,0,train
Fc1ccc2scc(-c3ccc(F)c(CNCCCNc4ccnc5cc(Cl)ccc45)c3)c2c1,2.76,Fc1ccc2scc(-c3ccc(F)c(CNCCCNc4ccnc5cc(Cl)ccc45)c3)c2c1,GGRTVBHQZYLMHL-UHFFFAOYSA-N,1,train
C[C@H]1[C@H](OC(=O)C2CCc3c(nnn3Cc3ccc4c(c3)OCO4)C2)O[C@@H]2O[C@@]3(C)CC[C@H]4[C@H](C)CC[C@@H]1[C@@]24OO3,35.0,C[C@H]1[C@H](OC(=O)C2CCc3c(nnn3Cc3ccc4c(c3)OCO4)C2)O[C@@H]2O[C@@]3(C)CC[C@H]4[C@H](C)CC[C@@H]1[C@@]24OO3,OCKRVJOLHOEWJV-MYEUIRHJSA-N,0,train
COc1ccc2oc(=O)c(C(=O)C(F)(F)F)c(Nc3ccc4c(c3)OCO4)c2c1,26.27,COc1ccc2oc(=O)c(C(=O)C(F)(F)F)c(Nc3ccc4c(c3)OCO4)c2c1,CKCMUZPDQAQWLJ-UHFFFAOYSA-N,0,train
CCN(CC)CCCNC(=O)CCC(=O)OCCCCCCSc1ccc([N+](=O)[O-])c2nonc12,2.95,CCN(CC)CCCNC(=O)CCC(=O)OCCCCCCSc1ccc([N+](=O)[O-])c2nonc12,HUKUWVMNGPQGBP-UHFFFAOYSA-N,1,train
Cc1ccc(Sc2cncc3sc(C(N)=O)cc23)c(C)c1,10.0,Cc1ccc(Sc2cncc3sc(C(N)=O)cc23)c(C)c1,QFOXETVRYKJOAL-UHFFFAOYSA-N,1,train
CCOC(=O)/C=C/c1coc2cc(O)ccc2c1=O,269.0,CCOC(=O)/C=C/c1coc2cc(O)ccc2c1=O,QBGAOQJAUMFQLN-ZZXKWVIFSA-N,0,train
COc1cc2nccc(CN3CCc4c(cccc4C(=O)Nc4nc5ccccc5s4)C3)c2cc1OC,0.068,COc1cc2nccc(CN3CCc4c(cccc4C(=O)Nc4nc5ccccc5s4)C3)c2cc1OC,LAQGUVOTRDUNDS-UHFFFAOYSA-N,1,train
CC(=O)Nc1ccc2c(c1)/C(=N\O)C(c1c[nH]c3ccc(NC(C)=O)cc13)=N2,100.0,CC(=O)Nc1ccc2c(c1)/C(=N\O)C(c1c[nH]c3ccc(NC(C)=O)cc13)=N2,KDTDHZZZLJPLLR-LKUDQCMESA-N,0,train
Cc1cc(C)cc(Sc2cncc3sc(C(N)=O)cc23)c1,23.0,Cc1cc(C)cc(Sc2cncc3sc(C(N)=O)cc23)c1,FCRPXNKUUDMUOF-UHFFFAOYSA-N,0,train
COc1ccccc1/C=C/c1cc(C(N)=O)ccc1OC,5.7,COc1ccccc1/C=C/c1cc(C(N)=O)ccc1OC,GIEIOPZFDBPMII-BQYQJAHWSA-N,1,train
COc1ccc2c(c1)SCc1cnc(-c3ccc(Cl)cc3)nc1-2,20.0,COc1ccc2c(c1)SCc1cnc(-c3ccc(Cl)cc3)nc1-2,PCAIMSYVYXGTNM-UHFFFAOYSA-N,0,train
COc1c(O)cc2c(c1OC)C[C@H](Cc1ccc(O)cc1)CO2,100.0,COc1c(O)cc2c(c1OC)C[C@H](Cc1ccc(O)cc1)CO2,GJQQGEIHLXMYIR-LBPRGKRZSA-N,0,train
CN(C)CCN(C)c1ccc(C(F)(F)F)c(CN2CCN(c3ccc(Cl)cc3)CC2)c1,22.35,CN(C)CCN(C)c1ccc(C(F)(F)F)c(CN2CCN(c3ccc(Cl)cc3)CC2)c1,GNFACPMYTYNMBE-UHFFFAOYSA-N,0,train
O=C(c1ccc(NC2CCCCC2)c(NCc2ccccc2)c1)N1CCN(Cc2ccc(F)cc2Br)CC1,0.73,O=C(c1ccc(NC2CCCCC2)c(NCc2ccccc2)c1)N1CCN(Cc2ccc(F)cc2Br)CC1,WNWYGZYXDXTZQV-UHFFFAOYSA-N,1,train
COc1cc2nccc(Oc3ccc(NC(=O)C4(C(=O)NC5CC5)CC4)c(Cl)c3)c2cc1C(N)=O,0.0027,COc1cc2nccc(Oc3ccc(NC(=O)C4(C(=O)NC5CC5)CC4)c(Cl)c3)c2cc1C(N)=O,ADFZKKWKESWUFY-UHFFFAOYSA-N,1,train
CCC(C)n1ncn(-c2ccc(N3CCN(c4ccc(OC[C@@H]5CO[C@@](CN6CCN(C)CC6)(c6ccc(Cl)cc6Cl)O5)cc4)CC3)cc2)c1=O,0.396,CCC(C)n1ncn(-c2ccc(N3CCN(c4ccc(OC[C@@H]5CO[C@@](CN6CCN(C)CC6)(c6ccc(Cl)cc6Cl)O5)cc4)CC3)cc2)c1=O,YJHNTTHRLUUDGQ-XUIDMTLXSA-N,1,train
CC(C)CNC(=O)c1c(-c2ccc(COc3ccc(CO)cc3)cc2)oc2ccccc12,10.0,CC(C)CNC(=O)c1c(-c2ccc(COc3ccc(CO)cc3)cc2)oc2ccccc12,UIFSQSSFKQQFRV-UHFFFAOYSA-N,1,train
N#Cc1c(N)nc(N)nc1N1CC2(CC2)C[C@H]1c1nc2cccc(Cl)c2c(=O)n1Cc1ccc(C(=O)NO)s1,37.04,N#Cc1c(N)nc(N)nc1N1CC2(CC2)C[C@H]1c1nc2cccc(Cl)c2c(=O)n1Cc1ccc(C(=O)NO)s1,UBELCIYBIARHIU-INIZCTEOSA-N,0,train
Cc1ccc(CO/N=C2/C(c3c[nH]c4ccc(Br)cc34)=Nc3ccc(Br)cc32)cc1,100.0,Cc1ccc(CO/N=C2/C(c3c[nH]c4ccc(Br)cc34)=Nc3ccc(Br)cc32)cc1,RSRQVZMPQFKGJI-RMLRFSFXSA-N,0,train
COc1ccc(C2CC(=O)C(=C(C)Nc3ccccc3OC)C(=O)C2)cc1,100.0,COc1ccc(C2CC(=O)C(=C(C)Nc3ccccc3OC)C(=O)C2)cc1,NFTWNPATTNJTHN-UHFFFAOYSA-N,0,train
CCOP(=O)(CC(O)n1cc(CN2C(=O)c3cccc4c(Br)ccc(c34)C2=O)nn1)OCC,250.0,CCOP(=O)(CC(O)n1cc(CN2C(=O)c3cccc4c(Br)ccc(c34)C2=O)nn1)OCC,QJLCFJHVXOHPPZ-UHFFFAOYSA-N,0,train
COc1cnc2c3c(ccc2c1)-c1ccccc1S(=O)(=O)N3,2.5,COc1cnc2c3c(ccc2c1)-c1ccccc1S(=O)(=O)N3,PAGUEXPGJGKHKX-UHFFFAOYSA-N,1,train
Oc1ccc(-c2c3nc(c(-c4c(F)c(F)c(F)c(F)c4F)c4ccc([nH]4)c4ccc([nH]4)c(-c4c(F)c(F)c(F)c(F)c4F)c4ccc2[nH]4)C=C3)cc1,9.32,Oc1ccc(-c2c3nc(c(-c4c(F)c(F)c(F)c(F)c4F)c4ccc([nH]4)c4ccc([nH]4)c(-c4c(F)c(F)c(F)c(F)c4F)c4ccc2[nH]4)C=C3)cc1,MHOAIVUYWCHQTE-UHFFFAOYSA-N,1,train
COc1cc(OC)cc(-c2cc3cnc(NC(=O)NC(C)(C)C)cc3nc2NC(=O)NC(C)(C)C)c1,0.01,COc1cc(OC)cc(-c2cc3cnc(NC(=O)NC(C)(C)C)cc3nc2NC(=O)NC(C)(C)C)c1,NKKGFYVJHBKKIU-UHFFFAOYSA-N,1,train
CC[C@H](CC[C@@H](C)[C@H]1CC[C@H]2[C@@H]3[C@@H](O)C=C4C[C@@H](O)CC[C@]4(C)[C@H]3CC[C@]12C)C(C)C,26.7,CC[C@H](CC[C@@H](C)[C@H]1CC[C@H]2[C@@H]3[C@@H](O)C=C4C[C@@H](O)CC[C@]4(C)[C@H]3CC[C@]12C)C(C)C,SXJVFYZNUGGHRG-PZHNMUJHSA-N,0,train
COc1cc(F)ccc1C1(NCc2cccc(CC3CCN(C)CC3)c2)CCCC1,30.0,COc1cc(F)ccc1C1(NCc2cccc(CC3CCN(C)CC3)c2)CCCC1,AWZRIEKAWKTMMF-UHFFFAOYSA-N,0,train
COc1cc2nccc(Oc3ccc4c(C(=O)Nc5nccs5)cccc4c3)c2cc1OC,0.002,COc1cc2nccc(Oc3ccc4c(C(=O)Nc5nccs5)cccc4c3)c2cc1OC,DSVAITHOERESIB-UHFFFAOYSA-N,1,train
C[C@H]1[C@H](C)CC[C@]2(C)CC[C@]3(C)C(=CC(=O)[C@@H]4[C@@]5(C)CC[C@H](N)[C@](C)(C(=O)O)[C@@H]5CC[C@]43C)[C@H]12,5.32,C[C@H]1[C@H](C)CC[C@]2(C)CC[C@]3(C)C(=CC(=O)[C@@H]4[C@@]5(C)CC[C@H](N)[C@](C)(C(=O)O)[C@@H]5CC[C@]43C)[C@H]12,JQEJHJYEKQDOQE-SCAHIRPMSA-N,1,train
CCOP(=O)(OCC)C(NC(=O)C(C)Oc1ccc2c(c1O)C(=O)c1ccccc1C2=O)c1cccc(OC)c1,50.0,CCOP(=O)(OCC)C(NC(=O)C(C)Oc1ccc2c(c1O)C(=O)c1ccccc1C2=O)c1cccc(OC)c1,LSQRPXQGVJTODR-UHFFFAOYSA-N,0,train
Oc1ccc(Nc2ccnc3cc(Cl)ccc23)cc1,82.0,Oc1ccc(Nc2ccnc3cc(Cl)ccc23)cc1,FFAVTICKABAMSV-UHFFFAOYSA-N,0,train
CCc1ccc2nc(N(CCCCNC3CCCC3)c3ccc(OC)c(OC)c3)sc2c1,2.34,CCc1ccc2nc(N(CCCCNC3CCCC3)c3ccc(OC)c(OC)c3)sc2c1,BPYRJCAMXJXDAF-UHFFFAOYSA-N,1,train
COc1ccc(-c2cn(/N=C/c3cc4cc(C)ccc4nc3Cl)c(N)n2)cc1,12.24,COc1ccc(-c2cn(/N=C/c3cc4cc(C)ccc4nc3Cl)c(N)n2)cc1,VJYSMLMXXJOAHV-BHGWPJFGSA-N,0,train
Cc1ccc(Nc2nc3cc(Oc4ncnc5c4cnn5C)ccc3n2C)cc1,15.71,Cc1ccc(Nc2nc3cc(Oc4ncnc5c4cnn5C)ccc3n2C)cc1,WSDLNWNQRXAJEO-UHFFFAOYSA-N,0,train
CC(=O)N[C@@H](CS)C(=O)O,10000.0,CC(=O)N[C@@H](CS)C(=O)O,PWKSKIMOESPYIA-BYPYZUCNSA-N,0,train
COc1ccc(C(N)=O)cc1/C=C/c1ccccc1,2.4,COc1ccc(C(N)=O)cc1/C=C/c1ccccc1,NCQRGUBSHATDBY-BQYQJAHWSA-N,1,train
C/C=C/C1=CC2=CC(=O)[C@@](C)(OC(=O)c3c(C)cc(O)cc3O)[C@@H](O)[C@@H]2CO1,200.0,C/C=C/C1=CC2=CC(=O)[C@@](C)(OC(=O)c3c(C)cc(O)cc3O)[C@@H](O)[C@@H]2CO1,JCQWLKQBYHSHOG-DAYKGMGPSA-N,0,train
COc1cc(/C=C2\CCCn3c2nc2ccc(Cl)cc2c3=O)cc(OC)c1O,20.0,COc1cc(/C=C2\CCCn3c2nc2ccc(Cl)cc2c3=O)cc(OC)c1O,FZBCJQVZEZGITR-MDWZMJQESA-N,0,train
CCCCCC(=O)O[C@]12CCC(C(=O)OC)=CC[C@]13CC[C@H]2[C@@](C)(/C=C/C=C(\C)C(=O)O)OC3=O,5.0,CCCCCC(=O)O[C@]12CCC(C(=O)OC)=CC[C@]13CC[C@H]2[C@@](C)(/C=C/C=C(\C)C(=O)O)OC3=O,SKMUEVBSOHCSNC-HQFJNZMOSA-N,1,train
C=CC(=O)Nc1cc(Cn2ccc3cc(Br)cnc32)ccc1F,75.51,C=CC(=O)Nc1cc(Cn2ccc3cc(Br)cnc32)ccc1F,GJWYRFYNBUUNMD-UHFFFAOYSA-N,0,train
CC(C)(C)NC(=O)Nc1cccc2[nH]nc(-c3nc4cc(N5CCC(N6CCCCC6)CC5)ccc4[nH]3)c12,0.24,CC(C)(C)NC(=O)Nc1cccc2[nH]nc(-c3nc4cc(N5CCC(N6CCCCC6)CC5)ccc4[nH]3)c12,RQIXEOXMOHDTLC-UHFFFAOYSA-N,1,train
Cc1cc(NC(=O)c2cc(C)nn2C)cc(Oc2ccc3nc(NC(=O)C4CC4)nn3c2)c1,0.047,Cc1cc(NC(=O)c2cc(C)nn2C)cc(Oc2ccc3nc(NC(=O)C4CC4)nn3c2)c1,LHXYGLKSWSWAJP-UHFFFAOYSA-N,1,train
COc1ccc(OC)c(/C=C(\C#N)c2ccc(-c3oc4ccccc4c3C(=O)NCC(C)C)cc2)c1,100.0,COc1ccc(OC)c(/C=C(\C#N)c2ccc(-c3oc4ccccc4c3C(=O)NCC(C)C)cc2)c1,CBCSODFLSSJGAV-HZHRSRAPSA-N,0,train
CCOP(=O)(Cn1cc(CN2C(=O)c3cccc4c(Br)ccc(c34)C2=O)nn1)OCC,250.0,CCOP(=O)(Cn1cc(CN2C(=O)c3cccc4c(Br)ccc(c34)C2=O)nn1)OCC,QIQZUPGOBUPWPP-UHFFFAOYSA-N,0,train
Cc1ccc(/C=C2\CC[C@H]3C(C)(C)CCC[C@]3(C)[C@H]2CCC(C)CC(=O)O)cc1,200.0,Cc1ccc(/C=C2\CC[C@H]3C(C)(C)CCC[C@]3(C)[C@H]2CCC(C)CC(=O)O)cc1,ZMNCJCMERFYJEE-MFBAGRPLSA-N,0,train
O=[N+]([O-])c1ccc(COc2ccc([N+](=O)[O-])c(Br)c2)o1,16.0,O=[N+]([O-])c1ccc(COc2ccc([N+](=O)[O-])c(Br)c2)o1,ZLTQCJHCCKBJHM-UHFFFAOYSA-N,0,train
CS(=O)(=O)c1ccc(C(=O)Nc2ccc(Cl)c(-c3ccccn3)c2)c(Cl)c1,41.0,CS(=O)(=O)c1ccc(C(=O)Nc2ccc(Cl)c(-c3ccccn3)c2)c(Cl)c1,BPQMGSKTAYIVFO-UHFFFAOYSA-N,0,train
CCCn1ncn(-c2ccc(N3CCN(c4ccc(OC[C@@H]5CO[C@](C)(c6ccc(Cl)cc6Cl)O5)cc4)CC3)cc2)c1=O,49.9,CCCn1ncn(-c2ccc(N3CCN(c4ccc(OC[C@@H]5CO[C@](C)(c6ccc(Cl)cc6Cl)O5)cc4)CC3)cc2)c1=O,UASDLASFPGUWQT-NSJVFKKDSA-N,0,train
O=C1CCC(N2C(=O)c3c(F)c(F)c(F)c(F)c3C2=O)C(=O)N1,3.2,O=C1CCC(N2C(=O)c3c(F)c(F)c(F)c(F)c3C2=O)C(=O)N1,PIJMHCCGPUSELZ-UHFFFAOYSA-N,1,train
CC(=O)N[C@@H](CCCCN)C(=O)N(CCC(=O)N[C@@H](CCCCNC(=N)N)C(=O)N(CCC(=O)N[C@@H](CCCCN)C(=O)N(CCC(=O)N[C@@H](CCCCNC(=N)N)C(=O)N(CCC(=O)N[C@@H](CCCCN)C(=O)N(CCC(=O)N[C@@H](CCCCNC(=N)N)C(=O)N(CCC(N)=O)[C@@H](C)c1ccccc1)[C@@H](C)c1ccccc1)[C@@H](C)c1ccccc1)[C@@H](C)c1ccccc1)[C@@H](C)c1ccccc1)[C@@H](C)c1ccccc1,497.0,CC(=O)N[C@@H](CCCCN)C(=O)N(CCC(=O)N[C@@H](CCCCNC(=N)N)C(=O)N(CCC(=O)N[C@@H](CCCCN)C(=O)N(CCC(=O)N[C@@H](CCCCNC(=N)N)C(=O)N(CCC(=O)N[C@@H](CCCCN)C(=O)N(CCC(=O)N[C@@H](CCCCNC(=N)N)C(=O)N(CCC(N)=O)[C@@H](C)c1ccccc1)[C@@H](C)c1ccccc1)[C@@H](C)c1ccccc1)[C@@H](C)c1ccccc1)[C@@H](C)c1ccccc1)[C@@H](C)c1ccccc1,JYCBDQVHVZSMKE-KIBSPFAMSA-N,0,train
Nc1ccccc1NC(=O)CCCCCCNc1nn2c(=O)c3cc(F)ccc3nc2c2ccccc12,14.6,Nc1ccccc1NC(=O)CCCCCCNc1nn2c(=O)c3cc(F)ccc3nc2c2ccccc12,YZAQOFYRVAMHTB-UHFFFAOYSA-N,0,train
[O-][S+](Cc1ccccc1)c1nnc(-c2ccncc2)o1,3.0,[O-][S+](Cc1ccccc1)c1nnc(-c2ccncc2)o1,UQFQEDJOEZJKCH-UHFFFAOYSA-N,1,train
O=c1cc2c3ccccc3n3c(=O)ccc([nH]1)c23,0.506,O=c1cc2c3ccccc3n3c(=O)ccc([nH]1)c23,BDCOKQCMZJCYDY-UHFFFAOYSA-N,1,train
COc1cccc2c1C(=O)C(=O)C=C2c1ccc(O)c2c(OC)cccc12,7.5,COc1cccc2c1C(=O)C(=O)C=C2c1ccc(O)c2c(OC)cccc12,QCBKPMIAKLLHHX-UHFFFAOYSA-N,1,train
CCOc1cccc2cc(C(=O)NCc3ccc(C(=O)Nc4ccccc4N)cc3)c(=O)oc12,100.0,CCOc1cccc2cc(C(=O)NCc3ccc(C(=O)Nc4ccccc4N)cc3)c(=O)oc12,OCXYUPDNHYPTNX-UHFFFAOYSA-N,0,train
CC[C@H](C)[C@H](N)C(=O)N[C@@H](CCCCN)C(=O)N[C@H](C(=O)N1CCC[C@H]1C(=O)N[C@@H](CO)C(=O)N[C@@H](Cc1ccccc1)C(=O)N[C@@H](Cc1ccccc1)C(=O)N[C@@H](CCCNC(=N)N)C(=O)N[C@@H](CC(N)=O)C(=O)N[C@H](C(=O)N[C@@H](CC(C)C)C(=O)N[C@@H](CCCCN)C(=O)N[C@@H](CCCCN)C(=O)N[C@H](C(=O)NCC(=O)N[C@@H](CCCCN)C(=O)N[C@H](CCCCN)C(=O)N[C@@H](C)C(=O)N[C@H](C(=O)N[C@@H](CO)C(=O)N[C@@H](CC(C)C)C(=O)N[C@H](C(=O)N[C@@H](C)C(=O)NCC(=O)N[C@@H](C)C(=O)N[C@@H](CC(C)C)C(=O)N[C@@H](CCCCN)C(=O)N[C@@H](CCC(N)=O)C(=O)N[C@@H](CO)C(=O)O)[C@@H](C)CC)C(C)C)C(C)C)[C@@H](C)CC)[C@@H](C)CC,5.0,CC[C@H](C)[C@H](N)C(=O)N[C@@H](CCCCN)C(=O)N[C@H](C(=O)N1CCC[C@H]1C(=O)N[C@@H](CO)C(=O)N[C@@H](Cc1ccccc1)C(=O)N[C@@H](Cc1ccccc1)C(=O)N[C@@H](CCCNC(=N)N)C(=O)N[C@@H](CC(N)=O)C(=O)N[C@H](C(=O)N[C@@H](CC(C)C)C(=O)N[C@@H](CCCCN)C(=O)N[C@@H](CCCCN)C(=O)N[C@H](C(=O)NCC(=O)N[C@@H](CCCCN)C(=O)N[C@H](CCCCN)C(=O)N[C@@H](C)C(=O)N[C@H](C(=O)N[C@@H](CO)C(=O)N[C@@H](CC(C)C)C(=O)N[C@H](C(=O)N[C@@H](C)C(=O)NCC(=O)N[C@@H](C)C(=O)N[C@@H](CC(C)C)C(=O)N[C@@H](CCCCN)C(=O)N[C@@H](CCC(N)=O)C(=O)N[C@@H](CO)C(=O)O)[C@@H](C)CC)C(C)C)C(C)C)[C@@H](C)CC)[C@@H](C)CC,ZPIDQYULHDZVGC-JZHOLZJHSA-N,1,train
C[C@@H]1CC[C@H]2[C@@H](C)C(OCCn3nnc4c3-c3ccccc3CC4)O[C@@H]3O[C@@]4(C)CC[C@@H]1[C@]32OO4,35.0,C[C@@H]1CC[C@H]2[C@@H](C)C(OCCn3nnc4c3-c3ccccc3CC4)O[C@@H]3O[C@@]4(C)CC[C@@H]1[C@]32OO4,HADLQSWHINBGFT-YKQJRROPSA-N,0,train
COc1ccc(CNc2ncc3c(n2)-c2ccccc2SC3)cc1,20.0,COc1ccc(CNc2ncc3c(n2)-c2ccccc2SC3)cc1,ZWIMCAMVAAQREK-UHFFFAOYSA-N,0,train
O=C(Nc1ccc(-c2ccnc3[nH]ccc23)cc1)c1ccccc1Cl,50.0,O=C(Nc1ccc(-c2ccnc3[nH]ccc23)cc1)c1ccccc1Cl,QZBGEABGCACQRL-UHFFFAOYSA-N,0,train
CCn1c(=O)c(C(=O)Nc2nnc(-c3ccccn3)s2)c(O)c2ccccc21,26.5,CCn1c(=O)c(C(=O)Nc2nnc(-c3ccccn3)s2)c(O)c2ccccc21,HFLBNOOUOIIQNC-UHFFFAOYSA-N,0,train
COc1cc2ncnc(Nc3ccc(F)c(Cl)c3)c2cc1OCCCN1CCOCC1,0.03,COc1cc2ncnc(Nc3ccc(F)c(Cl)c3)c2cc1OCCCN1CCOCC1,XGALLCVXEZPNRQ-UHFFFAOYSA-N,1,train
Nc1ccccc1NC(=O)CCCCCCCNc1nc2ccccc2nc1-c1nc2ccccc2o1,21.52,Nc1ccccc1NC(=O)CCCCCCCNc1nc2ccccc2nc1-c1nc2ccccc2o1,MRWLAJNAPWCMEJ-UHFFFAOYSA-N,0,train
C=C([C@@H]1C[C@H]2[C@@](C)(CC[C@@]3(O)C(C)(C)CCC(=O)[C@]23C)O1)[C@@H](C)O,10.0,C=C([C@@H]1C[C@H]2[C@@](C)(CC[C@@]3(O)C(C)(C)CCC(=O)[C@]23C)O1)[C@@H](C)O,QNGSEZPHDRSXMT-YBDDNXDTSA-N,1,train
N#CC1=C(N)Oc2c(c3nc4ccccc4nc3c3ccccc23)C12C(=O)N(Cc1cnnn1-c1ccccc1Cl)c1ccccc12,50.0,N#CC1=C(N)Oc2c(c3nc4ccccc4nc3c3ccccc23)C12C(=O)N(Cc1cnnn1-c1ccccc1Cl)c1ccccc12,KAXVKPVZEFFWOL-UHFFFAOYSA-N,0,train
Cn1ncc2c(Oc3ccc4c(c3)nc(Nc3ccc(Cl)cc3)n4C)ncnc21,84.32,Cn1ncc2c(Oc3ccc4c(c3)nc(Nc3ccc(Cl)cc3)n4C)ncnc21,ODGJFPHTOBCVRD-UHFFFAOYSA-N,0,train
c1ccc(COc2ccc3c(-c4nc5cc(N6CCC(N7CCCCC7)CC6)ccc5[nH]4)[nH]nc3c2)cc1,0.22,c1ccc(COc2ccc3c(-c4nc5cc(N6CCC(N7CCCCC7)CC6)ccc5[nH]4)[nH]nc3c2)cc1,VDSFUPFAWFPWHF-UHFFFAOYSA-N,1,train
COc1cc(CC(=O)Nc2ccc3oc(-c4ccc(Cl)c(Br)c4)nc3c2)cc(OC)c1OC,52.38,COc1cc(CC(=O)Nc2ccc3oc(-c4ccc(Cl)c(Br)c4)nc3c2)cc(OC)c1OC,MCMXOKMFKWKNNI-UHFFFAOYSA-N,0,train
COc1ccc(C(N)=O)cc1/C=C/c1ccccc1Cl,23.0,COc1ccc(C(N)=O)cc1/C=C/c1ccccc1Cl,FXBSKCCWSPJANF-VOTSOKGWSA-N,0,train
CNC(=O)c1cc(O[C@H]2CC[C@H](NC(=O)Nc3ccc(OC(F)(F)F)cc3)CC2)ccn1,25.0,CNC(=O)c1cc(O[C@H]2CC[C@H](NC(=O)Nc3ccc(OC(F)(F)F)cc3)CC2)ccn1,FLVRIUVRGJFEET-CTYIDZIISA-N,0,train
O=C1/C(=C/c2ccncc2)C(c2ccccc2)Oc2ccccc21,5.77,O=C1/C(=C/c2ccncc2)C(c2ccccc2)Oc2ccccc21,YQBABXZFWNTIHJ-JXAWBTAJSA-N,1,train
CN(C)CCN1C(=O)C(c2c[nH]c3ccccc23)=C(c2c[nH]c3ccccc23)C1=O,30.0,CN(C)CCN1C(=O)C(c2c[nH]c3ccccc23)=C(c2c[nH]c3ccccc23)C1=O,IUKKWTUPPCOCPZ-UHFFFAOYSA-N,0,train
CN[C@H]1CC[C@H](N(Cc2cccc(-c3ccncc3)c2)C(=O)c2sc3ccccc3c2Cl)CC1,22.0,CN[C@H]1CC[C@H](N(Cc2cccc(-c3ccncc3)c2)C(=O)c2sc3ccccc3c2Cl)CC1,VFSUUTYAEQOIMW-YHBQERECSA-N,0,train
O=C(/C=C/c1ccc(O)cc1)c1ccc(O)cc1O,41.17,O=C(/C=C/c1ccc(O)cc1)c1ccc(O)cc1O,DXDRHHKMWQZJHT-FPYGCLRLSA-N,0,train
CN1CCC2(CC1)CCN(c1ccnc(CN3CCN(c4ccc(C(F)(F)F)cc4)CC3)c1)C2,30.37,CN1CCC2(CC1)CCN(c1ccnc(CN3CCN(c4ccc(C(F)(F)F)cc4)CC3)c1)C2,MVFQJPRTUZZFSO-UHFFFAOYSA-N,0,train
NC1=NCCc2ccsc21,0.28,NC1=NCCc2ccsc21,RDYWNZRVHKWADW-UHFFFAOYSA-N,1,train
O/N=C1\c2ccccc2-c2c1c(NCCN1CCCCC1)nc1cc(Cl)ccc21,2.342,O/N=C1\c2ccccc2-c2c1c(NCCN1CCCCC1)nc1cc(Cl)ccc21,CMEJLTMAWFGCKE-HPNDGRJYSA-N,1,train
COc1cccc2ccc(C(=O)NCc3ccc(C(=O)NO)cc3)nc12,50.0,COc1cccc2ccc(C(=O)NCc3ccc(C(=O)NO)cc3)nc12,PKWQVPMUGMNEBZ-UHFFFAOYSA-N,0,train
COc1ccc(CC2COc3cc(OC)c(O)c(O)c3C2=O)cc1O,18.0,COc1ccc(CC2COc3cc(OC)c(O)c(O)c3C2=O)cc1O,UQPVGLQCJLEABY-UHFFFAOYSA-N,0,train
COc1cccc2sc(N/N=C3\CCCc4cccnc43)nc12,3.537,COc1cccc2sc(N/N=C3\CCCc4cccnc43)nc12,RSMISKHSCKQKTG-UDWIEESQSA-N,1,train
CCOC(=O)C1ON(c2ccccc2)C(c2ccc(Br)cc2)C12C(=O)Nc1ccc(F)cc12,35.0,CCOC(=O)C1ON(c2ccccc2)C(c2ccc(Br)cc2)C12C(=O)Nc1ccc(F)cc12,RXEXUJNNVPOWGW-UHFFFAOYSA-N,0,train
COc1ccc(C(=O)N(C)C)cc1/C=C/c1ccc(Cl)cc1,2.5,COc1ccc(C(=O)N(C)C)cc1/C=C/c1ccc(Cl)cc1,GOBCQIGMTMQJPZ-QPJJXVBHSA-N,1,train
COc1cc2nccc(Oc3ccc4c(c3)OCCN4C(=O)NCc3ccc(C)cc3)c2cc1OC,0.36,COc1cc2nccc(Oc3ccc4c(c3)OCCN4C(=O)NCc3ccc(C)cc3)c2cc1OC,RKFUKWHBZZWJNX-UHFFFAOYSA-N,1,train
CC(C)c1ccc2c(c1)CC[C@H]1[C@](C)(C/N=C/c3cccc(C(C)(C)C)c3O)CCC[C@]21C,33.0,CC(C)c1ccc2c(c1)CC[C@H]1[C@](C)(C/N=C/c3cccc(C(C)(C)C)c3O)CCC[C@]21C,SWFQYEQCZUJKNH-PVANTBALSA-N,0,train
Cc1nnc2n1-c1sc3c(c1C(c1ccc(Cl)cc1)=N[C@H]2CC(=O)Nc1ccc(C(=O)NO)cc1)CCCC3,0.047,Cc1nnc2n1-c1sc3c(c1C(c1ccc(Cl)cc1)=N[C@H]2CC(=O)Nc1ccc(C(=O)NO)cc1)CCCC3,MUMLRNZRMHNDNB-NRFANRHFSA-N,1,train
NC1=NC(c2ccco2)Cc2ccsc21,0.92,NC1=NC(c2ccco2)Cc2ccsc21,WAOKDGZAIYAHLD-UHFFFAOYSA-N,1,train
O=C(NCc1cc(F)cc(Cl)c1)[C@@]1(O)CCN(c2cnc3[nH]cc(Cl)c3c2)C1=O,0.009,O=C(NCc1cc(F)cc(Cl)c1)[C@@]1(O)CCN(c2cnc3[nH]cc(Cl)c3c2)C1=O,NTOUCDCJPJVSSW-IBGZPJMESA-N,1,train
Oc1c(C2C=CCCC2)ccc(C2C=CCCC2)c1O,28.8,Oc1c(C2C=CCCC2)ccc(C2C=CCCC2)c1O,KBEWPCNIBSYFMH-UHFFFAOYSA-N,0,train
C=C1C(=O)Oc2cc(OC)ccc2C1CCCC,5.1,C=C1C(=O)Oc2cc(OC)ccc2C1CCCC,YMLVJZKBGQLCCC-UHFFFAOYSA-N,1,train
O=C1Nc2ccccc2/C1=C1/Nc2ccccc2/C1=N\O,0.36,O=C1Nc2ccccc2/C1=C1Nc2ccccc2C/1=N\O,HBDSHCUSXQATPO-BGBJRWHRSA-N,1,train
CN(c1ccc(NC(=O)NC2CCCC2)cc1)c1ccnc(Nc2cccc(CS(C)(=O)=O)c2)n1,0.001,CN(c1ccc(NC(=O)NC2CCCC2)cc1)c1ccnc(Nc2cccc(CS(C)(=O)=O)c2)n1,RSSJHZLDWXRKKG-UHFFFAOYSA-N,1,train
O=C(O)[C@@H]1[C@H](C(=O)n2ccc3ccccc32)[C@H]2CC[C@@H]1O2,200.0,O=C(O)[C@@H]1[C@H](C(=O)n2ccc3ccccc32)[C@H]2CC[C@@H]1O2,KZVHQCVKMCBKRP-RQJABVFESA-N,0,train
Cc1ccc(NC(=O)c2ccc(CN3CCN(C)CC3)cc2)cc1Nc1nccc(-c2cccnc2)n1,18.5,Cc1ccc(NC(=O)c2ccc(CN3CCN(C)CC3)cc2)cc1Nc1nccc(-c2cccnc2)n1,KTUFNOKKBVMGRW-UHFFFAOYSA-N,0,train
CC(C)(C)NC(=O)COC(=O)c1ccc(-c2c3nc(c(-c4ccccc4)c4ccc([nH]4)c(-c4ccccc4)c4nc(c(-c5ccccc5)c5ccc2[nH]5)C=C4)C=C3)cc1,100.0,CC(C)(C)NC(=O)COC(=O)c1ccc(-c2c3nc(c(-c4ccccc4)c4ccc([nH]4)c(-c4ccccc4)c4nc(c(-c5ccccc5)c5ccc2[nH]5)C=C4)C=C3)cc1,GSQODJVWASBPPK-UHFFFAOYSA-N,0,train
CN1CCN(c2ccnc(CN3CCN(c4ccc(Cl)cc4)CC3)c2)CC1,50.0,CN1CCN(c2ccnc(CN3CCN(c4ccc(Cl)cc4)CC3)c2)CC1,PIIXYYOSJNSNSA-UHFFFAOYSA-N,0,train
COc1ccc(/C=C/C(=O)c2cc(CC=C(C)C)c(OC)c(CC=C(C)C)c2OC)cc1,36.33,COc1ccc(/C=C/C(=O)c2cc(CC=C(C)C)c(OC)c(CC=C(C)C)c2OC)cc1,MRIVQRRYEOIGFL-SFQUDFHCSA-N,0,train
O=C(Nc1ccc(OC(F)(F)F)cc1)N[C@H]1CC[C@H](Oc2ccc(C(=O)O)cc2)CC1,25.0,O=C(Nc1ccc(OC(F)(F)F)cc1)N[C@H]1CC[C@H](Oc2ccc(C(=O)O)cc2)CC1,XDVFKCZZXOGEMN-CZIWCDLHSA-N,0,train
COc1cc2c(Nc3ccc(C#N)cc3F)ncnc2cc1OC/C=C/CN1CCCC1,10.0,COc1cc2c(Nc3ccc(C#N)cc3F)ncnc2cc1OC/C=C/CN1CCCC1,DIZVEEIWWJAIEW-SNAWJCMRSA-N,1,train
O=C(NO)c1ccc(CN2C(=O)C(Cc3ccccc3)N(Cc3cccnc3)C2=O)cc1,83.06,O=C(NO)c1ccc(CN2C(=O)C(Cc3ccccc3)N(Cc3cccnc3)C2=O)cc1,OZLFJKZKCHAKGJ-UHFFFAOYSA-N,0,train
C=C(c1cc(C)nc(C)c1)c1ccc2c(ccn2C)c1,0.0009,C=C(c1cc(C)nc(C)c1)c1ccc2c(ccn2C)c1,YKKUAOOAOPZZDC-UHFFFAOYSA-N,1,train
COc1cc(/C=C\Cc2cc(O)c3ccsc3c2)cc(OC)c1OC,0.049,COc1cc(/C=C\Cc2cc(O)c3ccsc3c2)cc(OC)c1OC,PFXLWGSECSGAJQ-XQRVVYSFSA-N,1,train
Fc1ccc(CO/N=C2/C(c3c[nH]c4ccccc34)=Nc3ccccc32)cc1,100.0,Fc1ccc(CO/N=C2/C(c3c[nH]c4ccccc34)=Nc3ccccc32)cc1,OMCLOGONOTZQQU-SLEBQGDGSA-N,0,train
COc1ccc(/C=C\c2cc(OC)c(OC)c(OC)c2)cc1NC(=O)Oc1cccc(C(F)(F)F)c1,0.016,COc1ccc(/C=C\c2cc(OC)c(OC)c(OC)c2)cc1NC(=O)Oc1cccc(C(F)(F)F)c1,KDKPNDQQWSQVCX-HJWRWDBZSA-N,1,train
CCC(C)n1ncn(-c2ccc(N3CCN(c4ccc(OCC5COC(C)(c6ccc(Cl)cc6Cl)O5)cc4)CC3)cc2)c1=O,23.8,CCC(C)n1ncn(-c2ccc(N3CCN(c4ccc(OCC5COC(C)(c6ccc(Cl)cc6Cl)O5)cc4)CC3)cc2)c1=O,DSUBUDBDRUEAAT-UHFFFAOYSA-N,0,train
C=CCc1ccc(O)c(-c2cc(CC=C)cc(CN3CCC(N)CC3)c2O)c1,0.83,C=CCc1ccc(O)c(-c2cc(CC=C)cc(CN3CCC(N)CC3)c2O)c1,UDKGXRVDNQWLRH-UHFFFAOYSA-N,1,train
O=C(NCc1ccccc1Cl)[C@@]1(O)CCN(c2ccccc2)C1=O,18.0,O=C(NCc1ccccc1Cl)[C@@]1(O)CCN(c2ccccc2)C1=O,CDEKKKPLNNDYSK-SFHVURJKSA-N,0,train
Cc1[nH]c(/C=C2\C(=O)N(CCCN(C)C)c3ccc(F)cc32)c(C)c1C(=O)NCCN(C)C.Cl.Cl,0.48,Cc1[nH]c(/C=C2\C(=O)N(CCCN(C)C)c3ccc(F)cc32)c(C)c1C(=O)NCCN(C)C,PEQHNNVEBZVETM-HKWRFOASSA-N,1,train
NC(=O)c1ccc(OCCOCCO)c(/C=C/c2ccc(Cl)cc2)c1,11.0,NC(=O)c1ccc(OCCOCCO)c(/C=C/c2ccc(Cl)cc2)c1,ORNUFYYTFLKWPC-DAFODLJHSA-N,0,train
CCOC(=O)CNC(=O)C(=O)C(COCc1ccccc1)NC(=O)[C@H](CC1CCCCC1)NC(=O)c1cc(Cl)ccc1[N+](=O)[O-],50.0,CCOC(=O)CNC(=O)C(=O)C(COCc1ccccc1)NC(=O)[C@H](CC1CCCCC1)NC(=O)c1cc(Cl)ccc1[N+](=O)[O-],HDTFNXHSLFQVDD-SKCDSABHSA-N,0,train
CN(C)C(=O)c1ccc(OC/C(=C\F)CN)cc1,100.0,CN(C)C(=O)c1ccc(OC/C(=C\F)CN)cc1,RAUQFKCSBYGQDG-YFHOEESVSA-N,0,train
Cc1ccnc(C(=O)c2[nH]c3ccc(C(C)(C)C)cc3c2CC(=O)O)c1,0.0415,Cc1ccnc(C(=O)c2[nH]c3ccc(C(C)(C)C)cc3c2CC(=O)O)c1,PWSNKQDYXDTFKA-UHFFFAOYSA-N,1,train
COc1ccc(C(N)=O)cc1/C=C/c1ccc(Cl)cc1Cl,2.6,COc1ccc(C(N)=O)cc1/C=C/c1ccc(Cl)cc1Cl,CDBMKNZKEREZTC-NSCUHMNNSA-N,1,train
O=C(Nc1cccc(Sc2ccc3c(/C=C/c4ccccc4)n[nH]c3c2)c1)c1ccccc1,0.0081999999999999,O=C(Nc1cccc(Sc2ccc3c(/C=C/c4ccccc4)n[nH]c3c2)c1)c1ccccc1,GVTLIPUHGMMION-SAPNQHFASA-N,1,train
CCOC(=O)C(=O)N(Cc1ccccc1)c1ccc2c(c1)OC[C@H](COc1ccc(C(=N)N)cc1)O2,24.0,CCOC(=O)C(=O)N(Cc1ccccc1)c1ccc2c(c1)OC[C@H](COc1ccc(C(=N)N)cc1)O2,TVKPLGVIMIGLSZ-QFIPXVFZSA-N,0,train
O/N=C1/C(c2c[nH]c3cc(F)ccc23)=Nc2cc(F)ccc21,100.0,O/N=C1/C(c2c[nH]c3cc(F)ccc23)=Nc2cc(F)ccc21,QCOKWOKYHVIUJT-LTGZKZEYSA-N,0,train
Cc1c(CN2CCCC2)cc(-c2ccccc2)n1Nc1ccnc2cc(Cl)ccc12,12.874,Cc1c(CN2CCCC2)cc(-c2ccccc2)n1Nc1ccnc2cc(Cl)ccc12,NYWXYVLJVPHUNS-UHFFFAOYSA-N,0,train
CCN(CC)c1nc(-c2cc(OC)c(OC)c(OC)c2)cc(-c2cc(OC)c(OC)cc2OC)n1,0.148,CCN(CC)c1nc(-c2cc(OC)c(OC)c(OC)c2)cc(-c2cc(OC)c(OC)cc2OC)n1,WGXBESHVODPRFN-UHFFFAOYSA-N,1,train
CN1C(=O)N(c2cc(Cl)cc(Cl)c2)C(=O)[C@]12CNCC2c1ccc(C#N)cc1,0.008,CN1C(=O)N(c2cc(Cl)cc(Cl)c2)C(=O)[C@]12CNCC2c1ccc(C#N)cc1,XEANMEGOYUBDBY-UUSAFJCLSA-N,1,train
COc1cccc(CNc2ncc3c(n2)-c2cccnc2SC3)c1,1.46,COc1cccc(CNc2ncc3c(n2)-c2cccnc2SC3)c1,DDJFSRMCZAVCPN-UHFFFAOYSA-N,1,train
Cc1ccc(-c2cc(NCCCN3CCOCC3)c3ccccc3n2)cc1,23.7,Cc1ccc(-c2cc(NCCCN3CCOCC3)c3ccccc3n2)cc1,KMEPZHHDOXXVGN-UHFFFAOYSA-N,0,train
N[C@H](C(=O)NCc1ccc([N+](=O)[O-])cc1)[C@@H]1CC(Br)=NO1,36.1,N[C@H](C(=O)NCc1ccc([N+](=O)[O-])cc1)[C@@H]1CC(Br)=NO1,LMRKWPKZGIZPCL-ONGXEEELSA-N,0,train
O=C(CNCc1cc(Cl)c2cccnc2c1O)Nc1ccccc1,50.0,O=C(CNCc1cc(Cl)c2cccnc2c1O)Nc1ccccc1,ZUFWYNDCNPXQNR-UHFFFAOYSA-N,0,train
COc1ccc2c(c1O)CCCC(C)=C2c1cc(OC)c(OC)c(OC)c1,0.0784,COc1ccc2c(c1O)CCCC(C)=C2c1cc(OC)c(OC)c(OC)c1,KZMRZXMNUUYBDH-UHFFFAOYSA-N,1,train
COc1ccc(-c2nc(Cl)c(-c3ccccc3)c(Nc3ccc(NC(=O)CN4CCCC4)cc3)n2)cc1,40.0,COc1ccc(-c2nc(Cl)c(-c3ccccc3)c(Nc3ccc(NC(=O)CN4CCCC4)cc3)n2)cc1,INBWCZMHJMSKAB-UHFFFAOYSA-N,0,train
COc1cc([C@@H]2c3cc4c(cc3[C@@H](c3nc5c(F)c(F)c(F)c(F)c5s3)[C@H]3COC(=O)[C@H]23)OCO4)cc(OC)c1O,18.2,COc1cc([C@@H]2c3cc4c(cc3[C@@H](c3nc5c(F)c(F)c(F)c(F)c5s3)[C@H]3COC(=O)[C@H]23)OCO4)cc(OC)c1O,YINQENGONRULAG-HDBZGKQISA-N,0,train
CC(=O)Nc1cccc(Sc2ccc3c(/C=C/c4ccccc4)n[nH]c3c2)c1,0.2,CC(=O)Nc1cccc(Sc2ccc3c(/C=C/c4ccccc4)n[nH]c3c2)c1,ONAYTHGPWATZHR-JLHYYAGUSA-N,1,train
CCNC(=O)N[C@@H](Cc1ccccc1)C(=O)Oc1cc(CC2COc3cc(OC)c(OC)c(OC)c3C2=O)ccc1OC,34.0,CCNC(=O)N[C@@H](Cc1ccccc1)C(=O)Oc1cc(CC2COc3cc(OC)c(OC)c(OC)c3C2=O)ccc1OC,ZTHHCAWAFBTNEO-KEKNWZKVSA-N,0,train
COc1ccc2nccc(CCN3CCC(NCc4ccc(Br)c(F)c4)CC3)c2n1,22.45,COc1ccc2nccc(CCN3CCC(NCc4ccc(Br)c(F)c4)CC3)c2n1,ZYUKGEKHLULSGR-UHFFFAOYSA-N,0,train
NC(=O)CCC(C(=O)O)N1C(=O)c2cccc3cccc(c23)C1=O,50.0,NC(=O)CCC(C(=O)O)N1C(=O)c2cccc3cccc(c23)C1=O,RPNGWUUSNBCZHE-UHFFFAOYSA-N,0,train
CN[C@H]1CC[C@H](N(Cc2cccc(-c3ccncc3)c2)C(=O)c2sc3cccc(Cl)c3c2Cl)CC1,250.0,CN[C@H]1CC[C@H](N(Cc2cccc(-c3ccncc3)c2)C(=O)c2sc3cccc(Cl)c3c2Cl)CC1,OBYJCKCGYTYXFN-HZCBDIJESA-N,0,train
Nc1ccccc1NC(=O)CCCNc1nc2ccccc2nc1-c1nc2ccccc2o1,27.23,Nc1ccccc1NC(=O)CCCNc1nc2ccccc2nc1-c1nc2ccccc2o1,GKCFOJFFGDSQDW-UHFFFAOYSA-N,0,train
C/C=C/C=C/C=C/C[N+](C)(CCCCCCCCCCCCC)Cc1ccccc1.[I-],21.24,C/C=C/C=C/C=C/C[N+](C)(CCCCCCCCCCCCC)Cc1ccccc1,FXRZLPUNXWGMJS-WJNIQDSXSA-N,0,train
CC[C@H]1C[C@@]23OC(=O)C(=C2O)C(=O)[C@]2(CC)[C@@H](C=C[C@@H]4[C@@H](O[C@H]5C[C@@H](O)[C@H](NC(=O)c6[nH]ccc6Br)[C@@H](C)O5)[C@@H](C)CC[C@@H]42)CCCC/C=C/[C@@]3(C)C=C1C(=O)O,43.0,CC[C@H]1C[C@@]23OC(=O)C(=C2O)C(=O)[C@]2(CC)[C@@H](C=C[C@@H]4[C@@H](O[C@H]5C[C@@H](O)[C@H](NC(=O)c6[nH]ccc6Br)[C@@H](C)O5)[C@@H](C)CC[C@@H]42)CCCC/C=C/[C@@]3(C)C=C1C(=O)O,QZQXJOUQOTTXFH-YWLUOJEHSA-N,0,train
COc1cc([C@@H]2c3cc4c(cc3[C@@H](c3nc5cnc(F)cc5[nH]3)[C@H]3COC(=O)[C@H]23)OCO4)cc(OC)c1O,100.0,COc1cc([C@@H]2c3cc4c(cc3[C@@H](c3nc5cnc(F)cc5[nH]3)[C@H]3COC(=O)[C@H]23)OCO4)cc(OC)c1O,JDUCJKONUMVJDR-LPBTUEMXSA-N,0,train
COc1cccc(Nc2ncc3c(n2)-c2cccnc2SC3)c1,0.39,COc1cccc(Nc2ncc3c(n2)-c2cccnc2SC3)c1,PWHVTWWBTYNMCF-UHFFFAOYSA-N,1,train
COc1c(OCCCN2CCOCC2)ccc2c1N=C(NC(=O)c1cnc(N)nc1)N1CCN=C21,34.75,COc1c(OCCCN2CCOCC2)ccc2c1N=C(NC(=O)c1cnc(N)nc1)N1CCN=C21,PZBCKZWLPGJMAO-UHFFFAOYSA-N,0,train
CC1(C)OB(c2ccc(-c3cccs3)cc2)OC1(C)C,1.6,CC1(C)OB(c2ccc(-c3cccs3)cc2)OC1(C)C,NPXXIOJSOCXPHL-UHFFFAOYSA-N,1,train
CCN(C(=O)c1cc(C(C)C)c(O)cc1O)c1ccc2[nH]ccc2c1,0.1,CCN(C(=O)c1cc(C(C)C)c(O)cc1O)c1ccc2[nH]ccc2c1,PCRZMBZFBYAYNG-UHFFFAOYSA-N,1,train
COC1=CC(=O)c2c(O)c(C)c(CC(C)=O)c(O)c2C1=O,2.3,COC1=CC(=O)c2c(O)c(C)c(CC(C)=O)c(O)c2C1=O,UHPMCKVQTMMPCG-UHFFFAOYSA-N,1,train
CCC(=O)Nc1nc2c(s1)COc1ccc(F)cc1-2,10.0,CCC(=O)Nc1nc2c(s1)COc1ccc(F)cc1-2,VDUUAXRFBVDRQL-UHFFFAOYSA-N,1,train
CCOC(=O)CNC(=O)C(=O)C(COCc1ccccc1)NC(=O)[C@H](CC1CCCCC1)NC(=O)c1ccc([N+](=O)[O-])s1,48.0,CCOC(=O)CNC(=O)C(=O)C(COCc1ccccc1)NC(=O)[C@H](CC1CCCCC1)NC(=O)c1ccc([N+](=O)[O-])s1,GJYWXUKOVXRBSW-HMTLIYDFSA-N,0,train
CN(C)[C@H]1C[C@@]23CC[C@@]4(O2)C(=CC[C@]2(C)[C@@H](c5cccc6ccncc56)C(=O)C[C@H]24)C=C3[C@@H](O)[C@@H]1O,0.019,CN(C)[C@H]1C[C@@]23CC[C@@]4(O2)C(=CC[C@]2(C)[C@@H](c5cccc6ccncc56)C(=O)C[C@H]24)C=C3[C@@H](O)[C@@H]1O,DNEZXQNZBCOZCO-HIGLSOHYSA-N,1,train
CC(=O)N[C@@H](CCCCN)C(=O)N(CC(=O)N[C@@H](CCCCNC(=N)N)C(=O)N(CC(=O)N[C@@H](CCCCN)C(=O)N(CC(=O)N[C@@H](CCCCNC(=N)N)C(=O)N(CC(=O)N[C@@H](CCCCN)C(=O)N(CC(=O)N[C@@H](CCCCNC(=N)N)C(=O)N(CC(=O)N[C@@H](CCCCN)C(=O)N(CC(N)=O)[C@@H](C)c1ccccc1)[C@@H](C)c1ccccc1)[C@@H](C)c1ccccc1)[C@@H](C)c1ccccc1)[C@@H](C)c1ccccc1)[C@@H](C)c1ccccc1)[C@@H](C)c1ccccc1,145.0,CC(=O)N[C@@H](CCCCN)C(=O)N(CC(=O)N[C@@H](CCCCNC(=N)N)C(=O)N(CC(=O)N[C@@H](CCCCN)C(=O)N(CC(=O)N[C@@H](CCCCNC(=N)N)C(=O)N(CC(=O)N[C@@H](CCCCN)C(=O)N(CC(=O)N[C@@H](CCCCNC(=N)N)C(=O)N(CC(=O)N[C@@H](CCCCN)C(=O)N(CC(N)=O)[C@@H](C)c1ccccc1)[C@@H](C)c1ccccc1)[C@@H](C)c1ccccc1)[C@@H](C)c1ccccc1)[C@@H](C)c1ccccc1)[C@@H](C)c1ccccc1)[C@@H](C)c1ccccc1,NHDXRQLXQQMRLS-TYWAXXGBSA-N,0,train
COc1cc2c(cc1N)CC[C@@H]1[C@@H]2CC[C@]2(C)[C@@H](C)CC[C@@H]12,2.65,COc1cc2c(cc1N)CC[C@@H]1[C@@H]2CC[C@]2(C)[C@@H](C)CC[C@@H]12,UQDHMRLUENFROW-HDCQOPJRSA-N,1,train
Fc1ccccc1C1(NCc2cccc(CN3CCCCC3)c2)CCCC1,100.0,Fc1ccccc1C1(NCc2cccc(CN3CCCCC3)c2)CCCC1,MEOMTHNSLPBJNU-UHFFFAOYSA-N,0,train
CCCCCCC1CCOO1,10.64,CCCCCCC1CCOO1,GGOICMIBJPKJAF-UHFFFAOYSA-N,0,train
C[C@H]1[C@@H](OCC(=O)CO[C@H]2O[C@@H]3O[C@@]4(C)CC[C@H]5[C@H](C)CC[C@@H]([C@H]2C)[C@@]35OO4)O[C@@H]2O[C@@]3(C)CC[C@H]4[C@H](C)CC[C@@H]1[C@@]24OO3,28.5,C[C@H]1[C@@H](OCC(=O)CO[C@H]2O[C@@H]3O[C@@]4(C)CC[C@H]5[C@H](C)CC[C@@H]([C@H]2C)[C@@]35OO4)O[C@@H]2O[C@@]3(C)CC[C@H]4[C@H](C)CC[C@@H]1[C@@]24OO3,YWDPFBADBFDYTD-SUAYZYQDSA-N,0,train
CN(C)CCN1C(=O)c2c(c3c4ccccc4[nH]c3c3[nH]c4ccccc4c23)C1=O,7.0,CN(C)CCN1C(=O)c2c(c3c4ccccc4[nH]c3c3[nH]c4ccccc4c23)C1=O,AWRKSLINWTZVNA-UHFFFAOYSA-N,1,train
CCOC(=O)c1cnn(-c2ncc(OCc3cccc(OC)c3)cn2)c1,100.0,CCOC(=O)c1cnn(-c2ncc(OCc3cccc(OC)c3)cn2)c1,AHKNCCOBPODTQJ-UHFFFAOYSA-N,0,train
Cc1cc(C(=O)Nc2cccc(C(=O)c3ccc4c(/C=C/c5ccccn5)n[nH]c4c3)c2)n(C(C)C)n1,0.0046,Cc1cc(C(=O)Nc2cccc(C(=O)c3ccc4c(/C=C/c5ccccn5)n[nH]c4c3)c2)n(C(C)C)n1,YEQXUOZKNQOWMU-ACCUITESSA-N,1,train
CC(=O)O[C@@H]1CC[C@@]2(C)[C@@H](CC[C@]3(C)/C(=C(C)/C=C/C=O)C(=O)C[C@@H]23)[C@@]1(C)C(=O)O,2.2,CC(=O)O[C@@H]1CC[C@@]2(C)[C@@H](CC[C@]3(C)/C(=C(C)/C=C/C=O)C(=O)C[C@@H]23)[C@@]1(C)C(=O)O,WHGWJEWDUBCQJM-MGYIBXFFSA-N,1,train
Cc1nnc(Sc2cncc3sc(C(N)=O)cc23)s1,100.0,Cc1nnc(Sc2cncc3sc(C(N)=O)cc23)s1,AWXAYFPYWJWJIZ-UHFFFAOYSA-N,0,train
CCNc1n[nH]c2cc(-c3cnn(CC(=O)Nc4ccc(C)c(C(F)(F)F)c4)c3)ccc12,50.0,CCNc1n[nH]c2cc(-c3cnn(CC(=O)Nc4ccc(C)c(C(F)(F)F)c4)c3)ccc12,GROZGJKBSPHHCH-UHFFFAOYSA-N,0,train
CC(C)CCC[C@@H](C)[C@H]1CC[C@H]2[C@@H]3C(=O)[C@@H]4O[C@@]45C[C@@H](O)CC[C@]5(C)[C@H]3CC[C@]12C,13.1,CC(C)CCC[C@@H](C)[C@H]1CC[C@H]2[C@@H]3C(=O)[C@@H]4O[C@@]45C[C@@H](O)CC[C@]5(C)[C@H]3CC[C@]12C,HUTIPXVCGHWMMK-SXYRFLAXSA-N,0,train
CCOP(=O)(OCC)C(NC(=O)C(C)Oc1ccc2c(c1O)C(=O)c1ccccc1C2=O)c1ccc2ccccc2c1,38.93,CCOP(=O)(OCC)C(NC(=O)C(C)Oc1ccc2c(c1O)C(=O)c1ccccc1C2=O)c1ccc2ccccc2c1,RRNXXCRBTDWRQA-UHFFFAOYSA-N,0,train
NC(=O)Cc1[nH]c2ccc(Cl)cc2c1CC(N)=O,100.0,NC(=O)Cc1[nH]c2ccc(Cl)cc2c1CC(N)=O,PILGVKMYIVFJIP-UHFFFAOYSA-N,0,train
CN1CCC(Cc2cccc(CNC3(c4ccc(F)cc4F)CCCC3)c2)CC1,30.0,CN1CCC(Cc2cccc(CNC3(c4ccc(F)cc4F)CCCC3)c2)CC1,IYZNJCDOQPTFOG-UHFFFAOYSA-N,0,train
C[C@@H](Oc1ccc2c(-c3ccc(F)cc3Cl)cc(=O)oc2c1)C(=O)N1CCC[C@H](C(=O)O)C1,50.0,C[C@@H](Oc1ccc2c(-c3ccc(F)cc3Cl)cc(=O)oc2c1)C(=O)N1CCC[C@H](C(=O)O)C1,PFEKWBKJUBCXDT-KGLIPLIRSA-N,0,train
CN1CCN(c2cc(F)c(-c3ccc(C(=O)N(C)C)cc3)cc2Nc2ncnc(Cl)c2N)CC1,100.0,CN1CCN(c2cc(F)c(-c3ccc(C(=O)N(C)C)cc3)cc2Nc2ncnc(Cl)c2N)CC1,LXONEMNSYOAQJT-UHFFFAOYSA-N,0,train
NNC(=O)c1ccc2c(c1)OCCO2,50.0,NNC(=O)c1ccc2c(c1)OCCO2,YENPHHQNXHYBCE-UHFFFAOYSA-N,0,train
Cc1ccc(NC(=O)Cn2cc(-c3ccc4c(NC(=O)c5ccc(N6CCN(C(=O)NCCCCCCCCC(=O)N[C@H](C(=O)N7C[C@H](O)C[C@H]7C(=O)NCc7ccc(-c8scnc8C)cc7)C(C)(C)C)CC6)cc5)n[nH]c4c3)cn2)cc1C(F)(F)F,100.0,Cc1ccc(NC(=O)Cn2cc(-c3ccc4c(NC(=O)c5ccc(N6CCN(C(=O)NCCCCCCCCC(=O)N[C@H](C(=O)N7C[C@H](O)C[C@H]7C(=O)NCc7ccc(-c8scnc8C)cc7)C(C)(C)C)CC6)cc5)n[nH]c4c3)cn2)cc1C(F)(F)F,KKGUHKITSBZPHP-LGIYVLGQSA-N,0,train
CC(C)c1ccccc1Nc1nc(SCc2cccs2)n[nH]1,0.15,CC(C)c1ccccc1Nc1nc(SCc2cccs2)n[nH]1,QMNSHLAPQLBIGP-UHFFFAOYSA-N,1,train
CN1CCN(Cc2cc(Nc3nc4cc(Oc5ccnc6ccccc56)ccc4o3)ccc2Cl)CC1,0.026,CN1CCN(Cc2cc(Nc3nc4cc(Oc5ccnc6ccccc56)ccc4o3)ccc2Cl)CC1,HNIQXZXCYMQABS-UHFFFAOYSA-N,1,train
CC(C)c1ccccc1Nc1nnc(SCc2ccco2)[nH]1,0.03,CC(C)c1ccccc1Nc1nnc(SCc2ccco2)[nH]1,QCOPJYWOSKSQNT-UHFFFAOYSA-N,1,train
CN1CCC(COc2ccc3c(Nc4ccc(NC(=O)Nc5ccc(Cl)c(C(F)(F)F)c5)cc4)ncnc3c2)CC1,0.092,CN1CCC(COc2ccc3c(Nc4ccc(NC(=O)Nc5ccc(Cl)c(C(F)(F)F)c5)cc4)ncnc3c2)CC1,SZEDSAUOSMHXRV-UHFFFAOYSA-N,1,train
Cc1ccc(NC(=O)Cn2cc(-c3ccc4c(NC(=O)c5ccc(NC(=O)CCCCCCC(=O)N[C@H](C(=O)N6C[C@H](O)C[C@H]6C(=O)NCc6ccc(-c7scnc7C)cc6)C(C)(C)C)cc5)n[nH]c4c3)cn2)cc1C(F)(F)F,4.13,Cc1ccc(NC(=O)Cn2cc(-c3ccc4c(NC(=O)c5ccc(NC(=O)CCCCCCC(=O)N[C@H](C(=O)N6C[C@H](O)C[C@H]6C(=O)NCc6ccc(-c7scnc7C)cc6)C(C)(C)C)cc5)n[nH]c4c3)cn2)cc1C(F)(F)F,WLTPLZGGRXBLKV-DRHKINIBSA-N,1,train
CC1=[N+](c2ccccc2)C(=O)C(C(=O)Nc2ccc(Oc3ccc4nc(NC(=O)C5CC5)cn4c3)c(F)c2)C=C1.Cl,0.00086,CC1=[N+](c2ccccc2)C(=O)C(C(=O)Nc2ccc(Oc3ccc4nc(NC(=O)C5CC5)cn4c3)c(F)c2)C=C1,FGPIVIJULBNRBX-UHFFFAOYSA-O,1,train
COc1ccc(/C=C\c2cc(OC)c(OC)c(OC)c2)cc1NC(=O)Nc1ccccc1,80.0,COc1ccc(/C=C\c2cc(OC)c(OC)c(OC)c2)cc1NC(=O)Nc1ccccc1,BNHGCBTYOXXXCP-KHPPLWFESA-N,0,train
CC1=C(CC(O)CC(O)/C=C\C=C\C(C)=C\C=C\C(C)C(O)C(C)CCc2ccccc2)OC(C)(O)C1=O,2.67,CC1=C(CC(O)CC(O)/C=C\C=C\C(C)=C\C=C\C(C)C(O)C(C)CCc2ccccc2)OC(C)(O)C1=O,NMMBWYBMSULADK-DTRVTNFDSA-N,1,train
C[n+]1c(/C=C/c2c[nH]c3ccccc23)cc(/C=C2\Sc3ccccc3N2CCCN2CCOCC2)c2ccccc21.[I-],16.5,C[n+]1c(/C=C/c2c[nH]c3ccccc23)cc(/C=C2\Sc3ccccc3N2CCCN2CCOCC2)c2ccccc21,HMXZSWRBYCWEGZ-BGDIREAQSA-O,0,train
O=c1cc(-c2ccc3c(c2)ncn3-c2ccccc2)ccn1CCCN1CCCCC1,0.037,O=c1cc(-c2ccc3c(c2)ncn3-c2ccccc2)ccn1CCCN1CCCCC1,ODZABORZZQNLPW-UHFFFAOYSA-N,1,train
FC(F)(F)c1ccc(CO/N=C2/C(c3c[nH]c4ccc(Br)cc34)=Nc3ccc(Br)cc32)cc1,100.0,FC(F)(F)c1ccc(CO/N=C2/C(c3c[nH]c4ccc(Br)cc34)=Nc3ccc(Br)cc32)cc1,DSBZRDHQXPSQMO-AWSUPERCSA-N,0,train
COc1ccc(Br)c(CN2CCN(C(=O)c3ccc(NC4CCCCC4)c(NCc4ccccc4)c3)CC2)c1,0.68,COc1ccc(Br)c(CN2CCN(C(=O)c3ccc(NC4CCCCC4)c(NCc4ccccc4)c3)CC2)c1,PYGZWJGJIXYFDG-UHFFFAOYSA-N,1,train
CCCCCCCCc1ccc(Oc2cncc3sc(C(N)=O)cc23)cc1,100.0,CCCCCCCCc1ccc(Oc2cncc3sc(C(N)=O)cc23)cc1,OIHQEZCJZGBZER-UHFFFAOYSA-N,0,train
N#Cc1ccc(/C=C2\Oc3ccc(O)cc3C2=O)cc1,22.74,N#Cc1ccc(/C=C2\Oc3ccc(O)cc3C2=O)cc1,HSEAVZFLNOYIQU-CHHVJCJISA-N,0,train
C=CC(=O)N1CCN(c2ncnc3c(F)c(-c4c(O)cccc4F)c(Cl)cc23)CC1,0.7,C=CC(=O)N1CCN(c2ncnc3c(F)c(-c4c(O)cccc4F)c(Cl)cc23)CC1,ZRPZPNYZFSJUPA-UHFFFAOYSA-N,1,train
Brc1ccc(-c2c[nH]nn2)cc1,6.0,Brc1ccc(-c2c[nH]nn2)cc1,RYKZCPFWGNDOQV-UHFFFAOYSA-N,1,train
COc1cc2nccc(Oc3ccc4c(c3)OCCN4C(=O)Nc3ccccc3Cl)c2cc1OC,0.073,COc1cc2nccc(Oc3ccc4c(c3)OCCN4C(=O)Nc3ccccc3Cl)c2cc1OC,ZDNWBLXKFNBSDR-UHFFFAOYSA-N,1,train
CCc1ccc2nc(N(CCCNC3CCCC3)c3ccc(OC)c(OC)c3)sc2c1,23.83,CCc1ccc2nc(N(CCCNC3CCCC3)c3ccc(OC)c(OC)c3)sc2c1,XPZDPTVAUIGBTL-UHFFFAOYSA-N,0,train
COc1cc2c(cc1O)CC[C@@H]1[C@@H]2CC[C@]2(C)/C(=N/O)CC[C@@H]12,4.27,COc1cc2c(cc1O)CC[C@@H]1[C@@H]2CC[C@]2(C)/C(=N/O)CC[C@@H]12,UMLKYOVSAWJPRN-GHMDYAQKSA-N,1,train
COc1ccc(-c2ncc3c(n2)-c2ccccc2SC3)cc1,12.0,COc1ccc(-c2ncc3c(n2)-c2ccccc2SC3)cc1,RAHBUJSUCLNIQJ-UHFFFAOYSA-N,0,train
COc1cc([C@@H]2c3cc4c(cc3[C@H](OC(=O)[C@@H](NC(=O)OC(C)(C)C)C(C)C)[C@H]3COC(=O)[C@H]23)OCO4)cc(OC)c1OC,2.436,COc1cc([C@@H]2c3cc4c(cc3[C@H](OC(=O)[C@@H](NC(=O)OC(C)(C)C)C(C)C)[C@H]3COC(=O)[C@H]23)OCO4)cc(OC)c1OC,VRHBMRXDZUQXBW-AMHVUCMBSA-N,1,train
COc1cc2nccc(CN3CCc4c(C(=O)Nc5ccc(Cl)c(C(F)(F)F)c5)cccc4C3=O)c2cc1OC,0.022,COc1cc2nccc(CN3CCc4c(C(=O)Nc5ccc(Cl)c(C(F)(F)F)c5)cccc4C3=O)c2cc1OC,WDBZMFUCKZMVKQ-UHFFFAOYSA-N,1,train
CCOP(=O)(OCC)[C@@H]1C[C@@H](Cn2c(=O)n(Cc3ccccc3F)c(=O)c3ccccc32)ON1C,189.0,CCOP(=O)(OCC)[C@@H]1C[C@@H](Cn2c(=O)n(Cc3ccccc3F)c(=O)c3ccccc32)ON1C,UJYCPGFSPORKSH-PGRDOPGGSA-N,0,train
CC(C)CNC(=O)c1c(-c2ccc(COC(=O)/C=C/c3ccc(O)cc3)cc2)oc2ccccc12,100.0,CC(C)CNC(=O)c1c(-c2ccc(COC(=O)/C=C/c3ccc(O)cc3)cc2)oc2ccccc12,IHGSZIUDKDXRCP-LFIBNONCSA-N,0,train
NC(=O)c1cc2c(Oc3ccc(Br)cc3)cncc2s1,100.0,NC(=O)c1cc2c(Oc3ccc(Br)cc3)cncc2s1,SPOBBSBKXJKGBG-UHFFFAOYSA-N,0,train
CCC(=O)c1c(O)cc(O)c(C/C=C(\C)CCC=C(C)C)c1O,22.4,CCC(=O)c1c(O)cc(O)c(C/C=C(\C)CCC=C(C)C)c1O,WVGWPDURJCRXLT-UKTHLTGXSA-N,0,train
O=C(CCCNCc1cc(Cl)c2cccnc2c1O)Nc1ccccc1,50.0,O=C(CCCNCc1cc(Cl)c2cccnc2c1O)Nc1ccccc1,GPYUMRKOXLEEOM-UHFFFAOYSA-N,0,train
Fc1cccc(Nc2ncc3c(n2)-c2cccnc2SC3)c1,0.28,Fc1cccc(Nc2ncc3c(n2)-c2cccnc2SC3)c1,VIQXTJNRJDTXQU-UHFFFAOYSA-N,1,train
COc1cc(-c2coc3c4c(ccc3c2=O)OC(C)(C)C=C4)cc(OC)c1OC,10.0,COc1cc(-c2coc3c4c(ccc3c2=O)OC(C)(C)C=C4)cc(OC)c1OC,UCJYXLUCAADRAV-UHFFFAOYSA-N,1,train
Cc1c2ccc(N(C)c3ccnc(Nc4cccc(S(N)(=O)=O)c4)n3)cc2nn1C.Cl.Cl,0.023,Cc1c2ccc(N(C)c3ccnc(Nc4cccc(S(N)(=O)=O)c4)n3)cc2nn1C,RLIRKBLVQDRMIA-UHFFFAOYSA-N,1,train
O=c1c(O)c(-c2ccc(O)c(O)c2)oc2cc(O)cc(O)c12,18.0,O=c1c(O)c(-c2ccc(O)c(O)c2)oc2cc(O)cc(O)c12,REFJWTPEDVJJIY-UHFFFAOYSA-N,0,train
COc1ccc(S(=O)(=O)Nc2cc(Sc3ncnc4nc[nH]c34)c(O)c3ccccc23)cc1,10.24,COc1ccc(S(=O)(=O)Nc2cc(Sc3ncnc4nc[nH]c34)c(O)c3ccccc23)cc1,RABXPYMJCJWYFK-UHFFFAOYSA-N,0,train
Cc1cc(=O)oc2cc(SCCOc3no[n+]([O-])c3S(=O)(=O)c3ccccc3)ccc12,0.22,Cc1cc(=O)oc2cc(SCCOc3no[n+]([O-])c3S(=O)(=O)c3ccccc3)ccc12,UATGHVVEKRPHKU-UHFFFAOYSA-N,1,train
Fc1ccc(C2(NCc3ccc(F)c(CC4CCNCC4)c3)CCCC2)cc1,30.0,Fc1ccc(C2(NCc3ccc(F)c(CC4CCNCC4)c3)CCCC2)cc1,WQVFAUSKMZPMRE-UHFFFAOYSA-N,0,train
O=C(Nc1cccc(Oc2ccc3c(/C=C/c4c[nH]cn4)n[nH]c3c2)c1)c1ccccc1,0.00016,O=C(Nc1cccc(Oc2ccc3c(/C=C/c4c[nH]cn4)n[nH]c3c2)c1)c1ccccc1,AVEPZQPLJXFMDL-FMIVXFBMSA-N,1,train
Clc1ccc(-c2ncc3c(n2)-c2ccccc2SC3)cc1,11.3,Clc1ccc(-c2ncc3c(n2)-c2ccccc2SC3)cc1,JIBRYRHFZDPRTR-UHFFFAOYSA-N,0,train
CC(=O)N1CCc2c([nH]c3ccccc23)C1,41.1,CC(=O)N1CCc2c([nH]c3ccccc23)C1,OICIUFXGPRSWNZ-UHFFFAOYSA-N,0,train
COc1cc(Nc2nccc(Nc3ccc4c(C)n[nH]c4c3)n2)cc(OC)c1OC,0.18,COc1cc(Nc2nccc(Nc3ccc4c(C)n[nH]c4c3)n2)cc(OC)c1OC,SQQAPOSROFWHIB-UHFFFAOYSA-N,1,train
COc1ccccc1-n1nncc1CN1C(=O)C2(C(C#N)=C(N)Oc3c(N)cc4nc5ccccc5nc4c32)c2ccccc21,50.0,COc1ccccc1-n1nncc1CN1C(=O)C2(C(C#N)=C(N)Oc3c(N)cc4nc5ccccc5nc4c32)c2ccccc21,CIRBVWPDTMKKAQ-UHFFFAOYSA-N,0,train
CC1(C)OB(c2ccc(-c3ccccc3)cc2)OC1(C)C,1.0,CC1(C)OB(c2ccc(-c3ccccc3)cc2)OC1(C)C,REDKQKNJWVIPIO-UHFFFAOYSA-N,1,train
Clc1cccc(Nc2cncc(-c3cncc(NCCCn4cccn4)c3)n2)c1,0.12,Clc1cccc(Nc2cncc(-c3cncc(NCCCn4cccn4)c3)n2)c1,YHWHYCTUDCULTF-UHFFFAOYSA-N,1,train
COc1ccc(/C=C2\CC[C@H]3C(C)(C)CCC[C@]3(C)[C@H]2CCC(C)CC(=O)O)cc1,200.0,COc1ccc(/C=C2\CC[C@H]3C(C)(C)CCC[C@]3(C)[C@H]2CCC(C)CC(=O)O)cc1,VHTYGCIGAMRHKF-UBRMMVSXSA-N,0,train
Clc1ccc(/C=C/c2nnc(-c3ccc4c(c3)OCCO4)o2)cc1,8.03,Clc1ccc(/C=C/c2nnc(-c3ccc4c(c3)OCCO4)o2)cc1,FPADTPVYUWRHCI-FPYGCLRLSA-N,1,train
Cc1ccc(C(=O)N2CCN(C(=O)c3ccc(-c4nc5c(C(N)=O)cccc5[nH]4)cc3F)CC2C)o1,100.0,Cc1ccc(C(=O)N2CCN(C(=O)c3ccc(-c4nc5c(C(N)=O)cccc5[nH]4)cc3F)CC2C)o1,BMXBUOUEZDJIAV-UHFFFAOYSA-N,0,train
CC(=O)O[C@]12CCC(C(N)=O)=CC[C@]13CC[C@H]2[C@@](C)(/C=C/C=C(\C)C(=O)O)OC3=O,10.0,CC(=O)O[C@]12CCC(C(N)=O)=CC[C@]13CC[C@H]2[C@@](C)(/C=C/C=C(\C)C(=O)O)OC3=O,HGVBGGVJIKDWJW-HPHAYBORSA-N,1,train
COc1cc2ccc3c(c2oc1=O)[C@@H](OC(=O)C12CCC(C)(C(=O)O1)C2(C)C)[C@@H](OC(=O)C12CCC(C)(C(=O)O1)C2(C)C)C(C)(C)O3,533.0,COc1cc2ccc3c(c2oc1=O)[C@@H](OC(=O)C12CCC(C)(C(=O)O1)C2(C)C)[C@@H](OC(=O)C12CCC(C)(C(=O)O1)C2(C)C)C(C)(C)O3,GAUSRFCZNWIYNO-QMYDHGACSA-N,0,train
Cc1ccc(NC(=O)Cc2cccc(-c3ccc4c(NC(=O)C5CC5)n[nH]c4c3)c2)cc1C(F)(F)F,50.0,Cc1ccc(NC(=O)Cc2cccc(-c3ccc4c(NC(=O)C5CC5)n[nH]c4c3)c2)cc1C(F)(F)F,XOBLUKTXQRMQSD-UHFFFAOYSA-N,0,train
O=C(OCc1ccc(C(F)(F)F)cc1)c1ccc(-c2cc3ncc(C(=O)c4c(O)ccc([N+](=O)[O-])c4O)cn3n2)cc1,165.1,O=C(OCc1ccc(C(F)(F)F)cc1)c1ccc(-c2cc3ncc(C(=O)c4c(O)ccc([N+](=O)[O-])c4O)cn3n2)cc1,VIQXHWIGOQADLR-UHFFFAOYSA-N,0,train
COc1cc(C2Oc3cc(-c4oc5cc(O)cc(OC)c5c(=O)c4O)ccc3OC2CO)ccc1O,6.2,COc1cc(C2Oc3cc(-c4oc5cc(O)cc(OC)c5c(=O)c4O)ccc3OC2CO)ccc1O,APJWQVVJXRURIF-UHFFFAOYSA-N,1,train
CN1CCC2(CC1)CCN(c1ccc(C(F)(F)F)c(CN3CCN(c4ccc(C(F)(F)F)cc4)CC3)c1)C2,2.27,CN1CCC2(CC1)CCN(c1ccc(C(F)(F)F)c(CN3CCN(c4ccc(C(F)(F)F)cc4)CC3)c1)C2,PDVQULSWGGLBDX-UHFFFAOYSA-N,1,train
CC(=O)Oc1cc(C[C@H]2COc3cc(O)cc(O)c3C2=O)ccc1O,100.0,CC(=O)Oc1cc(C[C@H]2COc3cc(O)cc(O)c3C2=O)ccc1O,NRHOZKUZDYUSDM-NSHDSACASA-N,0,train
C[C@@H]1CC[C@H]2[C@@H](C)C(=O)N(Cc3cn(C4CC(OC(=O)c5ccc(Cl)cc5)C(COC(=O)c5ccc(Cl)cc5)O4)nn3)[C@@H]3O[C@@]4(C)CC[C@@H]1[C@@]23OO4,24.0,C[C@@H]1CC[C@H]2[C@@H](C)C(=O)N(Cc3cn(C4CC(OC(=O)c5ccc(Cl)cc5)C(COC(=O)c5ccc(Cl)cc5)O4)nn3)[C@@H]3O[C@@]4(C)CC[C@@H]1[C@@]23OO4,GWWFUNUACAYKKD-BWSOKJTJSA-N,0,train
Cc1cccc(COc2ccc3cc(C(=O)NCc4ccc(C(=O)Nc5ccccc5N)cc4)c(=O)oc3c2)c1,20.833,Cc1cccc(COc2ccc3cc(C(=O)NCc4ccc(C(=O)Nc5ccccc5N)cc4)c(=O)oc3c2)c1,ZDTSEOXTTPBENH-UHFFFAOYSA-N,0,train
CNC(=O)c1ccc(O[C@H]2CC[C@H](NC(=O)Nc3ccc(Cl)c(C(F)(F)F)c3)CC2)cc1,25.0,CNC(=O)c1ccc(O[C@H]2CC[C@H](NC(=O)Nc3ccc(Cl)c(C(F)(F)F)c3)CC2)cc1,XMHPFTJYRYODSK-CZIWCDLHSA-N,0,train
OCCc1ccc(O)c(O)c1,7.5,OCCc1ccc(O)c(O)c1,JUUBCHWRXWPFFH-UHFFFAOYSA-N,1,train
COC(=O)c1ccc2c(c1)NC(=O)/C2=C(\Nc1ccc(CN2CCCCC2)cc1)c1ccccc1,0.103,COC(=O)c1ccc2c(c1)NC(=O)/C2=C(\Nc1ccc(CN2CCCCC2)cc1)c1ccccc1,PJYLAPUQQYSUKA-RQZHXJHFSA-N,1,train
COc1cc([C@@H]2c3cc4c(cc3[C@@H](Nc3cccc5cn[nH]c35)[C@H]3COC(=O)[C@H]23)OCO4)cc(OC)c1OC,43.3,COc1cc([C@@H]2c3cc4c(cc3[C@@H](Nc3cccc5cn[nH]c35)[C@H]3COC(=O)[C@H]23)OCO4)cc(OC)c1OC,TZYWOGUGTDIJHW-LJQZFRRPSA-N,0,train
C=C(c1cc(OC)c(OC)c(OC)c1)c1ccc(OC)c(O)c1NC(=O)CO,0.04,C=C(c1cc(OC)c(OC)c(OC)c1)c1ccc(OC)c(O)c1NC(=O)CO,JEOLEZUCXVAHPP-UHFFFAOYSA-N,1,train
COc1ccc2c(c1)C(=O)c1c-2n(-c2ccc(OCCCN(C)C)cc2)c(=O)c2cc(OC)ccc12,25.0,COc1ccc2c(c1)C(=O)c1c-2n(-c2ccc(OCCCN(C)C)cc2)c(=O)c2cc(OC)ccc12,AUZAPDKLWBEFHV-UHFFFAOYSA-N,0,train
CC(=O)O[C@]12CCC(C(=O)OCC3CCCCC3)=CC[C@]13CC[C@H]2[C@@](C)(/C=C/C=C(\C)C(=O)O)OC3=O,0.335,CC(=O)O[C@]12CCC(C(=O)OCC3CCCCC3)=CC[C@]13CC[C@H]2[C@@](C)(/C=C/C=C(\C)C(=O)O)OC3=O,MSFUHFUEUOPVEO-NYRWZICESA-N,1,train
N#CC1=C(N)Oc2c(N)cc3nc4ccccc4nc3c2C12C(=O)N(Cc1cnnn1-c1ccc(F)c(Cl)c1)c1ccccc12,50.0,N#CC1=C(N)Oc2c(N)cc3nc4ccccc4nc3c2C12C(=O)N(Cc1cnnn1-c1ccc(F)c(Cl)c1)c1ccccc12,RXAJJZBZOXNVAP-UHFFFAOYSA-N,0,train
COc1cc(-c2ccc(C)cc2)nc2ccccc12,100.0,COc1cc(-c2ccc(C)cc2)nc2ccccc12,FDGDFWQUKJXKHK-UHFFFAOYSA-N,0,train
O=C(NCc1ccccc1)c1ccc(F)c(NCc2cnc(Nc3ccccn3)s2)c1,0.12,O=C(NCc1ccccc1)c1ccc(F)c(NCc2cnc(Nc3ccccn3)s2)c1,VOAWRHMVGZZBPH-UHFFFAOYSA-N,1,train
CCCCCCCCCCCC/C=C\N(NC(=O)COC)C(=O)CCCCCCCCC,70.7,CCCCCCCCCCCC/C=C\N(NC(=O)COC)C(=O)CCCCCCCCC,HZOWHYHEDAUGGZ-GYHWCHFESA-N,0,train
O=C(Nc1ccc(Cl)cc1)c1cscc1SCc1ccncc1,2.0,O=C(Nc1ccc(Cl)cc1)c1cscc1SCc1ccncc1,CIJWLJDRUUDYFO-UHFFFAOYSA-N,1,train
CC1=C([Se]CC(OC(=O)[C@@H](CO)NC(=O)OC(C)(C)C)C(=O)NC(C)(C)C)C(=O)c2ccccc2C1=O,3.0,CC1=C([Se]CC(OC(=O)[C@@H](CO)NC(=O)OC(C)(C)C)C(=O)NC(C)(C)C)C(=O)c2ccccc2C1=O,MFJNUNUJMFUVRP-QNSVNVJESA-N,1,train
O=C(Nc1nc2c(s1)CCCc1ccccc1-2)c1c(F)cccc1F,1.5,O=C(Nc1nc2c(s1)CCCc1ccccc1-2)c1c(F)cccc1F,FHWANDWZGNVQTB-UHFFFAOYSA-N,1,train
COc1ccc(S(=O)(=O)Nc2ccc(/C=C/C(=O)Nc3ccccc3N)cc2)cc1,38.0,COc1ccc(S(=O)(=O)Nc2ccc(/C=C/C(=O)Nc3ccccc3N)cc2)cc1,NWKORADIVJOWGD-OVCLIPMQSA-N,0,train
CO[C@@H]1[C@H](OC(=O)N[C@@H](C(N)=O)C(C)C)CC[C@](O)(CCl)[C@H]1[C@@]1(C)O[C@@H]1CC=C(C)C,0.00015,CO[C@@H]1[C@H](OC(=O)N[C@@H](C(N)=O)C(C)C)CC[C@](O)(CCl)[C@H]1[C@@]1(C)O[C@@H]1CC=C(C)C,MAVGXPCETLAJFF-XGTBZJOHSA-N,1,train
CCc1ccc2nc(N(CCCN3CCCCC3)c3ccc(F)c(F)c3)sc2c1,1.98,CCc1ccc2nc(N(CCCN3CCCCC3)c3ccc(F)c(F)c3)sc2c1,QTYOYULDXHZUEG-UHFFFAOYSA-N,1,train
CC(C)(Oc1ccc(Cl)cc1)C(=O)Oc1ccc(-c2cc(=S)ss2)cc1,616.5,CC(C)(Oc1ccc(Cl)cc1)C(=O)Oc1ccc(-c2cc(=S)ss2)cc1,YTZMIZNUZNUPNR-UHFFFAOYSA-N,0,train
CN1CCN(CCCc2ccc(C(c3ccccc3)C34CC5CC(CC(C5)C3)C4)cc2)CC1,0.00298,CN1CCN(CCCc2ccc(C(c3ccccc3)C34CC5CC(CC(C5)C3)C4)cc2)CC1,DOUDDYLEUDBZLJ-UHFFFAOYSA-N,1,train
COc1cc(/C=C/C(=O)Nc2ccc(NC(=O)[C@@H](O)[C@H](N)CCc3ccccc3)c(C)c2)cc(OC)c1OC,2.3,COc1cc(/C=C/C(=O)Nc2ccc(NC(=O)[C@@H](O)[C@H](N)CCc3ccccc3)c(C)c2)cc(OC)c1OC,MMXWRCTYQIIKSU-FBXTVPTJSA-N,1,train
O/N=C1\c2ccccc2-c2c1c(N1CCN(c3ccccn3)CC1)nc1ccc(Cl)cc21,38.0,O/N=C1\c2ccccc2-c2c1c(N1CCN(c3ccccn3)CC1)nc1ccc(Cl)cc21,CZUVAEIXYHQYSW-RMLRFSFXSA-N,0,train
C=CC(=O)Nc1cc(Cn2ccc3c(Cl)ccnc32)ccc1F,54.4,C=CC(=O)Nc1cc(Cn2ccc3c(Cl)ccnc32)ccc1F,VXTSMKPJYLJENY-UHFFFAOYSA-N,0,train
CNC(=O)c1cc2c(Oc3ccc(Br)cc3)cncc2s1,100.0,CNC(=O)c1cc2c(Oc3ccc(Br)cc3)cncc2s1,OFXAEWYLVPBGGU-UHFFFAOYSA-N,0,train
COC(=O)c1[nH]c2ccc(OC)cc2c1Sc1cc(O)c(OC)c(OC)c1,0.038,COC(=O)c1[nH]c2ccc(OC)cc2c1Sc1cc(O)c(OC)c(OC)c1,VTKFVZJKYFPMRV-UHFFFAOYSA-N,1,train
Cc1ccc2nc(Cl)c(/C=N/n3cc(-c4cccc5ccccc45)nc3N)cc2c1,9.58,Cc1ccc2nc(Cl)c(/C=N/n3cc(-c4cccc5ccccc45)nc3N)cc2c1,QODBJFHNQVWZOG-UVHMKAGCSA-N,1,train
Cc1c(F)c(N)cc(C(=O)Nc2cc(-c3ccc(NC(=O)C4CCN(C)CC4)cc3)ccc2N2CCN(C)CC2)c1Cl,100.0,Cc1c(F)c(N)cc(C(=O)Nc2cc(-c3ccc(NC(=O)C4CCN(C)CC4)cc3)ccc2N2CCN(C)CC2)c1Cl,SLXSSKXBCOHTGP-UHFFFAOYSA-N,0,train
CCOP(=O)(OCC)C(NC(=O)C(C)Oc1ccc2c(c1O)C(=O)c1ccccc1C2=O)c1ccc(Cl)cc1,31.81,CCOP(=O)(OCC)C(NC(=O)C(C)Oc1ccc2c(c1O)C(=O)c1ccccc1C2=O)c1ccc(Cl)cc1,WMQNMIIKEGBYTM-UHFFFAOYSA-N,0,train
Cc1cc(C)cc(NC(=O)c2sccc2SCc2ccncc2)c1,0.24,Cc1cc(C)cc(NC(=O)c2sccc2SCc2ccncc2)c1,ZMHKNHZMZLXERJ-UHFFFAOYSA-N,1,train
O=C(CCCCCCCNc1nc2ccccc2nc1-c1nc2ccccc2o1)NO,17.45,O=C(CCCCCCCNc1nc2ccccc2nc1-c1nc2ccccc2o1)NO,QECNARIFSFJLBR-UHFFFAOYSA-N,0,train
O=C(N/N=C/c1c(O)ccc2ccccc12)c1ccncc1,20.1,O=C(N/N=C/c1c(O)ccc2ccccc12)c1ccncc1,WQSHHAVECQJKLX-YBFXNURJSA-N,0,train
Cc1cnc(O)c(C(=O)Nc2cccc3cccnc23)c1,0.0136,Cc1cnc(O)c(C(=O)Nc2cccc3cccnc23)c1,HDIHQQDSSGNNSR-UHFFFAOYSA-N,1,train
COc1cc(OC)cc(-c2cc3cnc(NC(=O)C(F)(F)F)cc3nc2N)c1,4.9,COc1cc(OC)cc(-c2cc3cnc(NC(=O)C(F)(F)F)cc3nc2N)c1,PUAOWHQXLKSRPD-UHFFFAOYSA-N,1,train
CC(/C=C/C(=O)NO)=C\[C@@H](C)C(=O)c1ccc(N(C)C)cc1,0.02,CC(/C=C/C(=O)NO)=C\[C@@H](C)C(=O)c1ccc(N(C)C)cc1,RTKIYFITIVXBLE-QEQCGCAPSA-N,1,train
N#CC1=C(N)Oc2c(c3nc4ccccc4nc3c3ccccc23)C12C(=O)N(Cc1cnnn1-c1ccc(S(N)(=O)=O)cc1)c1ccccc12,50.0,N#CC1=C(N)Oc2c(c3nc4ccccc4nc3c3ccccc23)C12C(=O)N(Cc1cnnn1-c1ccc(S(N)(=O)=O)cc1)c1ccccc12,TTYQVRYONYGGOZ-UHFFFAOYSA-N,0,train
Cc1ccc(NC(=O)Cn2cc(-c3ccc4c(NC(=O)c5ccc(N6CCN(C(=O)NCCCCCCC(=O)N[C@H](C(=O)N7C[C@H](O)C[C@H]7C(=O)NCc7ccc(-c8scnc8C)cc7)C(C)(C)C)CC6)cc5)n[nH]c4c3)cn2)cc1C(F)(F)F,100.0,Cc1ccc(NC(=O)Cn2cc(-c3ccc4c(NC(=O)c5ccc(N6CCN(C(=O)NCCCCCCC(=O)N[C@H](C(=O)N7C[C@H](O)C[C@H]7C(=O)NCc7ccc(-c8scnc8C)cc7)C(C)(C)C)CC6)cc5)n[nH]c4c3)cn2)cc1C(F)(F)F,ZZTQRYLFICICHD-XAJGXQBMSA-N,0,train
O=C(CN1CCCCC1)Nc1ccc(Nc2nc(-c3ccc(O)cc3)cc(-c3ccc(O)cc3)n2)cc1,7.4,O=C(CN1CCCCC1)Nc1ccc(Nc2nc(-c3ccc(O)cc3)cc(-c3ccc(O)cc3)n2)cc1,OTEOMPJLOKZIDE-UHFFFAOYSA-N,1,train
O=S1(=O)Nc2c(ccc3cccnc23)-c2cc(C(F)(F)F)ccc21,1.0,O=S1(=O)Nc2c(ccc3cccnc23)-c2cc(C(F)(F)F)ccc21,CELCJNIQYYQLHB-UHFFFAOYSA-N,1,train
CNC(=O)c1ccc(Nc2ncc(C(F)(F)F)c(Nc3ccccc3OC)n2)cc1,0.18,CNC(=O)c1ccc(Nc2ncc(C(F)(F)F)c(Nc3ccccc3OC)n2)cc1,MZKCTWNUCVKGCB-UHFFFAOYSA-N,1,train
CCOC(=O)/C=C1/C(=O)N(C(=O)OCC)c2ccc(Br)cc21,15.0,CCOC(=O)/C=C1/C(=O)N(C(=O)OCC)c2ccc(Br)cc21,BVEGKUKTIGODBX-DHZHZOJOSA-N,0,train
O=C(Nc1ccc2oc(-c3ccc(Cl)c(Br)c3)nc2c1)c1ccc(Br)c(F)c1,75.34,O=C(Nc1ccc2oc(-c3ccc(Cl)c(Br)c3)nc2c1)c1ccc(Br)c(F)c1,IGFMBPXMYUYLNW-UHFFFAOYSA-N,0,train
CS(=O)(=O)c1ccc(CN2CCN(C(=O)c3ccc(NC4CCCCC4)c(NCc4ccccc4)c3)CC2)cc1,0.5,CS(=O)(=O)c1ccc(CN2CCN(C(=O)c3ccc(NC4CCCCC4)c(NCc4ccccc4)c3)CC2)cc1,QNYRKTWGESAJRO-UHFFFAOYSA-N,1,train
COc1cc(/C=C/C(=O)/C=C(O)/C=C/c2ccc(O)cc2)ccc1O,32.65,COc1cc(/C=C/C(=O)/C=C(O)/C=C/c2ccc(O)cc2)ccc1O,NMRUIRRIQNAQEB-VEAXOGKZSA-N,0,train
CCOP(=O)(OCC)C(NC(=O)C(C)Oc1ccc2c(c1O)C(=O)c1ccccc1C2=O)c1ccc(Br)cc1,22.25,CCOP(=O)(OCC)C(NC(=O)C(C)Oc1ccc2c(c1O)C(=O)c1ccccc1C2=O)c1ccc(Br)cc1,IOTIFNDRCHVNBK-UHFFFAOYSA-N,0,train
CC[C@H](C)[C@H](N)C(=O)N[C@@H](CC(N)=O)C(=O)N[C@@H](CC(C)C)C(=O)N[C@@H](CCCCN)C(=O)N[C@@H](CCCCN)C(=O)N[C@@H](CC(C)C)C(=O)N[C@@H](C)C(=O)N[C@@H](C)C(=O)N[C@@H](CCCNC(=N)N)C(=O)N[C@H](C(=O)N[C@@H](CCCCN)C(=O)N[C@@H](CCCCN)C(=O)N[C@@H](CCCCN)C(=O)N[C@H](C(=O)O)[C@@H](C)CC)[C@@H](C)CC,100.0,CC[C@H](C)[C@H](N)C(=O)N[C@@H](CC(N)=O)C(=O)N[C@@H](CC(C)C)C(=O)N[C@@H](CCCCN)C(=O)N[C@@H](CCCCN)C(=O)N[C@@H](CC(C)C)C(=O)N[C@@H](C)C(=O)N[C@@H](C)C(=O)N[C@@H](CCCNC(=N)N)C(=O)N[C@H](C(=O)N[C@@H](CCCCN)C(=O)N[C@@H](CCCCN)C(=O)N[C@@H](CCCCN)C(=O)N[C@H](C(=O)O)[C@@H](C)CC)[C@@H](C)CC,FLSROGGLMWMZCX-UTSPAFJPSA-N,0,train
COc1ccc(-c2[nH]ncc2-c2cc(OC)c(OC)c(OC)c2)cc1O,0.007,COc1ccc(-c2[nH]ncc2-c2cc(OC)c(OC)c(OC)c2)cc1O,VKSAFWMGHLRPKU-UHFFFAOYSA-N,1,train
CC(C)OC(=O)/C=C/c1coc2cc(O)ccc2c1=O,218.0,CC(C)OC(=O)/C=C/c1coc2cc(O)ccc2c1=O,AONPTUJIKOWREO-ZZXKWVIFSA-N,0,train
C/C=C/C(=O)O[C@H]1c2cc3c(cc2[C@@H](c2cc(OC)c(OC)c(OC)c2)[C@H]2C(=O)OC[C@@H]21)OCO3,0.0794599999999999,C/C=C/C(=O)O[C@H]1c2cc3c(cc2[C@@H](c2cc(OC)c(OC)c(OC)c2)[C@H]2C(=O)OC[C@@H]21)OCO3,NGQMAHQAFZCTBL-GRVBUYJHSA-N,1,train
Nc1ccn([C@@H]2O[C@H](CO)[C@@H](O)[C@@H]2O)c(=O)n1,0.23,Nc1ccn([C@@H]2O[C@H](CO)[C@@H](O)[C@@H]2O)c(=O)n1,UHDGCWIWMRVCDJ-CCXZUQQUSA-N,1,train
NC(=O)Sc1cncc2sc(C(N)=O)cc12,100.0,NC(=O)Sc1cncc2sc(C(N)=O)cc12,NAZYRCYZEDTRRL-UHFFFAOYSA-N,0,train
COc1ccc(CC2COc3cc(OC)c(OC)c(OC)c3C2=O)cc1OC(=O)[C@H](Cc1ccc(OCC(=O)NCCCOc2ccc(C(=O)c3ccc(OCc4cn(CCOCCOCCOCCNC(=O)CCCC[C@@H]5SC[C@@H]6NC(=O)N[C@@H]65)nn4)cc3)cc2)cc1)NC(=O)OC(C)(C)C,0.44,COc1ccc(CC2COc3cc(OC)c(OC)c(OC)c3C2=O)cc1OC(=O)[C@H](Cc1ccc(OCC(=O)NCCCOc2ccc(C(=O)c3ccc(OCc4cn(CCOCCOCCOCCNC(=O)CCCC[C@@H]5SC[C@@H]6NC(=O)N[C@@H]65)nn4)cc3)cc2)cc1)NC(=O)OC(C)(C)C,WFUYFBBPPFFWLK-WVZVNDETSA-N,1,train
CO[C@H]1[C@@H]([C@@]2(C)O[C@@H]2CC=C(C)C)[C@]2(CC[C@H]1OC(=O)NC(C)(C)C(N)=O)CO2,0.0017,CO[C@H]1[C@@H]([C@@]2(C)O[C@@H]2CC=C(C)C)[C@]2(CC[C@H]1OC(=O)NC(C)(C)C(N)=O)CO2,NUFKKKWTRRMEDB-CGZTVDABSA-N,1,train
Cc1cc(C(=O)Nc2cc(Oc3ccc4nc(NC(=O)C5CC5)nn4c3)ccc2F)n(C)n1,0.005,Cc1cc(C(=O)Nc2cc(Oc3ccc4nc(NC(=O)C5CC5)nn4c3)ccc2F)n(C)n1,HSKISFLIRPOYCF-UHFFFAOYSA-N,1,train
C[C@]12CC[C@@H]3c4cc(CO)c(O)cc4CC[C@H]3[C@@H]1CC[C@@H]2O,7.73,C[C@]12CC[C@@H]3c4cc(CO)c(O)cc4CC[C@H]3[C@@H]1CC[C@@H]2O,FRBSOYMIYWABCH-NNYOOSKESA-N,1,train
O=C(Nc1ccc(-c2ccnc3[nH]ccc23)cc1)Nc1cccc(F)c1,50.0,O=C(Nc1ccc(-c2ccnc3[nH]ccc23)cc1)Nc1cccc(F)c1,XCZIUZRMJVRXAO-UHFFFAOYSA-N,0,train
CN1CCC[C@@H]1COc1cc(Nc2nc3cc(Oc4ccnc5[nH]ccc45)ccc3o2)ccc1Cl,0.005,CN1CCC[C@@H]1COc1cc(Nc2nc3cc(Oc4ccnc5[nH]ccc45)ccc3o2)ccc1Cl,BIJITFOSDDPLRR-QGZVFWFLSA-N,1,train
COc1cc2ccc(=O)oc2cc1OCC1CO1,5.3,COc1cc2ccc(=O)oc2cc1OCC1CO1,RBJTXVDWPXGMJM-UHFFFAOYSA-N,1,train
COc1cc(NS(=O)(=O)c2ccc(C)cc2N)c2nc(C)ccc2c1,57.0,COc1cc(NS(=O)(=O)c2ccc(C)cc2N)c2nc(C)ccc2c1,SAPWBNJQBATSRN-UHFFFAOYSA-N,0,train
CCOP(=O)(CC(O)n1cc(CN2C(=O)c3cccc4cc([N+](=O)[O-])cc(c34)C2=O)nn1)OCC,250.0,CCOP(=O)(CC(O)n1cc(CN2C(=O)c3cccc4cc([N+](=O)[O-])cc(c34)C2=O)nn1)OCC,TUAPXPQRDLGOMJ-UHFFFAOYSA-N,0,train
O=C1C=C(C2CCCCC2)C(=O)C=C1C1CCCCC1,7.8,O=C1C=C(C2CCCCC2)C(=O)C=C1C1CCCCC1,PECFIHRUKCYNKE-UHFFFAOYSA-N,1,train
COc1c(F)c2c(c(OC)c1OC)-c1ccc(OC)c(=O)cc1[C@@H](N)CC2,0.075,COc1c(F)c2c(c(OC)c1OC)-c1ccc(OC)c(=O)cc1[C@@H](N)CC2,ZPKRBSLNTZAOAS-ZDUSSCGKSA-N,1,train
Cc1cc2ncc(-c3ccc(O)c(O)c3)nc2cc1C,24.65,Cc1cc2ncc(-c3ccc(O)c(O)c3)nc2cc1C,SMKFYHOKXJUJOT-UHFFFAOYSA-N,0,train
Clc1ccc2c(NC[C@@H]3CCCN4CCCC[C@H]34)ccnc2c1,49.0,Clc1ccc2c(NC[C@@H]3CCCN4CCCC[C@H]34)ccnc2c1,WIDHQBLDUCVKSN-IFXJQAMLSA-N,0,train
COc1ccc([C@@H]2ON(C)[C@H](P(=O)(O)O)[C@H]2C(=O)c2ccccc2O)cc1,1000.0,COc1ccc([C@@H]2ON(C)[C@H](P(=O)(O)O)[C@H]2C(=O)c2ccccc2O)cc1,KXWJWGVSFONQTA-RYQLBKOJSA-N,0,train
COc1cc(CC(=O)Nc2ccc3[nH]c(-c4ccc(Cl)cc4)nc3c2)cc(OC)c1OC,7.32,COc1cc(CC(=O)Nc2ccc3[nH]c(-c4ccc(Cl)cc4)nc3c2)cc(OC)c1OC,NRSJIQKRXKZRHZ-UHFFFAOYSA-N,1,train
COc1ccc(-c2noc3c2CCc2cc(OC)c(OC)cc2-3)cc1,100.0,COc1ccc(-c2noc3c2CCc2cc(OC)c(OC)cc2-3)cc1,FMGSFLKZABQPAO-UHFFFAOYSA-N,0,train
Nc1ccn([C@@H]2O[C@H](COP(=O)(S)NC(=O)c3cccnc3)[C@@H](O)C2(F)F)c(=O)n1,1000.0,Nc1ccn([C@@H]2O[C@H](COP(=O)(S)NC(=O)c3cccnc3)[C@@H](O)C2(F)F)c(=O)n1,HXPYERWZLIDZGR-GGOLNUEHSA-N,0,train
CCOC(=O)C1ON(c2ccccc2)C(c2ccc(OCC)cc2)C12C(=O)Nc1ccc(F)cc12,12.0,CCOC(=O)C1ON(c2ccccc2)C(c2ccc(OCC)cc2)C12C(=O)Nc1ccc(F)cc12,NLYGFTSQOACIJM-UHFFFAOYSA-N,0,train
COc1ccc2c(c1)SCc1cnc(-c3ccccc3)nc1-2,2.9,COc1ccc2c(c1)SCc1cnc(-c3ccccc3)nc1-2,OKMYPKRTNJXZFY-UHFFFAOYSA-N,1,train
COc1cc(OCCOc2no[n+]([O-])c2S(=O)(=O)c2ccccc2)ccc1/C(C)=N/N=C/c1ccc(F)cc1,9.1,COc1cc(OCCOc2no[n+]([O-])c2S(=O)(=O)c2ccccc2)ccc1/C(C)=N/N=C/c1ccc(F)cc1,QRXWFIUOYVKMRD-POAOKBCDSA-N,1,train
COc1ccc(-c2nc(Cl)c(-c3ccccc3)c(Nc3ccc(OCCN(C)C)cc3)n2)cc1,14.17,COc1ccc(-c2nc(Cl)c(-c3ccccc3)c(Nc3ccc(OCCN(C)C)cc3)n2)cc1,ZUOLUMLJUCKGEC-UHFFFAOYSA-N,0,train
Cc1ccnc(C(=O)c2[nH]c3cc(Cl)c(F)cc3c2CC(=O)O)c1,0.00677,Cc1ccnc(C(=O)c2[nH]c3cc(Cl)c(F)cc3c2CC(=O)O)c1,XXXVGINRZSHYHM-UHFFFAOYSA-N,1,train
Cc1ccc(NC(=O)Cn2cc(-c3ccc4c(NC(=O)C5CCCC5)n[nH]c4c3)cn2)cc1C(F)(F)F,1.49,Cc1ccc(NC(=O)Cn2cc(-c3ccc4c(NC(=O)C5CCCC5)n[nH]c4c3)cn2)cc1C(F)(F)F,BBERQXOGLDKPGV-UHFFFAOYSA-N,1,train
CN1CCN(Cc2cccc(CNC3(c4ccccc4F)CCCC3)c2)CC1,100.0,CN1CCN(Cc2cccc(CNC3(c4ccccc4F)CCCC3)c2)CC1,KLOIGJOIDBDDEC-UHFFFAOYSA-N,0,train
COc1cc(C2Oc3cc(-c4oc5cc(O)cc(O)c5c(=O)c4O)ccc3OC2CO)ccc1O,5.4,COc1cc(C2Oc3cc(-c4oc5cc(O)cc(O)c5c(=O)c4O)ccc3OC2CO)ccc1O,BVKQRAYKLBRNIK-UHFFFAOYSA-N,1,train
Cc1c(O)c(C)c2c(c1O)C(=O)CC(c1ccc(O)c(O)c1)O2,20.0,Cc1c(O)c(C)c2c(c1O)C(=O)CC(c1ccc(O)c(O)c1)O2,AESMRHCYHARBLU-UHFFFAOYSA-N,0,train
Nc1cccc(C(=O)c2ccc3c(/C=N/n4cccc4)n[nH]c3c2)c1,0.7,Nc1cccc(C(=O)c2ccc3c(/C=N/n4cccc4)n[nH]c3c2)c1,WRESVRQYSXPOKB-CIAFOILYSA-N,1,train
Cc1c(C)[n+](Cc2ccccc2)cn1Cc1ccccc1.[Cl-],100.0,Cc1c(C)[n+](Cc2ccccc2)cn1Cc1ccccc1,CIMUKIAYRHMSJF-UHFFFAOYSA-N,0,train
CN1N=C2c3ccccc3OC(c3ccccc3)C2C1c1ccc(Cl)cc1,70.9,CN1N=C2c3ccccc3OC(c3ccccc3)C2C1c1ccc(Cl)cc1,OJVYJIIXANIOCP-UHFFFAOYSA-N,0,train
COc1ccc(C(=O)c2c[nH]c3c(OC)c(OC)c(OC)cc23)cc1O,0.327,COc1ccc(C(=O)c2c[nH]c3c(OC)c(OC)c(OC)cc23)cc1O,UTLIIGYUJICKRH-UHFFFAOYSA-N,1,train
CC(C)c1ccc2c(c1)CC[C@H]1[C@](C)(CN)CCC[C@]21C.O=C(O)c1nc[nH]c1C(=O)O,1.21,CC(C)c1ccc2c(c1)CC[C@H]1[C@](C)(CN)CCC[C@]21C,JVVXZOOGOGPDRZ-SLFFLAALSA-N,1,train
COc1cc(CCc2cc(NC(=O)c3ccc(N4C[C@@H](C)N[C@@H](C)C4)cc3)n[nH]2)cc(OC)c1,37.95,COc1cc(CCc2cc(NC(=O)c3ccc(N4C[C@@H](C)N[C@@H](C)C4)cc3)n[nH]2)cc(OC)c1,VRQMAABPASPXMW-HDICACEKSA-N,0,train
CCOP(=O)(OCC)C(NC(=O)c1cc(O)c2c(c1)C(=O)c1cccc(O)c1C2=O)c1cccc(C)c1,100.0,CCOP(=O)(OCC)C(NC(=O)c1cc(O)c2c(c1)C(=O)c1cccc(O)c1C2=O)c1cccc(C)c1,FFJRXNUGYGLQAN-UHFFFAOYSA-N,0,train
CCOC(=O)CNC(=O)C(=O)C(COCc1ccccc1)NC(=O)[C@H](CC1CCCCC1)NC(=O)c1cc(OC)ccc1[N+](=O)[O-],39.0,CCOC(=O)CNC(=O)C(=O)C(COCc1ccccc1)NC(=O)[C@H](CC1CCCCC1)NC(=O)c1cc(OC)ccc1[N+](=O)[O-],FONWUYJGUQSIGZ-PMCHYTPCSA-N,0,train
COc1cc(-c2cnnn2CCOC2O[C@@H]3O[C@@]4(C)CC[C@H]5[C@H](C)CC[C@@H]([C@H]2C)[C@@]35OO4)ccc1O,62.0,COc1cc(-c2cnnn2CCOC2O[C@@H]3O[C@@]4(C)CC[C@H]5[C@H](C)CC[C@@H]([C@H]2C)[C@@]35OO4)ccc1O,ZNFCJKQKMUWFGD-DWLQYSNWSA-N,0,train
CCOC(=O)c1cc2c(nc1C(F)(F)F)nn1c(C(F)(F)F)cc(C)nc21,88.2,CCOC(=O)c1cc2c(nc1C(F)(F)F)nn1c(C(F)(F)F)cc(C)nc21,YSHDELAVGKSCCY-UHFFFAOYSA-N,0,train
CC(=O)Oc1ccccc1C(=O)O[C@H]1CC[C@]2(C)[C@H]3CC=C4[C@@H]5[C@@H](C)[C@H](C)CC[C@]5(C(=O)O)CC[C@@]4(C)[C@]3(C)CC[C@H]2C1(C)C,100.0,CC(=O)Oc1ccccc1C(=O)O[C@H]1CC[C@]2(C)[C@H]3CC=C4[C@@H]5[C@@H](C)[C@H](C)CC[C@]5(C(=O)O)CC[C@@]4(C)[C@]3(C)CC[C@H]2C1(C)C,NGWRWONYCLGRSK-DRTARWCKSA-N,0,train
Cc1ccc(NC2=NCc3c([nH]c4ccccc34)S2)cc1,100.0,Cc1ccc(NC2=NCc3c([nH]c4ccccc34)S2)cc1,QARGQNWQUHMEBK-UHFFFAOYSA-N,0,train
COc1ccc(/C=C2\Oc3ccc(O)cc3C2=O)cc1,9.86,COc1ccc(/C=C2\Oc3ccc(O)cc3C2=O)cc1,GKYMQETXGKYNAG-NVNXTCNLSA-N,1,train
O=C1Nc2ccccc2/C1=C/c1ccc(-c2cn(-c3ccc(F)cc3)nn2)cc1,14.71,O=C1Nc2ccccc2/C1=C/c1ccc(-c2cn(-c3ccc(F)cc3)nn2)cc1,HVQTVQZIXBNWQN-MOSHPQCFSA-N,0,train
CCC(C)n1ncn(-c2ccc(N3CCN(c4ccc(OC[C@@H]5CO[C@@](Cn6nc(C)nc6C)(c6ccc(Cl)cc6Cl)O5)cc4)CC3)cc2)c1=O,0.221,CCC(C)n1ncn(-c2ccc(N3CCN(c4ccc(OC[C@@H]5CO[C@@](Cn6nc(C)nc6C)(c6ccc(Cl)cc6Cl)O5)cc4)CC3)cc2)c1=O,LDZJZIYCUFWYOT-XUYWPELPSA-N,1,train
O=C(Nc1ccc2oc(-c3ccc(Cl)cc3)nc2c1)c1ccc(Cl)c(Br)c1,13.38,O=C(Nc1ccc2oc(-c3ccc(Cl)cc3)nc2c1)c1ccc(Cl)c(Br)c1,YHLCUKHVGGKZIV-UHFFFAOYSA-N,0,train
CCN1CCC(Nc2ccc3c(c2)C(=C(c2ccc(Cl)cc2)c2ncc[nH]2)C(=O)N3)CC1,0.011,CCN1CCC(Nc2ccc3c(c2)C(=C(c2ccc(Cl)cc2)c2ncc[nH]2)C(=O)N3)CC1,XHCPCYVQXFHJAU-UHFFFAOYSA-N,1,train
COc1ccc(NS(=O)(=O)c2ccc(/C=C/C(=O)Nc3ccccc3N)cc2)cc1OC,37.0,COc1ccc(NS(=O)(=O)c2ccc(/C=C/C(=O)Nc3ccccc3N)cc2)cc1OC,VHQPTGPWNAFGFE-NTEUORMPSA-N,0,train
NCCCC[C@H](NC(=O)[C@H](CS)NC(=O)[C@H](Cc1c[nH]c2ccccc12)NC(=O)[C@H](CCCCN)NC(=O)[C@H](CCCCN)NC(=O)[C@H](Cc1c[nH]c2ccccc12)NC(=O)[C@H](Cc1c[nH]c2ccccc12)NC(=O)[C@H](CCCCN)NC(=O)[C@@H](N)CCCCN)C(N)=O,104.8,NCCCC[C@H](NC(=O)[C@H](CS)NC(=O)[C@H](Cc1c[nH]c2ccccc12)NC(=O)[C@H](CCCCN)NC(=O)[C@H](CCCCN)NC(=O)[C@H](Cc1c[nH]c2ccccc12)NC(=O)[C@H](Cc1c[nH]c2ccccc12)NC(=O)[C@H](CCCCN)NC(=O)[C@@H](N)CCCCN)C(N)=O,WJWYMLGFMPAHPH-KYQXWEQOSA-N,0,train
C=CCc1ccc(OC(C)C)c(-c2cc(CC=C)cc(CN3CCC(N)CC3)c2O)c1,6.24,C=CCc1ccc(OC(C)C)c(-c2cc(CC=C)cc(CN3CCC(N)CC3)c2O)c1,SSSMWGYCQTXSRI-UHFFFAOYSA-N,1,train
CC(C)=CCCC1(C)CCc2c(O)cc(O)c(C(=O)C(C)C)c2O1,16.5,CC(C)=CCCC1(C)CCc2c(O)cc(O)c(C(=O)C(C)C)c2O1,YVSXEXZLBOZKPE-UHFFFAOYSA-N,0,train
CCOP(=O)(OCC)C(NC(=O)c1cc(O)c2c(c1)C(=O)c1cccc(O)c1C2=O)c1c2ccccc2cc2ccccc12,100.0,CCOP(=O)(OCC)C(NC(=O)c1cc(O)c2c(c1)C(=O)c1cccc(O)c1C2=O)c1c2ccccc2cc2ccccc12,KCCHUYDBXIMNPM-UHFFFAOYSA-N,0,train
NC(=O)c1cccc2[nH]c(-c3ccc(C(=O)NC4CCN(c5ccc(Br)o5)C4)c(F)c3)nc12,100.0,NC(=O)c1cccc2[nH]c(-c3ccc(C(=O)NC4CCN(c5ccc(Br)o5)C4)c(F)c3)nc12,VXAIQNWSLLVIKA-UHFFFAOYSA-N,0,train
COc1ccc2c(C(=O)c3cc(OC)c(OC)c(OC)c3)c(-c3ccc4c(ccn4C)c3)oc2c1,0.032,COc1ccc2c(C(=O)c3cc(OC)c(OC)c(OC)c3)c(-c3ccc4c(ccn4C)c3)oc2c1,QOHDCUNQOJRFKT-UHFFFAOYSA-N,1,train
CCOC(=O)C1C(c2cccc(OC)c2OC)N(c2ccccc2)OC12C(=O)Nc1ccc(F)cc12,27.0,CCOC(=O)C1C(c2cccc(OC)c2OC)N(c2ccccc2)OC12C(=O)Nc1ccc(F)cc12,FYLMOHNTKMGJAV-UHFFFAOYSA-N,0,train
CCOP(=O)(OCC)C(NC(=O)C(C)Oc1ccc2c(c1O)C(=O)c1ccccc1C2=O)c1cccc(Br)c1,23.57,CCOP(=O)(OCC)C(NC(=O)C(C)Oc1ccc2c(c1O)C(=O)c1ccccc1C2=O)c1cccc(Br)c1,NZLYSILZGOBHTK-UHFFFAOYSA-N,0,train
COc1cc2ncnc(Oc3ccc4c(C(N)=O)cccc4c3)c2cc1OC,0.016,COc1cc2ncnc(Oc3ccc4c(C(N)=O)cccc4c3)c2cc1OC,ZYYNXHSAMWEIKK-UHFFFAOYSA-N,1,train
COc1cc(OCCOc2no[n+]([O-])c2S(=O)(=O)c2ccccc2)ccc1C(=O)/C=C/c1ccc(F)cc1,0.36,COc1cc(OCCOc2no[n+]([O-])c2S(=O)(=O)c2ccccc2)ccc1C(=O)/C=C/c1ccc(F)cc1,LASXLBDOLSQBDW-NTEUORMPSA-N,1,train
Cn1cc(C[C@@H](N)C(=O)O)c2ccccc21,100.0,Cn1cc(C[C@@H](N)C(=O)O)c2ccccc21,ZADWXFSZEAPBJS-SNVBAGLBSA-N,0,train
CCOP(=O)(OCC)[C@@H]1C[C@@H](Cn2c(=O)n(C(=O)c3cccc(F)c3)c(=O)c3ccccc32)ON1C,250.0,CCOP(=O)(OCC)[C@@H]1C[C@@H](Cn2c(=O)n(C(=O)c3cccc(F)c3)c(=O)c3ccccc32)ON1C,PWXRVQQTFIZEHB-GHTZIAJQSA-N,0,train
CCOC(=O)/C=C1/C(=O)N(CC(=O)OC)c2ccc(Cl)cc21,40.0,CCOC(=O)/C=C1/C(=O)N(CC(=O)OC)c2ccc(Cl)cc21,WFBQSAWGNFAPHD-YRNVUSSQSA-N,0,train
COc1cc(/C=N/Nc2nc(-c3ccc(C(F)(F)F)cc3)cs2)c(Br)c(Br)c1OC,100.0,COc1cc(/C=N/Nc2nc(-c3ccc(C(F)(F)F)cc3)cs2)c(Br)c(Br)c1OC,VIQAAQODMYWFCB-ZNLRHDTNSA-N,0,train
CC(C)N1CCC(Oc2ccc(/C=C/c3n[nH]c4cc([C@@H]5C[C@@]56C(=O)Nc5ccccc56)ccc34)cc2)CC1,4.1,CC(C)N1CCC(Oc2ccc(/C=C/c3n[nH]c4cc([C@@H]5C[C@@]56C(=O)Nc5ccccc56)ccc34)cc2)CC1,RVUPIRNDZZGAJU-KTYYFCFMSA-N,1,train
COc1ccc2nccc(CCN3CCC(NCc4ccc(I)c(F)c4)CC3)c2n1,18.47,COc1ccc2nccc(CCN3CCC(NCc4ccc(I)c(F)c4)CC3)c2n1,KLPNELPTKNRMMW-UHFFFAOYSA-N,0,train
O=c1[nH]cc(F)c(=O)[nH]1,0.0036,O=c1[nH]cc(F)c(=O)[nH]1,GHASVSINZRGABV-UHFFFAOYSA-N,1,train
COc1ccc(S(=O)(=O)Nc2ccc(/C=C/C(=O)Nc3ccccc3N)cc2)cc1OC,37.0,COc1ccc(S(=O)(=O)Nc2ccc(/C=C/C(=O)Nc3ccccc3N)cc2)cc1OC,DNINPOWJJPWIQI-NTEUORMPSA-N,0,train
CNCCCc1[nH]nc(N)c1-c1nc2ccccc2s1,14.8,CNCCCc1[nH]nc(N)c1-c1nc2ccccc2s1,AUVSEZNSBWGOIM-UHFFFAOYSA-N,0,train
CCCCS(=O)(=O)N[C@@H](Cc1ccc(OCCCCC2CCNCC2)cc1)C(=O)O,100.0,CCCCS(=O)(=O)N[C@@H](Cc1ccc(OCCCCC2CCNCC2)cc1)C(=O)O,COKMIXFXJJXBQG-NRFANRHFSA-N,0,train
CN(C)C(=O)c1ccc(OC/C(=C\F)CN)c(F)c1,100.0,CN(C)C(=O)c1ccc(OC/C(=C\F)CN)c(F)c1,VKFZNQUOMMWPRQ-TWGQIWQCSA-N,0,train
O=C(Nc1cccc(Oc2ccc3nc(NC(=O)C4CCOCC4)cn3n2)c1)c1cccc(C(F)(F)F)c1,0.0091,O=C(Nc1cccc(Oc2ccc3nc(NC(=O)C4CCOCC4)cn3n2)c1)c1cccc(C(F)(F)F)c1,WFIZKEJDQNESRZ-UHFFFAOYSA-N,1,train
O=C(COc1c(OCc2ccccc2)cc2oc(-c3ccccc3)cc(=O)c2c1O)N1CCNCC1,57.1,O=C(COc1c(OCc2ccccc2)cc2oc(-c3ccccc3)cc(=O)c2c1O)N1CCNCC1,YVNQQKYLBFROEI-UHFFFAOYSA-N,0,train
Nc1ccccc1NC(=O)c1ccc(CNC(=O)c2cc3ccc(OCc4cccc(F)c4)cc3oc2=O)cc1,57.68,Nc1ccccc1NC(=O)c1ccc(CNC(=O)c2cc3ccc(OCc4cccc(F)c4)cc3oc2=O)cc1,QAUMITYVWLJUKL-UHFFFAOYSA-N,0,train
CC(Nc1ccccc1F)=C1C(=O)CC(c2ccccc2)CC1=O,0.93,CC(Nc1ccccc1F)=C1C(=O)CC(c2ccccc2)CC1=O,ZSWNZYJIHPQRQF-UHFFFAOYSA-N,1,train
NC(=O)c1cc2c(Oc3ccc(C(F)(F)F)cc3)cncc2s1,71.0,NC(=O)c1cc2c(Oc3ccc(C(F)(F)F)cc3)cncc2s1,KBOWMMZYYRZQQU-UHFFFAOYSA-N,0,train
CCC(C)n1ncn(-c2ccc(N3CCN(c4ccc(OC[C@@H]5CO[C@@](CBr)(c6ccc(Cl)cc6Cl)O5)cc4)CC3)cc2)c1=O,0.569,CCC(C)n1ncn(-c2ccc(N3CCN(c4ccc(OC[C@@H]5CO[C@@](CBr)(c6ccc(Cl)cc6Cl)O5)cc4)CC3)cc2)c1=O,RRCZSTDTOUYVMC-VFLJDCCYSA-N,1,train
CN(C(=O)c1cc2ccccc2n(C)c1=O)c1ccccc1,20.58,CN(C(=O)c1cc2ccccc2n(C)c1=O)c1ccccc1,FGBFZBPAUGTKOG-UHFFFAOYSA-N,0,train
C/C=C/C=C/C=C/C[N+](C)(C)CCCCCCCCCCCC.[I-],20.0,C/C=C/C=C/C=C/C[N+](C)(C)CCCCCCCCCCCC,UCYZYCQVJCIWPM-DBHFNREHSA-N,0,train
COc1ccc2cc(C(=O)NCc3ccc(C(=O)Nc4ccccc4N)cc3)c(=O)oc2c1,100.0,COc1ccc2cc(C(=O)NCc3ccc(C(=O)Nc4ccccc4N)cc3)c(=O)oc2c1,VYGYRZGDUGTQCN-UHFFFAOYSA-N,0,train
C[C@@H]1C[C@H](C)C[C@H](C)[C@@H](O)CC(=O)O[C@H]([C@H](C)[C@H](C)C(=O)O)C/C=C/C=C(/C#N)[C@H](O)[C@@H](C)C1,0.001,C[C@@H]1C[C@H](C)C[C@H](C)[C@@H](O)CC(=O)O[C@H]([C@H](C)[C@H](C)C(=O)O)C/C=C/C=C(/C#N)[C@H](O)[C@@H](C)C1,ZYDRORLSVFUCAK-JBDBQWLJSA-N,1,train
O=C(O)c1cc(Br)ccc1NS(=O)(=O)c1ccc(Cl)cc1,3.0,O=C(O)c1cc(Br)ccc1NS(=O)(=O)c1ccc(Cl)cc1,JDVLYAYDIMUAAC-UHFFFAOYSA-N,1,train
O=c1oc2cc(O)ccc2c(Nc2ccc(OCCN3CCCCC3)cc2)c1-c1ccc(F)cc1,9.92,O=c1oc2cc(O)ccc2c(Nc2ccc(OCCN3CCCCC3)cc2)c1-c1ccc(F)cc1,QJGLQXAYEDBZKN-UHFFFAOYSA-N,1,train
COc1cc2sc(-c3c(-c4ccncc4)n[nH]c3N)nc2cc1F,25.0,COc1cc2sc(-c3c(-c4ccncc4)n[nH]c3N)nc2cc1F,JZJCYCNGEXYTSB-UHFFFAOYSA-N,0,train
O=C(O)CC(c1cccnc1)N1CCc2cc(Oc3cccc4c3nc3n4CCCN3)ccc2C1=O,0.037,O=C(O)CC(c1cccnc1)N1CCc2cc(Oc3cccc4c3nc3n4CCCN3)ccc2C1=O,IZJKOCVIGXNCTL-UHFFFAOYSA-N,1,train
NC(=O)c1cc2c(Sc3ccc(C(F)(F)F)cc3)cncc2s1,95.0,NC(=O)c1cc2c(Sc3ccc(C(F)(F)F)cc3)cncc2s1,VIAAOSSEVPAHGM-UHFFFAOYSA-N,0,train
CCCC[C@@H](NC(=O)[C@@H](N)Cc1c[nH]c2ccccc12)C(=O)N[C@@H](CCC(=O)O)C(=O)N[C@@H](C)C(=O)N[C@@H](C)C(=O)N[C@@H](Cc1ccc(O)cc1)C(=O)N[C@@H](CCC(N)=O)C(=O)N[C@H](CCCCNC(=O)CCCC(=O)N[C@H]1C[C@H](O[C@H]2C[C@](O)(C(=O)CO)Cc3c(O)c4c(c(O)c32)C(=O)c2c(OC)cccc2C4=O)O[C@@H](C)[C@H]1O)C(=O)N[C@@H](Cc1ccccc1)C(=O)N[C@@H](CC(C)C)C(N)=O,42.3,CCCC[C@@H](NC(=O)[C@@H](N)Cc1c[nH]c2ccccc12)C(=O)N[C@@H](CCC(=O)O)C(=O)N[C@@H](C)C(=O)N[C@@H](C)C(=O)N[C@@H](Cc1ccc(O)cc1)C(=O)N[C@@H](CCC(N)=O)C(=O)N[C@H](CCCCNC(=O)CCCC(=O)N[C@H]1C[C@H](O[C@H]2C[C@](O)(C(=O)CO)Cc3c(O)c4c(c(O)c32)C(=O)c2c(OC)cccc2C4=O)O[C@@H](C)[C@H]1O)C(=O)N[C@@H](Cc1ccccc1)C(=O)N[C@@H](CC(C)C)C(N)=O,MFODIRPNXCSIFT-CHTMHLENSA-N,0,train
COc1ccc(-c2noc(-c3ccc(OC)cc3)c2C)cc1,100.0,COc1ccc(-c2noc(-c3ccc(OC)cc3)c2C)cc1,JASYXZZXRCFNMO-UHFFFAOYSA-N,0,train
Cc1nnc2n1-c1sc3c(c1C(c1ccc(Cl)cc1)=N[C@H]2CC(=O)Nc1ccc(CC(=O)NO)cc1)CCCC3,2.2,Cc1nnc2n1-c1sc3c(c1C(c1ccc(Cl)cc1)=N[C@H]2CC(=O)Nc1ccc(CC(=O)NO)cc1)CCCC3,XQAGCFFUQCPFPC-QFIPXVFZSA-N,1,train
C=C1CC[C@H]2[C@@H]3CCc4cc(C(N)=O)c(OC)cc4[C@H]3CC[C@]12C,0.25,C=C1CC[C@H]2[C@@H]3CCc4cc(C(N)=O)c(OC)cc4[C@H]3CC[C@]12C,RUNRGCSTWODXJD-WWKQJJJLSA-N,1,train
CNc1nccc(Oc2ccc3oc(Nc4ccc(Cl)c(CN5CCN(C)CC5)c4)nc3c2)n1,0.303,CNc1nccc(Oc2ccc3oc(Nc4ccc(Cl)c(CN5CCN(C)CC5)c4)nc3c2)n1,INTAKWINMAJSDR-UHFFFAOYSA-N,1,train
COc1ccc(-c2nc(Cl)cc(Nc3ccc(NC(=O)CN(C)C)cc3)n2)cc1,40.0,COc1ccc(-c2nc(Cl)cc(Nc3ccc(NC(=O)CN(C)C)cc3)n2)cc1,YCVWLQUUMLQUTQ-UHFFFAOYSA-N,0,train
Cc1nnc2n1-c1ccccc1C(c1ccc(Cl)cc1)=N[C@H]2CC(=O)Nc1ccc(/C=C/C(=O)NO)cc1,0.42,Cc1nnc2n1-c1ccccc1C(c1ccc(Cl)cc1)=N[C@H]2CC(=O)Nc1ccc(/C=C/C(=O)NO)cc1,CSYBTCHWZOWTNC-XAYULXIRSA-N,1,train
C=CCc1ccc(OC)c(-c2ccc(O)c(CC=C)c2)c1,61.8,C=CCc1ccc(OC)c(-c2ccc(O)c(CC=C)c2)c1,QVLJMPBNVQXYEL-UHFFFAOYSA-N,0,train
COc1cc2c(c(OC)c1O)CC(Cc1ccc(O)cc1)CO2,100.0,COc1cc2c(c(OC)c1O)CC(Cc1ccc(O)cc1)CO2,QBLPEOSTPYKEFU-UHFFFAOYSA-N,0,train
COc1cc(O)c2c(c1)OC[C@]1(Cc3c1cc(OC)c(OC)c3O)C2=O,100.0,COc1cc(O)c2c(c1)OC[C@]1(Cc3c1cc(OC)c(OC)c3O)C2=O,JWPTZLDMDIRBAI-IBGZPJMESA-N,0,train
CCOC(=O)C1ON(c2ccccc2)C(c2ccc(F)c(F)c2)C12C(=O)Nc1ccc(F)cc12,62.0,CCOC(=O)C1ON(c2ccccc2)C(c2ccc(F)c(F)c2)C12C(=O)Nc1ccc(F)cc12,FWMMQBNRSQTCTC-UHFFFAOYSA-N,0,train
N=C(N)NCCC[C@@H]1NC(=O)CC(=O)N[C@@H](CC(=O)O)C(=O)N[C@@H](Cc2ccccc2)CNC1=O,25.2,N=C(N)NCCC[C@@H]1NC(=O)CC(=O)N[C@@H](CC(=O)O)C(=O)N[C@@H](Cc2ccccc2)CNC1=O,JBCUWZUACLSOTF-JYJNAYRXSA-N,0,train
CCC(=O)CC(O)CC(C)C[C@H](NC(=O)C1CC(C)CN1C(=O)/C=C/[C@@H](C)CC)C(=O)N[C@H](C(=O)NC(C)(C)C(=O)N[C@@H](CC(C)C)C(=O)N[C@@H](CC(C)C)C(=O)NC(C)(C)C(=O)NC(C)(C)C(=O)NCCCC(N)=O)C(O)C(C)C,1.0,CCC(=O)CC(O)CC(C)C[C@H](NC(=O)C1CC(C)CN1C(=O)/C=C/[C@@H](C)CC)C(=O)N[C@H](C(=O)NC(C)(C)C(=O)N[C@@H](CC(C)C)C(=O)N[C@@H](CC(C)C)C(=O)NC(C)(C)C(=O)NC(C)(C)C(=O)NCCCC(N)=O)C(O)C(C)C,GWAKUJDAJHEQBU-DZJIFYGYSA-N,1,train
N=C(N)c1ccc(N2CCC3(CCN(C(=O)NCCC(=O)O)CC3)C2=O)cc1,50.0,N=C(N)c1ccc(N2CCC3(CCN(C(=O)NCCC(=O)O)CC3)C2=O)cc1,CMUNADRSMWGGGA-UHFFFAOYSA-N,0,train
COC1=C2C[C@@H](C)C[C@H](OC)[C@H](O)[C@@H](C)/C=C(\C)[C@H](OC(N)=O)[C@@H](OC)/C=C\C=C(/C)C(=O)NC(=CC1=O)C2=O,0.019,COC1=C2C[C@@H](C)C[C@H](OC)[C@H](O)[C@@H](C)/C=C(\C)[C@H](OC(N)=O)[C@@H](OC)/C=C\C=C(/C)C(=O)NC(=CC1=O)C2=O,QTQAWLPCGQOSGP-KSRBKZBZSA-N,1,train
CC(=O)c1c(O)cc(O)c2c1OC(C)(CCC=C(C)C)CC2,20.3,CC(=O)c1c(O)cc(O)c2c1OC(C)(CCC=C(C)C)CC2,HSXJSGFNLXNYIW-UHFFFAOYSA-N,0,train
COc1ccc(/C=C\c2cc(OC)c(OC)c(OC)c2)cc1OC(=O)c1cccc(Cn2cc(CCOC(=O)[C@H](N)Cc3cn(C)c4ccccc34)nn2)c1,1.52,COc1ccc(/C=C\c2cc(OC)c(OC)c(OC)c2)cc1OC(=O)c1cccc(Cn2cc(CCOC(=O)[C@H](N)Cc3cn(C)c4ccccc34)nn2)c1,ZXDJTIHUHXGWOK-YAGQSAGLSA-N,1,train
C=CCc1ccc(OCCC)c(-c2ccc(O)c(CC=C)c2)c1,73.3,C=CCc1ccc(OCCC)c(-c2ccc(O)c(CC=C)c2)c1,CPNPKRREQMIDHL-UHFFFAOYSA-N,0,train
CC(=O)Nc1nc(-c2ccc(Cl)cc2)cs1,10.0,CC(=O)Nc1nc(-c2ccc(Cl)cc2)cs1,SZMTXFIEJGDABF-UHFFFAOYSA-N,1,train
Cc1c(CCC(=O)O)s/c(=N\C(=O)c2ccc(C(=N)N)cc2)n1C,100.0,Cc1c(CCC(=O)O)s/c(=N\C(=O)c2ccc(C(=N)N)cc2)n1C,KMVGGEMBEYLCFD-MNDPQUGUSA-N,0,train
CCC(C)C(=O)c1c(O)cc2c(c1O)CCC(C)(CCC=C(C)C)O2,21.1,CCC(C)C(=O)c1c(O)cc2c(c1O)CCC(C)(CCC=C(C)C)O2,PCLLEWWERMTJCL-UHFFFAOYSA-N,0,train
O=C(CCCCCCC(=O)c1ccc(-c2ccc(Br)cc2)cc1)NO,7.0,O=C(CCCCCCC(=O)c1ccc(-c2ccc(Br)cc2)cc1)NO,CHORFZKELKILNA-UHFFFAOYSA-N,1,train
C=C1C(=O)[C@]23[C@H](O)[C@H]1CC[C@H]2[C@@]12CO[C@]3(O)[C@@H](O)[C@@H]1C(C)(C)CC[C@@H]2O,5.6,C=C1C(=O)[C@]23[C@H](O)[C@H]1CC[C@H]2[C@@]12CO[C@]3(O)[C@@H](O)[C@@H]1C(C)(C)CC[C@@H]2O,SDHTXBWLVGWJFT-XKCURVIJSA-N,1,train
COc1ccc2nccc(CCN3CCC(NCc4cc(F)c(Cl)c(F)c4)CC3)c2n1,29.72,COc1ccc2nccc(CCN3CCC(NCc4cc(F)c(Cl)c(F)c4)CC3)c2n1,GFQDXSUJWFUHQT-UHFFFAOYSA-N,0,train
COc1cccc(C(=O)Nc2ccc(Nc3ccc([N+](=O)[O-])c4ncnc(O)c34)cc2)c1,57.8,COc1cccc(C(=O)Nc2ccc(Nc3ccc([N+](=O)[O-])c4ncnc(O)c34)cc2)c1,VWVVBBVTBPMJSX-UHFFFAOYSA-N,0,train
NS(=O)(=O)c1ccc(Nc2nccc(Nc3ccc4[nH]ncc4c3)n2)cc1,1.37,NS(=O)(=O)c1ccc(Nc2nccc(Nc3ccc4[nH]ncc4c3)n2)cc1,RIDVSJHDOSOYIB-UHFFFAOYSA-N,1,train
Cc1c(OCC(F)(F)F)ccnc1C[S@@+]([O-])c1nc2ccccc2[nH]1,100.0,Cc1c(OCC(F)(F)F)ccnc1C[S@@+]([O-])c1nc2ccccc2[nH]1,MJIHNNLFOKEZEW-RUZDIDTESA-N,0,train
CN1C(=O)N(c2cc(Cl)cc(Cl)c2)C(=O)[C@]12CN(c1ccc(C#N)nc1)C[C@H]2c1ccc(C#N)cc1,0.012,CN1C(=O)N(c2cc(Cl)cc(Cl)c2)C(=O)[C@]12CN(c1ccc(C#N)nc1)C[C@H]2c1ccc(C#N)cc1,GUCBJWWAPXRWIV-JYFHCDHNSA-N,1,train
O=C(CCC(=O)OCCCCCCSc1ccc([N+](=O)[O-])c2nonc12)Nc1ccc(F)cc1,1.74,O=C(CCC(=O)OCCCCCCSc1ccc([N+](=O)[O-])c2nonc12)Nc1ccc(F)cc1,YRVMFCKFEZZGMJ-UHFFFAOYSA-N,1,train
COc1cccc(CC(=O)Nc2ccc(-c3ccnc4[nH]ccc34)cc2)c1,50.0,COc1cccc(CC(=O)Nc2ccc(-c3ccnc4[nH]ccc34)cc2)c1,NCGVBPHYAINDEM-UHFFFAOYSA-N,0,train
Cc1ccc(-n2nncc2CN2C(=O)C3(C(C#N)=C(N)Oc4c3c3nc5ccccc5nc3c3ccccc43)c3ccccc32)cc1C,50.0,Cc1ccc(-n2nncc2CN2C(=O)C3(C(C#N)=C(N)Oc4c3c3nc5ccccc5nc3c3ccccc43)c3ccccc32)cc1C,JXZUIEYZJNCGAI-UHFFFAOYSA-N,0,train
C=CCc1cc(C=O)c(OC)c(-c2ccc(O)c(CC=C)c2)c1,32.5,C=CCc1cc(C=O)c(OC)c(-c2ccc(O)c(CC=C)c2)c1,FQEYXRLINAISHQ-UHFFFAOYSA-N,0,train
CN(Cc1ccccc1)Cc1ccc2c(c1)OCO2.Cl,200.0,CN(Cc1ccccc1)Cc1ccc2c(c1)OCO2,XYSLEQJWARNFLM-UHFFFAOYSA-N,0,train
CS(=O)(=O)Nc1ccc(NC(=O)c2ccc(F)cc2)cc1Oc1ccccc1,200.0,CS(=O)(=O)Nc1ccc(NC(=O)c2ccc(F)cc2)cc1Oc1ccccc1,AGDZJWFCIFORSO-UHFFFAOYSA-N,0,train
C=C(C(C)=O)[C@@H]1C[C@@H]2[C@@]3(C)[C@@H](O)CCC(C)(C)[C@]3(O)CC[C@@]2(C)O1,10.0,C=C(C(C)=O)[C@@H]1C[C@@H]2[C@@]3(C)[C@@H](O)CCC(C)(C)[C@]3(O)CC[C@@]2(C)O1,MTZHGGSCKVDXDP-BRMIGGSTSA-N,1,train
CN(C)C1CCN(C(=O)c2ccc(Nc3nccc(-c4cc5ccccc5s4)n3)cc2)CC1,0.3,CN(C)C1CCN(C(=O)c2ccc(Nc3nccc(-c4cc5ccccc5s4)n3)cc2)CC1,ALNKZWZEELZRCE-UHFFFAOYSA-N,1,train
Nc1ccccc1NC(=O)c1ccc(CNc2nc3cc(Cl)ccc3o2)cc1,17.0,Nc1ccccc1NC(=O)c1ccc(CNc2nc3cc(Cl)ccc3o2)cc1,CTDCQJLZGINRKT-UHFFFAOYSA-N,0,train
C#CCNC(=O)Nc1cccc(COc2ccc(C(=O)OC)cc2)c1,17.52,C#CCNC(=O)Nc1cccc(COc2ccc(C(=O)OC)cc2)c1,RLCKBYUEJAQVLY-UHFFFAOYSA-N,0,train
O=C(/C=C/c1ccc(NS(=O)(=O)c2ccc(-c3ccccc3)cc2)cc1)Nc1ccccc1,37.0,O=C(/C=C/c1ccc(NS(=O)(=O)c2ccc(-c3ccccc3)cc2)cc1)Nc1ccccc1,MNXDDKPTUHZQGF-DEDYPNTBSA-N,0,train
COc1cc2c(Nc3c(F)cc(Br)cc3F)ncnc2cc1OCC1CCN(C)CC1,1.0,COc1cc2c(Nc3c(F)cc(Br)cc3F)ncnc2cc1OCC1CCN(C)CC1,KIWKXIDEBINNAK-UHFFFAOYSA-N,1,train
O=C(Nc1ccccc1)c1cccnc1SCc1ccncc1,0.37,O=C(Nc1ccccc1)c1cccnc1SCc1ccncc1,DOBOJBWHRGDAPX-UHFFFAOYSA-N,1,train
CCOC(=O)c1cc2c(nc1C(F)(F)F)nn1ccc(C)nc21,93.2,CCOC(=O)c1cc2c(nc1C(F)(F)F)nn1ccc(C)nc21,MDLRLHMIGGBTJJ-UHFFFAOYSA-N,0,train
C=C1CC[C@H]2C(C)(C)CCC[C@]2(C)[C@H]1CCC(C)CC(=O)OC,200.0,C=C1CC[C@H]2C(C)(C)CCC[C@]2(C)[C@H]1CCC(C)CC(=O)OC,AOKUBKCGRXTZDV-GVTIRNABSA-N,0,train
Cn1ccc2ncnc(Oc3ccc(NC(=O)Nc4ccccc4)cc3)c21,0.81,Cn1ccc2ncnc(Oc3ccc(NC(=O)Nc4ccccc4)cc3)c21,BVFBTDPKGZCIBA-UHFFFAOYSA-N,1,train
CCCCCOC(=O)C1=CC[C@@]23CC[C@@H]([C@@](C)(/C=C/C=C(\C)C(=O)O)OC2=O)[C@@]3(OC(C)=O)CC1,0.216,CCCCCOC(=O)C1=CC[C@@]23CC[C@@H]([C@@](C)(/C=C/C=C(\C)C(=O)O)OC2=O)[C@@]3(OC(C)=O)CC1,AVEIOZXOKRQGDY-BEMJKTRXSA-N,1,train
COc1cc2c(c(O)c1OC)CC(Cc1ccc(O)cc1)CO2,90.1,COc1cc2c(c(O)c1OC)CC(Cc1ccc(O)cc1)CO2,ZPUQCWAMOBULBP-UHFFFAOYSA-N,0,train
Cn1ncc2c(Oc3ccc4[nH]c(Nc5ccccc5)nc4c3)ncnc21,100.0,Cn1ncc2c(Oc3ccc4[nH]c(Nc5ccccc5)nc4c3)ncnc21,GSQMEGSMKMZZHH-UHFFFAOYSA-N,0,train
COc1ccc2c(c1)CC[C@@H]1[C@@H]2[C@H](OC(=O)c2ccc(NC(=O)CN3CCN(C)CC3)cc2)C[C@]2(C)[C@@H](OC)CC[C@@H]12,5.88,COc1ccc2c(c1)CC[C@@H]1[C@@H]2[C@H](OC(=O)c2ccc(NC(=O)CN3CCN(C)CC3)cc2)C[C@]2(C)[C@@H](OC)CC[C@@H]12,PNBFYSCRJAJVDX-YRIDEWJCSA-N,1,train
CC(=O)Cc1cc(=O)c2c(O)c3c(O)cc(O)c(-c4c(O)cc(O)c5c(O)c6c(=O)cc(C)oc6cc45)c3cc2o1,1.51,CC(=O)Cc1cc(=O)c2c(O)c3c(O)cc(O)c(-c4c(O)cc(O)c5c(O)c6c(=O)cc(C)oc6cc45)c3cc2o1,IADZTDILSKIQTE-UHFFFAOYSA-N,1,train
CC(C)OC1=C(C(N)=O)S(=O)(=O)c2ccc(O)cc21,4.0,CC(C)OC1=C(C(N)=O)S(=O)(=O)c2ccc(O)cc21,QGYCEUXBOFEWKW-UHFFFAOYSA-N,1,train
Nc1c(-c2nc3ccc(N4CCOCC4)[nH]c-3n2)c(O)nc2ccccc12,0.034,Nc1c(-c2nc3ccc(N4CCOCC4)[nH]c-3n2)c(O)nc2ccccc12,YUZDAIVFOGPJIS-UHFFFAOYSA-N,1,train
C/C=C(\C)C(=O)O[C@@H]1C2=C(C)C(=O)N[C@]2(O)C[C@@]2(C)O[C@@H]2CC[C@@]2(C)O[C@H]12,40.4,C/C=C(\C)C(=O)O[C@@H]1C2=C(C)C(=O)N[C@]2(O)C[C@@]2(C)O[C@@H]2CC[C@@]2(C)O[C@H]12,XFPKBESLGWGFJQ-DSUMSCBMSA-N,0,train
CO[C@H]1[C@@H]([C@@]2(C)O[C@@H]2CC=C(C)C)[C@]2(CC[C@H]1OC(=O)N[C@@H](C(=O)NCCN1CCCC1)C(C)C)CO2,0.0006,CO[C@H]1[C@@H]([C@@]2(C)O[C@@H]2CC=C(C)C)[C@]2(CC[C@H]1OC(=O)N[C@@H](C(=O)NCCN1CCCC1)C(C)C)CO2,TVYNZOFZJHKPKJ-QSFATTOVSA-N,1,train
O=C(O)c1cc(Br)ccc1NS(=O)(=O)c1cccc2nsnc12,2.0,O=C(O)c1cc(Br)ccc1NS(=O)(=O)c1cccc2nsnc12,ZFMGFZJIHDSKHL-UHFFFAOYSA-N,1,train
COc1cc2c3ccccc3n3c(=O)ccc(n1)c23,0.503,COc1cc2c3ccccc3n3c(=O)ccc(n1)c23,CDWAXMGQLZGHDU-UHFFFAOYSA-N,1,train
COc1ccc(/C=C\c2cc(OC)c(OC)c(OC)c2)cc1NC(=O)Oc1cccc(Cl)c1C,0.02,COc1ccc(/C=C\c2cc(OC)c(OC)c(OC)c2)cc1NC(=O)Oc1cccc(Cl)c1C,BGQIJYRPLXKOGH-KTKRTIGZSA-N,1,train
CCCCCCCCCCCc1ccc(B(O)O)cc1,0.2,CCCCCCCCCCCc1ccc(B(O)O)cc1,CGMZNRHLKZJXFR-UHFFFAOYSA-N,1,train
C=C1OC(=O)C2=C1[C@H]1CC[C@@]34CC(=O)[C@@](C)(CC[C@H]3[C@]1(C)CC2)C4,18.0,C=C1OC(=O)C2=C1[C@H]1CC[C@@]34CC(=O)[C@@](C)(CC[C@H]3[C@]1(C)CC2)C4,UENQNZPLLZDAQA-SOCIYPEWSA-N,0,train
C[C@H]1[C@H](OC(=O)CCCC[P+](c2ccccc2)(c2ccccc2)c2ccccc2)O[C@@H]2O[C@@]3(C)CC[C@H]4[C@H](C)CC[C@@H]1[C@@]24OO3.[Br-],24.5,C[C@H]1[C@H](OC(=O)CCCC[P+](c2ccccc2)(c2ccccc2)c2ccccc2)O[C@@H]2O[C@@]3(C)CC[C@H]4[C@H](C)CC[C@@H]1[C@@]24OO3,DCWLJQQJEFEZKN-MHIUBYPWSA-N,0,train
Cc1ccc2cc(/C=C/C(=O)c3sccc3C)c(Cl)nc2c1,0.12411,Cc1ccc2cc(/C=C/C(=O)c3sccc3C)c(Cl)nc2c1,LNCDVFISZWHUGM-AATRIKPKSA-N,1,train
O=C1Nc2ccc(F)cc2/C1=C/c1ccc(-c2cn(-c3cccc(F)c3)nn2)cc1,17.25,O=C1Nc2ccc(F)cc2/C1=C/c1ccc(-c2cn(-c3cccc(F)c3)nn2)cc1,CBMHJADAQLFESM-JMIUGGIZSA-N,0,train
O=C1Nc2ccc(F)cc2/C1=C/c1ccc(-c2cn(-c3ccccc3Cl)nn2)cc1,18.24,O=C1Nc2ccc(F)cc2/C1=C/c1ccc(-c2cn(-c3ccccc3Cl)nn2)cc1,RGKBKDHJMWCYTJ-WQRHYEAKSA-N,0,train
CCOP(=O)(OCC)C1CC(Cn2c(=O)n(Cc3ccccc3)c(=O)c3ccccc32)ON1Cc1ccccc1,28.0,CCOP(=O)(OCC)C1CC(Cn2c(=O)n(Cc3ccccc3)c(=O)c3ccccc32)ON1Cc1ccccc1,GDYWTXUZEUGWSB-UHFFFAOYSA-N,0,train
COc1ccc(C(N)=O)cc1/C=C/c1ccc(C)cc1,1.6,COc1ccc(C(N)=O)cc1/C=C/c1ccc(C)cc1,JRTGYCSDCNNGHU-BQYQJAHWSA-N,1,train
C=CCc1cc(-c2ccc(F)cc2)ccc1O,100.0,C=CCc1cc(-c2ccc(F)cc2)ccc1O,LHEDCLWSEXBYKR-UHFFFAOYSA-N,0,train
COc1cc(-c2nccn2-c2ccc(Br)cc2)cc(OC)c1OC,100.0,COc1cc(-c2nccn2-c2ccc(Br)cc2)cc(OC)c1OC,NMSKLMPJSOLHBF-UHFFFAOYSA-N,0,train
COc1ccc2nc(-c3c(N)n[nH]c3C)sc2c1,24.5,COc1ccc2nc(-c3c(N)n[nH]c3C)sc2c1,VRTQVPLLTFUHCM-UHFFFAOYSA-N,0,train
N#CC1=C(N)Oc2c(N)cc3nc4ccccc4nc3c2C12C(=O)N(Cc1cnnn1-c1ccc(Cl)cc1Cl)c1ccccc12,50.0,N#CC1=C(N)Oc2c(N)cc3nc4ccccc4nc3c2C12C(=O)N(Cc1cnnn1-c1ccc(Cl)cc1Cl)c1ccccc12,YLKBNKVTXRAXIS-UHFFFAOYSA-N,0,train
O=C(/C=C/c1ccc(O)c(O)c1)OCCc1ccccc1,8.0,O=C(/C=C/c1ccc(O)c(O)c1)OCCc1ccccc1,SWUARLUWKZWEBQ-VQHVLOKHSA-N,1,train
CCCCCCCCCCCC(=O)OC[C@H](CO[C@@H]1O[C@H](CO)[C@@H](O)[C@H](O)[C@H]1O)OC(=O)CCCCCCCCCCC,96.1,CCCCCCCCCCCC(=O)OC[C@H](CO[C@@H]1O[C@H](CO)[C@@H](O)[C@H](O)[C@H]1O)OC(=O)CCCCCCCCCCC,BIOJTMVLNXQLNJ-XLGOUSFESA-N,0,train
COc1cc(/C=C2\COc3cc(OC)c(OC)c(OC)c3C2=O)ccc1OCc1ccccc1,52.0,COc1cc(/C=C2\COc3cc(OC)c(OC)c(OC)c3C2=O)ccc1OCc1ccccc1,QWVVOINFIQZZBI-XDHOZWIPSA-N,0,train
Cc1ccc2ccc3c(c2n1)OC(N)=C(C#N)C3c1ccccc1,10.0,Cc1ccc2ccc3c(c2n1)OC(N)=C(C#N)C3c1ccccc1,UCKRTNLJGZCCDX-UHFFFAOYSA-N,1,train
CCCC[C@H]1CC[C@H]2[C@@H]3CCc4cc(O)c(OC)cc4[C@H]3CC[C@]12C,12.64,CCCC[C@H]1CC[C@H]2[C@@H]3CCc4cc(O)c(OC)cc4[C@H]3CC[C@]12C,WNVNGNGYHALVBP-WFHKDSDPSA-N,0,train
C=CCc1cc(CO)c(O)c(-c2cc(CO)c(O)c(CC=C)c2)c1,100.0,C=CCc1cc(CO)c(O)c(-c2cc(CO)c(O)c(CC=C)c2)c1,WEXWHZSQIXHZSB-UHFFFAOYSA-N,0,train
O=C1NC(=O)/C(=C\c2ccc(OCC(=O)N3N=C(c4ccc(F)cc4)CC3c3ccccc3)cc2)S1,10.0,O=C1NC(=O)/C(=C\c2ccc(OCC(=O)N3N=C(c4ccc(F)cc4)CC3c3ccccc3)cc2)S1,XZGDQEORMIPPRP-ZVHZXABRSA-N,1,train
COc1c(O)cc(O)c2c(=O)cc(-c3ccccc3)oc12,105.0,COc1c(O)cc(O)c2c(=O)cc(-c3ccccc3)oc12,XLTFNNCXVBYBSX-UHFFFAOYSA-N,0,train
COc1ccc(-n2ccnc2-c2cc(OC)c(OC)c(OC)c2)cc1,50.0,COc1ccc(-n2ccnc2-c2cc(OC)c(OC)c(OC)c2)cc1,PIGRRCXHADUOIM-UHFFFAOYSA-N,0,train
COc1cc2nccc(Oc3ccc4c(NC(=O)c5ccccc5Cl)nn(C)c4c3)c2cc1OC,1.0,COc1cc2nccc(Oc3ccc4c(NC(=O)c5ccccc5Cl)nn(C)c4c3)c2cc1OC,GHCMVQJBDMHMAH-UHFFFAOYSA-N,1,train
COc1ccc2c(c1OC)C(=O)c1c3c(cc(OC)c1C2=O)[C@@]12O[C@@]1([C@@H](C)O)[C@H](C#C/C=C\C#C[C@H]2O)N3,0.5248999999999999,COc1ccc2c(c1OC)C(=O)c1c3c(cc(OC)c1C2=O)[C@@]12O[C@@]1([C@@H](C)O)[C@H](C#C/C=C\C#C[C@H]2O)N3,VXCLUFCLTKOSCE-ILYIHSOHSA-N,1,train
COc1cc2c(c3oc(=O)ccc13)[C@@H](OC(=O)C13CCC(C)(C(=O)O1)C3(C)C)[C@@H](OC(=O)C13CCC(C)(C(=O)O1)C3(C)C)C(C)(C)O2,350.0,COc1cc2c(c3oc(=O)ccc13)[C@@H](OC(=O)C13CCC(C)(C(=O)O1)C3(C)C)[C@@H](OC(=O)C13CCC(C)(C(=O)O1)C3(C)C)C(C)(C)O2,UZWUNBDTCMRVQF-QFSSIGTRSA-N,0,train
COc1ccc2nccc(CCN3CCC(NCc4ccc(Br)c(F)c4F)CC3)c2n1,29.02,COc1ccc2nccc(CCN3CCC(NCc4ccc(Br)c(F)c4F)CC3)c2n1,BEOSXWIEPVUVCZ-UHFFFAOYSA-N,0,train
CN(C)C(=O)c1ccc2c(c1)NC(=O)/C2=C(\Nc1ccc(CN2CCCCC2)cc1)c1ccccc1.Cl,0.542,CN(C)C(=O)c1ccc2c(c1)NC(=O)/C2=C(\Nc1ccc(CN2CCCCC2)cc1)c1ccccc1,DOKYZSGNRUCICD-DQSJHHFOSA-N,1,train
Cc1ccc(-c2nc3cc(F)ccc3[nH]2)cc1NC(=S)NC(=O)c1ccc2c(c1)OCO2,10.0,Cc1ccc(-c2nc3cc(F)ccc3[nH]2)cc1NC(=S)NC(=O)c1ccc2c(c1)OCO2,JXFGKSIDWYCNDV-UHFFFAOYSA-N,1,train
Nc1nc(-c2ccccc2)cn1/N=C/c1cc2ccccc2nc1Cl,46.67,Nc1nc(-c2ccccc2)cn1/N=C/c1cc2ccccc2nc1Cl,MOOOJLBPGKKJDV-SSDVNMTOSA-N,0,train
CCN(CC)CC(=O)Nc1ccc(Nc2nc3ccc(OC)cc3cc2-c2ccc(OC)cc2)cc1,45.6,CCN(CC)CC(=O)Nc1ccc(Nc2nc3ccc(OC)cc3cc2-c2ccc(OC)cc2)cc1,GYNCRWMYJRKRBR-UHFFFAOYSA-N,0,train
Cn1ncc2c(Oc3ccc4c(c3)nc(Nc3cccc(Cl)c3)n4C)ncnc21,79.09,Cn1ncc2c(Oc3ccc4c(c3)nc(Nc3cccc(Cl)c3)n4C)ncnc21,OFQHHAUCLJVHEA-UHFFFAOYSA-N,0,train
NC(=O)c1cccc2[nH]c(-c3ccc(C(=O)N4CCN(C(=O)c5ccco5)CC4)cc3)nc12,100.0,NC(=O)c1cccc2[nH]c(-c3ccc(C(=O)N4CCN(C(=O)c5ccco5)CC4)cc3)nc12,KWOPWRFTBIKYGA-UHFFFAOYSA-N,0,train
C/C(=C\c1csc(C)n1)[C@@H]1C[C@@H]2O[C@]2(C)CCC[C@H](C)[C@H](O)[C@@H](C)C(=O)C(C)(C)[C@@H](O)CC(=O)O1,0.00055,C/C(=C\c1csc(C)n1)[C@@H]1C[C@@H]2O[C@]2(C)CCC[C@H](C)[C@H](O)[C@@H](C)C(=O)C(C)(C)[C@@H](O)CC(=O)O1,QXRSDHAAWVKZLJ-PVYNADRNSA-N,1,train
C=CCCCCCCCCC(=O)OC[C@H](CO[C@@H]1O[C@H](COC(C)=O)[C@@H](OC(C)=O)[C@H](OC(C)=O)[C@H]1OC(C)=O)OC(=O)CCCCCCCCC=C,118.9,C=CCCCCCCCCC(=O)OC[C@H](CO[C@@H]1O[C@H](COC(C)=O)[C@@H](OC(C)=O)[C@H](OC(C)=O)[C@H]1OC(C)=O)OC(=O)CCCCCCCCC=C,MXMGGHLYRHJKQM-XURSFRIMSA-N,0,train
COc1ccc2c(c1)CC[C@@H]1[C@@H]2[C@H](OC(=O)c2ccc(NC(=O)CN(C)C)cc2)C[C@]2(C)[C@@H](OC)CC[C@@H]12,6.97,COc1ccc2c(c1)CC[C@@H]1[C@@H]2[C@H](OC(=O)c2ccc(NC(=O)CN(C)C)cc2)C[C@]2(C)[C@@H](OC)CC[C@@H]12,SFJVPRGOVNAMJC-DFKRMGCYSA-N,1,train
CCc1ccc(Oc2ccc3nc(NC(=O)C4CC4)cn3n2)cc1NC(=O)c1cc(C)nn1C,0.093,CCc1ccc(Oc2ccc3nc(NC(=O)C4CC4)cn3n2)cc1NC(=O)c1cc(C)nn1C,RAGKGYPCRVQZIW-UHFFFAOYSA-N,1,train
CCc1cc2c(Sc3ccccn3)ncnc2s1,100.0,CCc1cc2c(Sc3ccccn3)ncnc2s1,MTPZVCQHXWGZBV-UHFFFAOYSA-N,0,train
CCN(CC)CCCN1/C(=C/c2cc(/C=C/c3cc4ccccc4[nH]3)[n+](C)c3ccccc23)Sc2ccccc21.[I-],11.9,CCN(CC)CCCN1/C(=C/c2cc(/C=C/c3cc4ccccc4[nH]3)[n+](C)c3ccccc23)Sc2ccccc21,AESXLTQLYFOSCV-CKWSZQMZSA-O,0,train
CCOC(=O)CN(Cc1ccc(F)cc1)c1ccc2c(c1)N(C)CC(C)(COc1ccc(C(=N)N)cc1)O2,6.0,CCOC(=O)CN(Cc1ccc(F)cc1)c1ccc2c(c1)N(C)CC(C)(COc1ccc(C(=N)N)cc1)O2,WWYBLKJQTZEQJI-UHFFFAOYSA-N,1,train
CN1CCC(Cc2cccc(CNC3(c4ccc(F)c(Cl)c4)CCCC3)c2)CC1,21.93,CN1CCC(Cc2cccc(CNC3(c4ccc(F)c(Cl)c4)CCCC3)c2)CC1,IDSYXAVIGCJKMW-UHFFFAOYSA-N,0,train
Cc1[nH]c(/C=C2\C(=O)Nc3cc(-c4ccccc4)ccc32)c(C)c1CCC(=O)O,50.0,Cc1[nH]c(/C=C2\C(=O)Nc3cc(-c4ccccc4)ccc32)c(C)c1CCC(=O)O,APYYTEJNOZQZNA-MOSHPQCFSA-N,0,train
C[C@@]12CCC[C@H]1[C@@H]1CCc3cc(O)c(N)cc3[C@H]1CC2,60.05,C[C@@]12CCC[C@H]1[C@@H]1CCc3cc(O)c(N)cc3[C@H]1CC2,CETJFKFFUITIEB-HRJSJKBJSA-N,0,train
CC(=O)Oc1c2oc3cc(O)c(O)cc3c2c(OC(C)=O)c2oc3cc(O)c(O)cc3c12,10.2,CC(=O)Oc1c2oc3cc(O)c(O)cc3c2c(OC(C)=O)c2oc3cc(O)c(O)cc3c12,CCNILPFRYYKQOP-UHFFFAOYSA-N,0,train
N#CC1=C(N)Oc2c(c3nc4ccccc4nc3c3ccccc23)C12C(=O)N(Cc1cnnn1-c1ccc(F)cc1)c1ccccc12,50.0,N#CC1=C(N)Oc2c(c3nc4ccccc4nc3c3ccccc23)C12C(=O)N(Cc1cnnn1-c1ccc(F)cc1)c1ccccc12,KBTIZYXZEFFIPY-UHFFFAOYSA-N,0,train
O=C(Nc1cccc(OC(F)(F)F)c1)c1sccc1SCc1ccncc1,0.4,O=C(Nc1cccc(OC(F)(F)F)c1)c1sccc1SCc1ccncc1,BIWYREYBGHKXQT-UHFFFAOYSA-N,1,train
CC(=O)Nc1cccc(N(C)c2ccc3c(/C=C/c4ccccc4)n[nH]c3c2)c1,0.006,CC(=O)Nc1cccc(N(C)c2ccc3c(/C=C/c4ccccc4)n[nH]c3c2)c1,FNVQWCIBCILNCW-SDNWHVSQSA-N,1,train
CN(C)C1CC=C(/C=C2/CC[C@@]3(C)[C@@H](CC[C@@H]3c3ccc4ccncc4c3)C2)CC1,2.0,CN(C)C1CC=C(/C=C2/CC[C@@]3(C)[C@@H](CC[C@@H]3c3ccc4ccncc4c3)C2)CC1,LSEOCERNOHMMFT-BABFJUEMSA-N,1,train
C=C(C)C(=O)Nc1ccc(Cn2cnc3c(Cl)ncnc32)cc1,80.92,C=C(C)C(=O)Nc1ccc(Cn2cnc3c(Cl)ncnc32)cc1,PVEPJQQWAOPNNQ-UHFFFAOYSA-N,0,train
NC(=O)c1cccc2[nH]c(-c3ccc(C(=O)NC4CCN(c5ccc(Cl)o5)C4)c(F)c3)nc12,100.0,NC(=O)c1cccc2[nH]c(-c3ccc(C(=O)NC4CCN(c5ccc(Cl)o5)C4)c(F)c3)nc12,ABKMHCCATBMDTC-UHFFFAOYSA-N,0,train
COc1cc(/C=C2\CCCn3c2nc2ccc(C)cc2c3=O)cc(OC)c1O,20.0,COc1cc(/C=C2\CCCn3c2nc2ccc(C)cc2c3=O)cc(OC)c1O,ZWOKLYFEPKAKNU-XNTDXEJSSA-N,0,train
Cc1nc2c([nH]1)C(=O)/C(=N/c1ccc(Cl)cc1)C(Cl)=C2O,0.8,Cc1nc2c([nH]1)C(=O)/C(=N/c1ccc(Cl)cc1)C(Cl)=C2O,CNCOZKDNAHMDNO-VXLYETTFSA-N,1,train
O=C(CN1CCOCC1)Nc1ccc(Nc2nc(-c3ccc(O)cc3)cc(-c3ccc(O)cc3)n2)cc1,47.0,O=C(CN1CCOCC1)Nc1ccc(Nc2nc(-c3ccc(O)cc3)cc(-c3ccc(O)cc3)n2)cc1,HFFZCXILOGYRRD-UHFFFAOYSA-N,0,train
CCOC(=O)C1ON(c2ccccc2)C(c2ccc(N(C)C)cc2)C12C(=O)Nc1ccc(F)cc12,26.0,CCOC(=O)C1ON(c2ccccc2)C(c2ccc(N(C)C)cc2)C12C(=O)Nc1ccc(F)cc12,KKDKTQNNXMYEBC-UHFFFAOYSA-N,0,train
COc1ccccc1NC(C)=C1C(=O)CC(c2c(C)cccc2C)CC1=O,35.0,COc1ccccc1NC(C)=C1C(=O)CC(c2c(C)cccc2C)CC1=O,ZIKFEPUAWCKMKH-UHFFFAOYSA-N,0,train
CCOC(=O)C1ON(c2ccccc2)C(c2cccc(OC)c2OC)C12C(=O)Nc1ccc(F)cc12,32.0,CCOC(=O)C1ON(c2ccccc2)C(c2cccc(OC)c2OC)C12C(=O)Nc1ccc(F)cc12,ZCJTXBAFYCPGNB-UHFFFAOYSA-N,0,train
C=CC(=O)Nc1ccc(CCC(=O)Nc2ccc(-c3cc(C)nc4noc(N)c34)cc2)cc1,10.0,C=CC(=O)Nc1ccc(CCC(=O)Nc2ccc(-c3cc(C)nc4noc(N)c34)cc2)cc1,QVMCHZBLJYGTMF-UHFFFAOYSA-N,1,train
COc1ccc2c(c1)C(=O)c1c-2n(-c2ccc(OCCN3CCOCC3)cc2)c(=O)c2cc(OC)ccc12,100.0,COc1ccc2c(c1)C(=O)c1c-2n(-c2ccc(OCCN3CCOCC3)cc2)c(=O)c2cc(OC)ccc12,VNRSMMLCTRLZMF-UHFFFAOYSA-N,0,train
Cc1c(COc2cccc(OCC3CCOCC3)n2)[nH]c2ccccc2c1=O,0.059,Cc1c(COc2cccc(OCC3CCOCC3)n2)[nH]c2ccccc2c1=O,AQNDRGXFXZWVNR-UHFFFAOYSA-N,1,train
C=C1C(=O)[C@@]23[C@@H]4OC(C)(C)O[C@]25OC[C@]2(C(=O)C=CC(C)(C)[C@H]2[C@@H]5O)[C@@H]3CC[C@@H]14,5.11,C=C1C(=O)[C@@]23[C@@H]4OC(C)(C)O[C@]25OC[C@]2(C(=O)C=CC(C)(C)[C@H]2[C@@H]5O)[C@@H]3CC[C@@H]14,ADCRBUYXNGFROZ-XVJLLRTASA-N,1,train
Oc1ccccc1-c1c2nc(c(-c3c(F)c(F)c(F)c(F)c3F)c3ccc([nH]3)c3ccc([nH]3)c(-c3c(F)c(F)c(F)c(F)c3F)c3ccc1[nH]3)C=C2,4.75,Oc1ccccc1-c1c2nc(c(-c3c(F)c(F)c(F)c(F)c3F)c3ccc([nH]3)c3ccc([nH]3)c(-c3c(F)c(F)c(F)c(F)c3F)c3ccc1[nH]3)C=C2,LDNYPWWKQQLAAL-UHFFFAOYSA-N,1,train
COc1ccc2c(c[n+](C)c3c4cc5c(cc4ccc23)OCO5)c1OC,4.93,COc1ccc2c(c[n+](C)c3c4cc5c(cc4ccc23)OCO5)c1OC,LLEJIEBFSOEYIV-UHFFFAOYSA-N,1,train
CCN1CCN(CCCc2ccc(C(c3ccccc3)C34CC5CC(CC(C5)C3)C4)cc2)CC1,0.00407,CCN1CCN(CCCc2ccc(C(c3ccccc3)C34CC5CC(CC(C5)C3)C4)cc2)CC1,DNCJMZKAYXIGJR-UHFFFAOYSA-N,1,train
CCCCN(CCCC)c1c([N+](=O)[O-])cc(C(=O)Nc2ccc([N+](=O)[O-])cc2)cc1[N+](=O)[O-],19.73,CCCCN(CCCC)c1c([N+](=O)[O-])cc(C(=O)Nc2ccc([N+](=O)[O-])cc2)cc1[N+](=O)[O-],NEZNNLFPZCWULG-UHFFFAOYSA-N,0,train
O=C(NCCOC(=S)Nc1ccc(F)cc1)c1cccnc1,691.8,O=C(NCCOC(=S)Nc1ccc(F)cc1)c1cccnc1,VCISNCNWTXNKDO-UHFFFAOYSA-N,0,train
Cn1c(CNc2ccnc3cc(Cl)ccc23)nc(-c2ccccc2)c1CN1CCCC1,28.636,Cn1c(CNc2ccnc3cc(Cl)ccc23)nc(-c2ccccc2)c1CN1CCCC1,AAWUYTWRCPGEKD-UHFFFAOYSA-N,0,train
C=C(C(C)=O)[C@@H]1C[C@H]2[C@@](C)(CC[C@@]3(O)C(C)(C)CCC[C@]23C)O1,3.0,C=C(C(C)=O)[C@@H]1C[C@H]2[C@@](C)(CC[C@@]3(O)C(C)(C)CCC[C@]23C)O1,SSQJEBQOKARYAQ-APQLOABGSA-N,1,train
CCOP(=O)(OCC)C(NC(=O)[C@]12CC[C@@H](C)[C@H](C)[C@H]1C1=CC[C@@H]3[C@@]4(C)C[C@@H](OC(C)=O)[C@H](OC(C)=O)[C@@](C)(COC(C)=O)[C@@H]4CC[C@@]3(C)[C@]1(C)CC2)c1cccc2ccccc12,100.0,CCOP(=O)(OCC)C(NC(=O)[C@]12CC[C@@H](C)[C@H](C)[C@H]1C1=CC[C@@H]3[C@@]4(C)C[C@@H](OC(C)=O)[C@H](OC(C)=O)[C@@](C)(COC(C)=O)[C@@H]4CC[C@@]3(C)[C@]1(C)CC2)c1cccc2ccccc12,UPTSYVIUHHUUFB-BOMATCISSA-N,0,train
CC12C(=O)C(C)(C(c3ccccc3)=C1c1ccccc1)C1C(=O)N(CCCCN3CCN(c4ncccn4)CC3)C(=O)C12,30.54,CC12C(=O)C(C)(C(c3ccccc3)=C1c1ccccc1)C1C(=O)N(CCCCN3CCN(c4ncccn4)CC3)C(=O)C12,WKPOTXYGXPWOOG-UHFFFAOYSA-N,0,train
COc1cc(-c2oc3cc(O)cc(O)c3c(=O)c2O)ccc1O,2.8,COc1cc(-c2oc3cc(O)cc(O)c3c(=O)c2O)ccc1O,IZQSVPBOUDKVDZ-UHFFFAOYSA-N,1,train
CCN1CCN(c2ccc(Nc3nc(NCCCCN)nc4c3ncn4C3CCCC3)cc2)CC1,11.421,CCN1CCN(c2ccc(Nc3nc(NCCCCN)nc4c3ncn4C3CCCC3)cc2)CC1,LLSCMBBLLMNYFT-UHFFFAOYSA-N,0,train
Oc1cc(-c2cccs2)nc2c1ccc1[nH]ccc12,10.0,Oc1cc(-c2cccs2)nc2c1ccc1[nH]ccc12,NCKPTURUWYUPQS-UHFFFAOYSA-N,1,train
Cc1ccc(NC(=O)c2cccnc2SCc2ccncc2)cc1,0.14,Cc1ccc(NC(=O)c2cccnc2SCc2ccncc2)cc1,GUFURZPDMNWEBT-UHFFFAOYSA-N,1,train
O=C(/C=C/c1ccc(OC[C@H](Cc2c[nH]c3ccccc23)NC(=O)c2ccc(Cl)cc2)cc1)NO,61.48,O=C(/C=C/c1ccc(OC[C@H](Cc2c[nH]c3ccccc23)NC(=O)c2ccc(Cl)cc2)cc1)NO,WPUMMIJDKOEGAE-MNTLFOFUSA-N,0,train
C[C@]12CC[C@H](O)C[C@H]1CC[C@@H]1[C@@H]2CC[C@]2(C)[C@@H](c3ccc(=O)oc3)CC[C@]12O,0.012,C[C@]12CC[C@H](O)C[C@H]1CC[C@@H]1[C@@H]2CC[C@]2(C)[C@@H](c3ccc(=O)oc3)CC[C@]12O,QEEBRPGZBVVINN-BMPKRDENSA-N,1,train
C[C@H]1[C@H](OC(=O)CCC[P+](c2ccccc2)(c2ccccc2)c2ccccc2)O[C@@H]2O[C@@]3(C)CC[C@H]4[C@H](C)CC[C@@H]1[C@@]24OO3.[Br-],116.2,C[C@H]1[C@H](OC(=O)CCC[P+](c2ccccc2)(c2ccccc2)c2ccccc2)O[C@@H]2O[C@@]3(C)CC[C@H]4[C@H](C)CC[C@@H]1[C@@]24OO3,ZMAZFZSNHLNVEY-ZSWFRSSMSA-N,0,train
CCCCCCCC/C=C\N(NC(=O)COC)C(=O)OC(C)(C)C,85.5,CCCCCCCC/C=C\N(NC(=O)COC)C(=O)OC(C)(C)C,PVECIIGMPHSGNZ-YPKPFQOOSA-N,0,train
C=CC(/C=C\c1ccc(O)cc1)c1ccc(OC)c(O)c1,58.1,C=CC(/C=C\c1ccc(O)cc1)c1ccc(OC)c(O)c1,QGQNWQZNFRNVLW-DAXSKMNVSA-N,0,train
O=C(CCCNc1nc2ccccc2nc1-c1nc2ccccc2o1)NO,23.96,O=C(CCCNc1nc2ccccc2nc1-c1nc2ccccc2o1)NO,WSWHWICXPSMQTC-UHFFFAOYSA-N,0,train
Fc1ccc(/C=N/Nc2nc(-c3cccc(Br)c3)cs2)cc1F,100.0,Fc1ccc(/C=N/Nc2nc(-c3cccc(Br)c3)cs2)cc1F,XLNLIDYPMSLHDI-DNTJNYDQSA-N,0,train
COc1cc([C@@H]2c3cc4c(cc3[C@@H](O[C@@H]3O[C@@H]5CO[C@@H](c6cccs6)O[C@H]5[C@H](OC(=O)CSc5nc6cc(F)ccc6o5)[C@H]3NC(=O)CSc3nc5cc(F)ccc5o3)[C@H]3COC(=O)[C@H]23)OCO4)cc(OC)c1O,125.1,COc1cc([C@@H]2c3cc4c(cc3[C@@H](O[C@@H]3O[C@@H]5CO[C@@H](c6cccs6)O[C@H]5[C@H](OC(=O)CSc5nc6cc(F)ccc6o5)[C@H]3NC(=O)CSc3nc5cc(F)ccc5o3)[C@H]3COC(=O)[C@H]23)OCO4)cc(OC)c1O,PKFAFROEQPZPNL-OMSIKKGMSA-N,0,train
Cc1c(CC(N)=O)[nH]c2ccc(Cl)cc12,100.0,Cc1c(CC(N)=O)[nH]c2ccc(Cl)cc12,JKMOGVGEQJMZOF-UHFFFAOYSA-N,0,train
CCOC(=O)C1ON(c2ccccc2)C(c2ccc(Cl)cc2)C12C(=O)Nc1ccc(F)cc12,54.0,CCOC(=O)C1ON(c2ccccc2)C(c2ccc(Cl)cc2)C12C(=O)Nc1ccc(F)cc12,AVQLIODEFZSOTG-UHFFFAOYSA-N,0,train
NC1=NC(c2ccccc2)Cc2cccc(Cl)c21,6.0,NC1=NC(c2ccccc2)Cc2cccc(Cl)c21,QPAHGGACAIYANQ-UHFFFAOYSA-N,1,train
Cc1ccc(Nc2nc3cc(Oc4ncnc5c4cnn5C(C)C)ccc3n2C)cc1,29.58,Cc1ccc(Nc2nc3cc(Oc4ncnc5c4cnn5C(C)C)ccc3n2C)cc1,FUWFHDITZJUANQ-UHFFFAOYSA-N,0,train
Cc1c(CCC(=O)N2CCOCC2)c(=O)oc2cc(OCCOc3no[n+]([O-])c3S(=O)(=O)c3ccccc3)ccc12,5.3,Cc1c(CCC(=O)N2CCOCC2)c(=O)oc2cc(OCCOc3no[n+]([O-])c3S(=O)(=O)c3ccccc3)ccc12,TVPZKSVCNIMXAO-UHFFFAOYSA-N,1,train
CNc1cc2c(cc1O)CC[C@@H]1[C@@H]2CC[C@]2(C)CCC[C@@H]12,4.11,CNc1cc2c(cc1O)CC[C@@H]1[C@@H]2CC[C@]2(C)CCC[C@@H]12,CSUBNOHVQCLNET-MVWRLGRASA-N,1,train
NC(=O)CCC(C(=O)O)N1C(=O)c2cc3ccccc3cc2C1=O,50.0,NC(=O)CCC(C(=O)O)N1C(=O)c2cc3ccccc3cc2C1=O,IDNMUEQRHUZNJC-UHFFFAOYSA-N,0,train
Cc1ccnc(C(=O)c2[nH]c3ccc(F)cc3c2CC(=O)O)c1,0.0056799999999999,Cc1ccnc(C(=O)c2[nH]c3ccc(F)cc3c2CC(=O)O)c1,DNIKRHXQZCTYOD-UHFFFAOYSA-N,1,train
CCOC(=O)CNC(=O)C(=O)C(COCc1ccccc1)NC(=O)[C@H](CC1CCCCC1)NC(=O)c1ccc(Cl)c(N)c1,50.0,CCOC(=O)CNC(=O)C(=O)C(COCc1ccccc1)NC(=O)[C@H](CC1CCCCC1)NC(=O)c1ccc(Cl)c(N)c1,CATDOEVLBBCRRU-PMCHYTPCSA-N,0,train
CCC(C)n1ncn(-c2ccc(N3CCN(c4ccc(OCC5COC(C)(C)O5)cc4)CC3)cc2)c1=O,100.0,CCC(C)n1ncn(-c2ccc(N3CCN(c4ccc(OCC5COC(C)(C)O5)cc4)CC3)cc2)c1=O,PPAWWZRRZILRLB-UHFFFAOYSA-N,0,train
Cc1ccc(N(C)c2nc(C)nc3c2nc(C)n3C)cc1,100.0,Cc1ccc(N(C)c2nc(C)nc3c2nc(C)n3C)cc1,WRMYDVPGVUIVIT-UHFFFAOYSA-N,0,train
COc1ccc(CN(C)Cc2ccc3c(c2)OCO3)cc1OC.Cl,200.0,COc1ccc(CN(C)Cc2ccc3c(c2)OCO3)cc1OC,VUXNCNOZKKMQNL-UHFFFAOYSA-N,0,train
O=C(Nc1cccc2cccnc12)c1ccccc1Cl,0.1227,O=C(Nc1cccc2cccnc12)c1ccccc1Cl,JCSMGKUUEBFEAK-UHFFFAOYSA-N,1,train
CC(C)(C)c1ccc(Oc2cncc3sc(C(N)=O)cc23)cc1,87.0,CC(C)(C)c1ccc(Oc2cncc3sc(C(N)=O)cc23)cc1,SNFLPWUCINBUSV-UHFFFAOYSA-N,0,train
CCOC(=O)C(=O)O[C@@H]1CC[C@@]2(C)[C@@H](CC[C@]3(C)[C@@H]2C(=O)C=C2[C@@H]4[C@@H](C)[C@H](C)CC[C@]4(C)CC[C@]23C)[C@@]1(C)C(=O)O,100.0,CCOC(=O)C(=O)O[C@@H]1CC[C@@]2(C)[C@@H](CC[C@]3(C)[C@@H]2C(=O)C=C2[C@@H]4[C@@H](C)[C@H](C)CC[C@]4(C)CC[C@]23C)[C@@]1(C)C(=O)O,ILRANVUWMVSBPD-FTDMUDQESA-N,0,train
N=C(N)SCc1c2ccccc2cc2ccccc12,9.6,N=C(N)SCc1c2ccccc2cc2ccccc12,BBHFIJRSMVDHFS-UHFFFAOYSA-N,1,train
CC[C@H](C)[C@H](N)C(=O)N[C@@H](CCCCN)C(=O)N[C@H](C(=O)N1CCC[C@H]1C(=O)N[C@@H](CO)C(=O)N[C@@H](Cc1ccccc1)C(=O)N[C@@H](Cc1ccccc1)C(=O)N[C@@H](CCCNC(=N)N)C(=O)N[C@@H](CC(N)=O)C(=O)N[C@H](C(=O)N[C@@H](CC(C)C)C(=O)N[C@@H](CCCCN)C(=O)N[C@@H](CCCCN)C(=O)N[C@H](C(=O)NCC(=O)N[C@@H](CCCCN)C(=O)N[C@@H](CCC(=O)O)C(=O)N[C@@H](C)C(=O)N[C@H](C(=O)N[C@@H](CO)C(=O)N[C@@H](CC(C)C)C(=O)N[C@H](C(=O)N[C@@H](C)C(=O)NCC(=O)N[C@@H](C)C(=O)N[C@@H](CC(C)C)C(=O)N[C@@H](CCCCN)C(=O)N[C@@H](CCC(N)=O)C(=O)N[C@@H](CO)C(=O)O)[C@@H](C)CC)C(C)C)C(C)C)[C@@H](C)CC)[C@@H](C)CC,5.6,CC[C@H](C)[C@H](N)C(=O)N[C@@H](CCCCN)C(=O)N[C@H](C(=O)N1CCC[C@H]1C(=O)N[C@@H](CO)C(=O)N[C@@H](Cc1ccccc1)C(=O)N[C@@H](Cc1ccccc1)C(=O)N[C@@H](CCCNC(=N)N)C(=O)N[C@@H](CC(N)=O)C(=O)N[C@H](C(=O)N[C@@H](CC(C)C)C(=O)N[C@@H](CCCCN)C(=O)N[C@@H](CCCCN)C(=O)N[C@H](C(=O)NCC(=O)N[C@@H](CCCCN)C(=O)N[C@@H](CCC(=O)O)C(=O)N[C@@H](C)C(=O)N[C@H](C(=O)N[C@@H](CO)C(=O)N[C@@H](CC(C)C)C(=O)N[C@H](C(=O)N[C@@H](C)C(=O)NCC(=O)N[C@@H](C)C(=O)N[C@@H](CC(C)C)C(=O)N[C@@H](CCCCN)C(=O)N[C@@H](CCC(N)=O)C(=O)N[C@@H](CO)C(=O)O)[C@@H](C)CC)C(C)C)C(C)C)[C@@H](C)CC)[C@@H](C)CC,XPHONCHZKJGTQM-VPNQLDRBSA-N,1,train
C[C@@H]1CC[C@H]2[C@@H](C)C(OCCn3nnc4c3CCc3ccc([N+](=O)[O-])cc3-4)O[C@@H]3O[C@@]4(C)CC[C@@H]1[C@]32OO4,160.0,C[C@@H]1CC[C@H]2[C@@H](C)C(OCCn3nnc4c3CCc3ccc([N+](=O)[O-])cc3-4)O[C@@H]3O[C@@]4(C)CC[C@@H]1[C@]32OO4,JRKQGQRKXZYBRF-NVFRMISXSA-N,0,train
COc1ccc2c(c1)SCc1cnc(Nc3cccc(Br)c3)nc1-2,1.89,COc1ccc2c(c1)SCc1cnc(Nc3cccc(Br)c3)nc1-2,YYXIOKNRDUZUCX-UHFFFAOYSA-N,1,train
O=C(Nc1ccc2oc(-c3ccccc3)nc2c1)c1ccc(Cl)c(Br)c1,16.85,O=C(Nc1ccc2oc(-c3ccccc3)nc2c1)c1ccc(Cl)c(Br)c1,WQWBXEAYJFPLMW-UHFFFAOYSA-N,0,train
COc1cc([C@@H]2c3cc4c(cc3[C@@H](O[C@@H]3O[C@@H]5CO[C@@H](c6cccs6)O[C@H]5[C@H](O)[C@H]3NC(=O)CSc3nc5cc(F)ccc5o3)[C@H]3COC(=O)[C@H]23)OCO4)cc(OC)c1O,156.3,COc1cc([C@@H]2c3cc4c(cc3[C@@H](O[C@@H]3O[C@@H]5CO[C@@H](c6cccs6)O[C@H]5[C@H](O)[C@H]3NC(=O)CSc3nc5cc(F)ccc5o3)[C@H]3COC(=O)[C@H]23)OCO4)cc(OC)c1O,IDHLSWNTFCQFNC-VPAJGBAZSA-N,0,train
Cc1ccc(S(=O)(=O)/C=C/C#N)cc1,3.0,Cc1ccc(S(=O)(=O)/C=C/C#N)cc1,DOEWDSDBFRHVAP-KRXBUXKQSA-N,1,train
COc1ccc2c(CC(=O)O)c(C(=O)c3cc(C)ccn3)[nH]c2c1,0.128,COc1ccc2c(CC(=O)O)c(C(=O)c3cc(C)ccn3)[nH]c2c1,BVLDTQOJHAZUMB-UHFFFAOYSA-N,1,train
Cn1nc(C(F)(F)F)cc1-c1ccc(OCc2ccc(Cl)cc2)c(-c2ccc(Cl)c(C(F)(F)F)c2)c1O,100.0,Cn1nc(C(F)(F)F)cc1-c1ccc(OCc2ccc(Cl)cc2)c(-c2ccc(Cl)c(C(F)(F)F)c2)c1O,VSDFDVBYONIJLD-UHFFFAOYSA-N,0,train
C=CCc1cc(-c2ccc(C(F)(F)F)cc2)ccc1O,74.0,C=CCc1cc(-c2ccc(C(F)(F)F)cc2)ccc1O,IBBKMHRKVBYOTK-UHFFFAOYSA-N,0,train
CCOC(=O)C(=O)N(Cc1ccccc1)c1ccc2c(c1)OCC(COc1ccc(C(=N)N)cc1)O2,22.0,CCOC(=O)C(=O)N(Cc1ccccc1)c1ccc2c(c1)OCC(COc1ccc(C(=N)N)cc1)O2,TVKPLGVIMIGLSZ-UHFFFAOYSA-N,0,train
CC(C)CNC(=O)c1c(-c2ccc(COC(=O)Cc3ccc(O)cc3)cc2)oc2ccccc12,100.0,CC(C)CNC(=O)c1c(-c2ccc(COC(=O)Cc3ccc(O)cc3)cc2)oc2ccccc12,IWGFZPLRNHZRPZ-UHFFFAOYSA-N,0,train
c1ccc2[nH]cnc2c1,100.0,c1ccc2[nH]cnc2c1,HYZJCKYKOHLVJF-UHFFFAOYSA-N,0,train
COc1cc2c(cc1O)CC[C@@H]1[C@@H]2CC[C@]2(C)[C@@H](O)CC[C@@H]12,0.523,COc1cc2c(cc1O)CC[C@@H]1[C@@H]2CC[C@]2(C)[C@@H](O)CC[C@@H]12,CQOQDQWUFQDJMK-SSTWWWIQSA-N,1,train
O=C1c2ccccc2C(=O)c2c1ccc(O)c2O,50.0,O=C1c2ccccc2C(=O)c2c1ccc(O)c2O,RGCKGOZRHPZPFP-UHFFFAOYSA-N,0,train
CCC(C)n1ncn(-c2ccc(N3CCN(c4ccc(OC[C@@H]5CO[C@@](CC)(c6ccc(Cl)cc6Cl)O5)cc4)CC3)cc2)c1=O,0.353,CCC(C)n1ncn(-c2ccc(N3CCN(c4ccc(OC[C@@H]5CO[C@@](CC)(c6ccc(Cl)cc6Cl)O5)cc4)CC3)cc2)c1=O,APEIZIHIOZDTGG-ZOTGSTGKSA-N,1,train
O=C(Nc1cccc(C(=O)c2ccc3c(/C=N/n4cnnc4)n[nH]c3c2)c1)c1ccccc1,0.095,O=C(Nc1cccc(C(=O)c2ccc3c(/C=N/n4cnnc4)n[nH]c3c2)c1)c1ccccc1,LNKUEHLZMZMIPE-UVHMKAGCSA-N,1,train
COc1ccc2c(c1)Cc1sc(N)nc1-2,10.0,COc1ccc2c(c1)Cc1sc(N)nc1-2,DERLVNUHEYDIQN-UHFFFAOYSA-N,1,train
CN(C)[C@H]1C[C@@]23CC[C@@]4(O2)C(=CC[C@@]2(C)[C@H]4CC(=O)[C@]2(O)c2cccc4ccncc24)C=C3[C@@H](O)[C@@H]1O,0.15,CN(C)[C@H]1C[C@@]23CC[C@@]4(O2)C(=CC[C@@]2(C)[C@H]4CC(=O)[C@]2(O)c2cccc4ccncc24)C=C3[C@@H](O)[C@@H]1O,YXRVWYSVKABFEC-OMXDIREYSA-N,1,train
CCCC(Nc1ccccc1OC)=C1C(=O)CC(c2ccccc2)CC1=O,31.0,CCCC(Nc1ccccc1OC)=C1C(=O)CC(c2ccccc2)CC1=O,MXAHYPSCBIICMV-UHFFFAOYSA-N,0,train
NC(=O)C1(c2ccccc2CCc2nc(Nc3cccnc3)ncc2Cl)CC1,6.608,NC(=O)C1(c2ccccc2CCc2nc(Nc3cccnc3)ncc2Cl)CC1,IALBGKOBFXRYIF-UHFFFAOYSA-N,1,train
COc1ccc(C(=O)NCC(O)CO)cc1/C=C/c1ccc(Cl)cc1,0.4,COc1ccc(C(=O)NCC(O)CO)cc1/C=C/c1ccc(Cl)cc1,FRFTWFWYLIBTEB-GORDUTHDSA-N,1,train
COc1cc2c(cc1NC#N)CC[C@@H]1[C@@H]2CC[C@]2(C)[C@@H](O)CC[C@@H]12,0.47,COc1cc2c(cc1NC#N)CC[C@@H]1[C@@H]2CC[C@]2(C)[C@@H](O)CC[C@@H]12,CIEFRUPOKQYNSY-BKRJIHRRSA-N,1,train
CNC(=N)NCCC[C@H](N)C(=O)O,0.3,CNC(=N)NCCC[C@H](N)C(=O)O,NTNWOCRCBQPEKQ-YFKPBYRVSA-N,1,train
CCNCC(O)COc1ccc(C2=Cc3ccc(OCC(O)CNCC)cc3OC2)cc1,2.7,CCNCC(O)COc1ccc(C2=Cc3ccc(OCC(O)CNCC)cc3OC2)cc1,NJIRUTUUGUANOB-UHFFFAOYSA-N,1,train
CCC(C)n1ncn(-c2ccc(N3CCN(c4ccc(OC[C@@H]5CO[C@@](Cn6ccnc6)(c6ccc(Cl)cc6Cl)O5)cn4)CC3)cc2)c1=O,0.0691,CCC(C)n1ncn(-c2ccc(N3CCN(c4ccc(OC[C@@H]5CO[C@@](Cn6ccnc6)(c6ccc(Cl)cc6Cl)O5)cn4)CC3)cc2)c1=O,VPIRPNJVEPEQEX-YQKYMNGFSA-N,1,train
COc1ccc2c(c1)[C@]1(C[C@H]1c1ccc3c(/C=C/c4ccc(CN5CCOCC5)cc4)n[nH]c3c1)C(=O)N2,50.0,COc1ccc2c(c1)[C@]1(C[C@H]1c1ccc3c(/C=C/c4ccc(CN5CCOCC5)cc4)n[nH]c3c1)C(=O)N2,RMGQWXVHWUUVLJ-DSUKGUNVSA-N,0,train
Cc1ccc2nc(Cl)c(/C=C/C(=O)c3ccc(Cl)s3)cc2c1,0.05941,Cc1ccc2nc(Cl)c(/C=C/C(=O)c3ccc(Cl)s3)cc2c1,QXRRIINDLDJRFK-HWKANZROSA-N,1,train
COc1ccc(NS(=O)(=O)c2ccc3c(c2)c2ccc(O)cc2n3C)c(OC)n1,0.00642,COc1ccc(NS(=O)(=O)c2ccc3c(c2)c2ccc(O)cc2n3C)c(OC)n1,JHMJOKFFTGCOOT-UHFFFAOYSA-N,1,train
CCOC(=O)C1ON(c2ccccc2)C(c2ccc(C(F)(F)F)cc2)C12C(=O)Nc1ccc(F)cc12,57.0,CCOC(=O)C1ON(c2ccccc2)C(c2ccc(C(F)(F)F)cc2)C12C(=O)Nc1ccc(F)cc12,YXCIXTVNKKDVSQ-UHFFFAOYSA-N,0,train
CCOc1ccc(-n2nncc2CN2C(=O)C3(C(C#N)=C(N)Oc4c3c3nc5ccccc5nc3c3ccccc43)c3ccccc32)cc1,50.0,CCOc1ccc(-n2nncc2CN2C(=O)C3(C(C#N)=C(N)Oc4c3c3nc5ccccc5nc3c3ccccc43)c3ccccc32)cc1,JHYWFLZXXOMMFD-UHFFFAOYSA-N,0,train
COc1ccc(/C=C/C(=O)c2cc(C/C=C(/C)CCC=C(C)C)c(OC)c(CC=C(C)C)c2OC)cc1,37.72,COc1ccc(/C=C/C(=O)c2cc(C/C=C(/C)CCC=C(C)C)c(OC)c(CC=C(C)C)c2OC)cc1,PXVPGRZIEUKURI-HBDPLGSCSA-N,0,train
FC(F)(F)c1ccc2c(-c3nc4cc(N5CCC(N6CCCCC6)CC5)ccc4[nH]3)[nH]nc2c1,0.004,FC(F)(F)c1ccc2c(-c3nc4cc(N5CCC(N6CCCCC6)CC5)ccc4[nH]3)[nH]nc2c1,MZEOWSVWCPCLAR-UHFFFAOYSA-N,1,train
Brc1cccc(/C=C/c2nnc(-c3ccc4c(c3)OCCO4)o2)c1,13.53,Brc1cccc(/C=C/c2nnc(-c3ccc4c(c3)OCCO4)o2)c1,FXYKNQQGXRTHKG-QPJJXVBHSA-N,0,train
CCN(CC)CCCC(C)Nc1ccnc2cc(Cl)ccc12,20.0,CCN(CC)CCCC(C)Nc1ccnc2cc(Cl)ccc12,WHTVZRBIWZFKQO-UHFFFAOYSA-N,0,train
CCc1ccc2nc(N(CCCCN3CCCC3)c3ccc(OC)c(OC)c3)sc2c1,20.43,CCc1ccc2nc(N(CCCCN3CCCC3)c3ccc(OC)c(OC)c3)sc2c1,CKUQHDLMCCNFGL-UHFFFAOYSA-N,0,train
CN[C@H]1CC[C@@H](c2ccc(Cl)c(Cl)c2)c2ccccc21,19.18,CN[C@H]1CC[C@@H](c2ccc(Cl)c(Cl)c2)c2ccccc21,VGKDLMBJGBXTGI-SJCJKPOMSA-N,0,train
CC(C)(Oc1ccc(Cl)cc1)C(=O)NCCOC(=S)Nc1ccc([N+](=O)[O-])cc1Cl,728.6,CC(C)(Oc1ccc(Cl)cc1)C(=O)NCCOC(=S)Nc1ccc([N+](=O)[O-])cc1Cl,PBMZNADJZQSRRV-UHFFFAOYSA-N,0,train
CNc1nccc(Oc2ccc3[nH]c(Nc4ccc(Cl)c(CN5CCN(C)CC5)c4)nc3c2)n1,1.028,CNc1nccc(Oc2ccc3[nH]c(Nc4ccc(Cl)c(CN5CCN(C)CC5)c4)nc3c2)n1,WNVCGTBXTUKEAE-UHFFFAOYSA-N,1,train
C=CCc1cc(CO)c(O)c(-c2ccc(O)c(CC=C)c2)c1,100.0,C=CCc1cc(CO)c(O)c(-c2ccc(O)c(CC=C)c2)c1,WTEBYALVNCYCQE-UHFFFAOYSA-N,0,train
CC(C)(C)NC(=O)C(C[Se]c1ccccc1)OC(=O)c1ccc(-c2c3nc(c(-c4ccccc4)c4ccc([nH]4)c(-c4ccccc4)c4nc(c(-c5ccccc5)c5ccc2[nH]5)C=C4)C=C3)cc1,100.0,CC(C)(C)NC(=O)C(C[Se]c1ccccc1)OC(=O)c1ccc(-c2c3nc(c(-c4ccccc4)c4ccc([nH]4)c(-c4ccccc4)c4nc(c(-c5ccccc5)c5ccc2[nH]5)C=C4)C=C3)cc1,SUAOEFUWTNNQOY-UHFFFAOYSA-N,0,train
O=C(Nc1c[nH]nc1-c1nc2ccc(CN3CCOCC3)cc2[nH]1)NC1CC1,1.76,O=C(Nc1c[nH]nc1-c1nc2ccc(CN3CCOCC3)cc2[nH]1)NC1CC1,LOLPPWBBNUVNQZ-UHFFFAOYSA-N,1,train
Nc1n[nH]c(N)c1/N=N/c1ccc(O)cc1,20.0,Nc1n[nH]c(N)c1/N=N/c1ccc(O)cc1,AYZRKFOEZQBUEA-OUKQBFOZSA-N,0,train
CCO[C@H]1C[C@H](O)C2=C3c4cccc(O)c4C(=O)C[C@@H]3c3ccc(O)c1c32,15.0,CCO[C@H]1C[C@H](O)C2=C3c4cccc(O)c4C(=O)C[C@@H]3c3ccc(O)c1c32,DSVFBOXMAJTYHV-DQYPLSBCSA-N,0,train
COc1ccc2c3c(c4cc(OC)c(OC)cc4c2c1)CN1CCCC[C@@H]1C3,0.0074,COc1ccc2c3c(c4cc(OC)c(OC)cc4c2c1)CN1CCCC[C@@H]1C3,ANTGAFQZQJMDNP-OAHLLOKOSA-N,1,train
COc1ccc(C2C(C#N)=C(N)Oc3c2cc(Cl)c2cccnc32)cc1OC,10.0,COc1ccc(C2C(C#N)=C(N)Oc3c2cc(Cl)c2cccnc32)cc1OC,PTFLLJHVJAQIQK-UHFFFAOYSA-N,1,train
N#CC1=C(N)Oc2c(ccc3cccnc23)C1c1ccc(Cl)c(Cl)c1,8.23,N#CC1=C(N)Oc2c(ccc3cccnc23)C1c1ccc(Cl)c(Cl)c1,RHAXVWDHVALGPB-UHFFFAOYSA-N,1,train
Cc1cccc2c(C(=O)O)c(O)c(-c3ccc(Cl)cc3)nc12,13.0,Cc1cccc2c(C(=O)O)c(O)c(-c3ccc(Cl)cc3)nc12,KWROZLCRUUJNBY-UHFFFAOYSA-N,0,train
O=C(Nc1cnc2ccccc2c1)c1cc(Cl)c(O)nc1O,0.0145,O=C(Nc1cnc2ccccc2c1)c1cc(Cl)c(O)nc1O,HTMRNERDPSZRFJ-UHFFFAOYSA-N,1,train
CC(=O)Nc1cccc(Oc2ccc3c(/C=C/c4ccccc4)n[nH]c3c2)c1,0.0048,CC(=O)Nc1cccc(Oc2ccc3c(/C=C/c4ccccc4)n[nH]c3c2)c1,VYMBMEPSKRYKBW-JLHYYAGUSA-N,1,train
CC(C)C[C@H](NC(=O)[C@H](Cc1ccccc1)NC(=O)c1cnccn1)B(O)O,0.0112,CC(C)C[C@H](NC(=O)[C@H](Cc1ccccc1)NC(=O)c1cnccn1)B(O)O,GXJABQQUPOEUTA-RDJZCZTQSA-N,1,train
COc1cccc(NC(=O)Nc2nnc(Sc3ncnc4scc(-c5ccncc5)c34)s2)c1,67.7,COc1cccc(NC(=O)Nc2nnc(Sc3ncnc4scc(-c5ccncc5)c34)s2)c1,VPOAXFQLSMULBV-UHFFFAOYSA-N,0,train
Oc1cc(Br)c(Cc2cc(Br)ccc2O)cc1O,1.1,Oc1cc(Br)c(Cc2cc(Br)ccc2O)cc1O,HIWRJPASIGFNRL-UHFFFAOYSA-N,1,train
COc1ccc(/C=C\c2cc(OC)c(OC)c(OC)c2)cc1NC(=O)Oc1ccccc1C(F)(F)F,0.019,COc1ccc(/C=C\c2cc(OC)c(OC)c(OC)c2)cc1NC(=O)Oc1ccccc1C(F)(F)F,YUSVUQRZLYOIOE-KTKRTIGZSA-N,1,train
COc1ccccc1NC(C)=C1C(=O)CC(c2c(F)cccc2F)CC1=O,39.0,COc1ccccc1NC(C)=C1C(=O)CC(c2c(F)cccc2F)CC1=O,XFAPEIHFPZAADH-UHFFFAOYSA-N,0,train
CCOC(=O)/C=C1/C(=O)N(CC(=O)OC)c2ccc(Br)cc21,25.0,CCOC(=O)/C=C1/C(=O)N(CC(=O)OC)c2ccc(Br)cc21,KEBHFHRPUSBCLH-YRNVUSSQSA-N,0,train
CCOC(=O)C1ON(c2ccccc2)C(c2cccc(Cl)c2)C12C(=O)Nc1ccccc12,25.0,CCOC(=O)C1ON(c2ccccc2)C(c2cccc(Cl)c2)C12C(=O)Nc1ccccc12,HDZKBOLRHMPBRI-UHFFFAOYSA-N,0,train
COc1cc(Nc2ncnc(Nc3cccc(NS(C)(=O)=O)c3)n2)cc(OC)c1OC,7.2,COc1cc(Nc2ncnc(Nc3cccc(NS(C)(=O)=O)c3)n2)cc(OC)c1OC,IXCXUKJDKANCHC-UHFFFAOYSA-N,1,train
CCC(C)n1ncn(-c2ccc(N3CCN(c4ccc(OC[C@@H]5CO[C@@](Cn6nnnc6-c6ccccc6)(c6ccc(Cl)cc6Cl)O5)cc4)CC3)cc2)c1=O,0.119,CCC(C)n1ncn(-c2ccc(N3CCN(c4ccc(OC[C@@H]5CO[C@@](Cn6nnnc6-c6ccccc6)(c6ccc(Cl)cc6Cl)O5)cc4)CC3)cc2)c1=O,DQXYFNVEBLRIEM-NOQVXAFMSA-N,1,train
CNC(=O)Nc1cc(CSc2ncccc2C(=O)Nc2cc(C)cc(C)c2)ccn1,0.0088,CNC(=O)Nc1cc(CSc2ncccc2C(=O)Nc2cc(C)cc(C)c2)ccn1,CRYHRWYRMCKERY-UHFFFAOYSA-N,1,train
c1ccc(CNc2nc(Nc3ccc(CN4CCOCC4)cc3)c3ncn(C4CCCC4)c3n2)cc1,10.105,c1ccc(CNc2nc(Nc3ccc(CN4CCOCC4)cc3)c3ncn(C4CCCC4)c3n2)cc1,DRHOTIFDKPIRCT-UHFFFAOYSA-N,0,train
N#Cc1cccc(/C=N/NC(=O)c2ccc(NC3CCCCC3)c(NCc3ccccc3)c2)c1,0.61,N#Cc1cccc(/C=N/NC(=O)c2ccc(NC3CCCCC3)c(NCc3ccccc3)c2)c1,PFQXJNNBZWXMLN-AJBULDERSA-N,1,train
CC(=O)Nc1cccc(C(=O)c2ccc3c(/C=C/c4ccccc4)n[nH]c3c2)c1,0.044,CC(=O)Nc1cccc(C(=O)c2ccc3c(/C=C/c4ccccc4)n[nH]c3c2)c1,CZHCAXCFKXFYRK-JLHYYAGUSA-N,1,train
CS(=O)(=O)Nc1cc(Sc2ncnc3nc[nH]c23)c(O)c2ccccc12,8.41,CS(=O)(=O)Nc1cc(Sc2ncnc3nc[nH]c23)c(O)c2ccccc12,BKOSDIAVIJMGLO-UHFFFAOYSA-N,1,train
CCOP(=O)(CCOCCn1cc(CN2C(=O)c3cccc4cc([N+](=O)[O-])cc(c34)C2=O)nn1)OCC,250.0,CCOP(=O)(CCOCCn1cc(CN2C(=O)c3cccc4cc([N+](=O)[O-])cc(c34)C2=O)nn1)OCC,NXXGIMOZPPZLBJ-UHFFFAOYSA-N,0,train
N=C(N)NCCC[C@H]1NC(=O)CC(=O)N[C@@H](CC(=O)O)C(=O)N[C@H](Cc2ccccc2)CNC1=O,100.0,N=C(N)NCCC[C@H]1NC(=O)CC(=O)N[C@@H](CC(=O)O)C(=O)N[C@H](Cc2ccccc2)CNC1=O,JBCUWZUACLSOTF-OAGGEKHMSA-N,0,train
COc1ccc(-c2coc3c4c(ccc3c2=O)OC(C)(C)C=C4)c(OC)c1OC,10.0,COc1ccc(-c2coc3c4c(ccc3c2=O)OC(C)(C)C=C4)c(OC)c1OC,YQKJQMASGZCKHJ-UHFFFAOYSA-N,1,train
CCCC[C@@H](C)C[C@@H]1NC(=O)[C@H](Cc2cn(OC)c3ccccc23)N(C)C(=O)[C@H](CC(C)C)NC(=O)[C@H](CC(C)C)N(C)C(=O)[C@H](C[C@H](C)CCCC)NC(=O)COC[C@H](C)N(C)C1=O,0.2,CCCC[C@@H](C)C[C@@H]1NC(=O)[C@H](Cc2cn(OC)c3ccccc23)N(C)C(=O)[C@H](CC(C)C)NC(=O)[C@H](CC(C)C)N(C)C(=O)[C@H](C[C@H](C)CCCC)NC(=O)COC[C@H](C)N(C)C1=O,HNKDKPDOELPATH-IOFSQBFESA-N,1,train
COc1cc(C(=O)/C=C/c2ccc(N(C)C)cc2)cc(OC)c1OC,100.0,COc1cc(C(=O)/C=C/c2ccc(N(C)C)cc2)cc(OC)c1OC,UVWVWBTZPMIHCN-DHZHZOJOSA-N,0,train
CO[C@@H]1O[C@H](CO)[C@@H](O)[C@H](O)[C@H]1OC(=O)CCC(=O)O[C@@H](C(=O)O[C@H]1C[C@@]2(O)[C@@H](OC(=O)c3ccccc3)[C@@H]3[C@]4(OC(C)=O)CO[C@@H]4C[C@H](O)[C@@]3(C)C(=O)[C@H](OC(C)=O)C(=C1C)C2(C)C)[C@@H](NC(=O)c1ccccc1)c1ccccc1,100.0,CO[C@@H]1O[C@H](CO)[C@@H](O)[C@H](O)[C@H]1OC(=O)CCC(=O)O[C@@H](C(=O)O[C@H]1C[C@@]2(O)[C@@H](OC(=O)c3ccccc3)[C@@H]3[C@]4(OC(C)=O)CO[C@@H]4C[C@H](O)[C@@]3(C)C(=O)[C@H](OC(C)=O)C(=C1C)C2(C)C)[C@@H](NC(=O)c1ccccc1)c1ccccc1,GPBQAQZMUWCVPR-MOKQCNEGSA-N,0,train
CN(C)c1ccc(/C=C2\Oc3ccc(O)cc3C2=O)cc1,1.35,CN(C)c1ccc(/C=C2\Oc3ccc(O)cc3C2=O)cc1,SBNXETXBHCRBHZ-SXGWCWSVSA-N,1,train
C[C@H]1O[C@]1(C)C(=O)C[C@@H]1[C@@]2(C)[C@@H](O)CCC(C)(C)[C@]2(O)CC[C@@]1(C)O,10.0,C[C@H]1O[C@]1(C)C(=O)C[C@@H]1[C@@]2(C)[C@@H](O)CCC(C)(C)[C@]2(O)CC[C@@]1(C)O,IYXYEOGFUBDIEI-USEDJYDSSA-N,1,train
NC1=NCCCc2ccccc21,12.0,NC1=NCCCc2ccccc21,WPVIPLVHTUSDET-UHFFFAOYSA-N,0,train
CNC(=O)c1cccc2cc(Oc3ccnc4cc(OC)c(OC)cc34)ccc12,0.00045,CNC(=O)c1cccc2cc(Oc3ccnc4cc(OC)c(OC)cc34)ccc12,HFLGPAUKVFOIOT-UHFFFAOYSA-N,1,train
CN(C)Cc1ccc(/C=C/c2n[nH]c3cc([C@@H]4C[C@@]45C(=O)Nc4ccccc45)ccc23)cc1,19.0,CN(C)Cc1ccc(/C=C/c2n[nH]c3cc([C@@H]4C[C@@]45C(=O)Nc4ccccc45)ccc23)cc1,NZBZBQUHFXSFOR-VXPCJWDYSA-N,0,train
NCCCC[C@H](NC(=O)[C@H](CSC(c1ccccc1)c1ccccc1)NC(=O)[C@H](Cc1c[nH]c2ccccc12)NC(=O)[C@H](CCCCN)NC(=O)[C@H](CCCCN)NC(=O)[C@H](Cc1c[nH]c2ccccc12)NC(=O)[C@H](Cc1c[nH]c2ccccc12)NC(=O)[C@H](CCCCN)NC(=O)[C@@H](N)CCCCN)C(=O)NN,44.3,NCCCC[C@H](NC(=O)[C@H](CSC(c1ccccc1)c1ccccc1)NC(=O)[C@H](Cc1c[nH]c2ccccc12)NC(=O)[C@H](CCCCN)NC(=O)[C@H](CCCCN)NC(=O)[C@H](Cc1c[nH]c2ccccc12)NC(=O)[C@H](Cc1c[nH]c2ccccc12)NC(=O)[C@H](CCCCN)NC(=O)[C@@H](N)CCCCN)C(=O)NN,GJNUBKMEVVZRIR-LMDOOZLCSA-N,0,train
COc1ccc(CCN(C)CCCC(C#N)(c2ccc(OC)c(OC)c2)C(C)C)cc1OC,100.0,COc1ccc(CCN(C)CCCC(C#N)(c2ccc(OC)c(OC)c2)C(C)C)cc1OC,SGTNSNPWRIOYBX-UHFFFAOYSA-N,0,train
Nc1ccn([C@@H]2O[C@H](COP(=O)(O)NC(=O)c3ccccc3)[C@@H](O)C2(F)F)c(=O)n1,0.05,Nc1ccn([C@@H]2O[C@H](COP(=O)(O)NC(=O)c3ccccc3)[C@@H](O)C2(F)F)c(=O)n1,FLTYXOKRJBGVOB-MPKXVKKWSA-N,1,train
C[C@H]1[C@H](OC(=O)CCC(=O)OCCCCC[P+](c2ccccc2)(c2ccccc2)c2ccccc2)O[C@@H]2O[C@@]3(C)CC[C@H]4[C@H](C)CC[C@@H]1[C@@]24OO3.[Br-],27.5,C[C@H]1[C@H](OC(=O)CCC(=O)OCCCCC[P+](c2ccccc2)(c2ccccc2)c2ccccc2)O[C@@H]2O[C@@]3(C)CC[C@H]4[C@H](C)CC[C@@H]1[C@@]24OO3,YSCKKHPBOLKUKD-GAJIQHMXSA-N,0,train
Cc1ccc2c(C(=O)O)c(O)c(-c3ccc(C(C)C)cc3)nc2c1C,8.0,Cc1ccc2c(C(=O)O)c(O)c(-c3ccc(C(C)C)cc3)nc2c1C,HLCIVFWKMWVZAP-UHFFFAOYSA-N,1,train
O=C(O)c1c(O)c(-c2ccc(Cl)cc2)nc2ccc(OC(F)(F)F)cc12,25.0,O=C(O)c1c(O)c(-c2ccc(Cl)cc2)nc2ccc(OC(F)(F)F)cc12,ZHXYAXWKDVOXQM-UHFFFAOYSA-N,0,train
N#Cc1ccc2c(c1)/C(=N\O)C(c1c[nH]c3ccc(C#N)cc13)=N2,100.0,N#Cc1ccc2c(c1)/C(=N\O)C(c1c[nH]c3ccc(C#N)cc13)=N2,GNBVKMWZCYTVAV-PTGBLXJZSA-N,0,train
O=S(=O)(Nc1cc(Sc2ncnc3nc[nH]c23)c(O)c2ccccc12)c1ccc(F)c(Cl)c1,5.43,O=S(=O)(Nc1cc(Sc2ncnc3nc[nH]c23)c(O)c2ccccc12)c1ccc(F)c(Cl)c1,FMEJJYXVRRMROM-UHFFFAOYSA-N,1,train
Cc1c[nH]c(/C=C2\C(=O)Nc3ccccc32)c1CCC(=O)O,0.05,Cc1c[nH]c(/C=C2\C(=O)Nc3ccccc32)c1CCC(=O)O,JNDVEAXZWJIOKB-JYRVWZFOSA-N,1,train
Cc1ccc(Oc2ccc3nc(NC(=O)C4CC4)nn3c2)cc1NC(=O)CC(C)C,0.056,Cc1ccc(Oc2ccc3nc(NC(=O)C4CC4)nn3c2)cc1NC(=O)CC(C)C,XAGBWBSHXPZAKN-UHFFFAOYSA-N,1,train
NC1=NC(C2CC2)Cc2ccsc21,0.05,NC1=NC(C2CC2)Cc2ccsc21,MSFKVTUZXYQWQW-UHFFFAOYSA-N,1,train
C=CCc1ccc(O)c(-c2ccc(O)cc2)c1,64.3,C=CCc1ccc(O)c(-c2ccc(O)cc2)c1,PHARZSAWYNACPU-UHFFFAOYSA-N,0,train
Nc1ccccc1NC(=O)CCCCCCCNc1nn2c(=O)c3cc(Br)ccc3nc2c2ccccc12,21.7,Nc1ccccc1NC(=O)CCCCCCCNc1nn2c(=O)c3cc(Br)ccc3nc2c2ccccc12,ORSOHXUGUMCRLB-UHFFFAOYSA-N,0,train
CN(C/C=C/c1ccc(C(F)(F)F)cc1)Cc1cccc2ccoc12.Cl,67.1,CN(C/C=C/c1ccc(C(F)(F)F)cc1)Cc1cccc2ccoc12,WYDLDCSVEFOVIA-ONEGZZNKSA-N,0,train
COc1c(O)ccc(O)c1-c1cc(=O)c2c(O)cc(O)c(OC)c2o1,88.0,COc1c(O)ccc(O)c1-c1cc(=O)c2c(O)cc(O)c(OC)c2o1,CPFJPTACQDZPLS-UHFFFAOYSA-N,0,train
CC(C)c1c(CC(N)=O)[nH]c2ccc(Cl)cc12,45.0,CC(C)c1c(CC(N)=O)[nH]c2ccc(Cl)cc12,IFPRJIBVYBLMFW-UHFFFAOYSA-N,0,train
Cc1cc(Oc2cncc3sc(C(N)=O)cc23)ccc1Cl,67.0,Cc1cc(Oc2cncc3sc(C(N)=O)cc23)ccc1Cl,MIKWFMXHRJMCQU-UHFFFAOYSA-N,0,train
Cc1cc(C(=O)Nc2cccc(Oc3ccc4c(/C=C/c5ccccn5)n[nH]c4c3)c2)nn1C,0.0056,Cc1cc(C(=O)Nc2cccc(Oc3ccc4c(/C=C/c5ccccn5)n[nH]c4c3)c2)nn1C,JCIDMEZKJLIPEG-FMIVXFBMSA-N,1,train
CNS(=O)(=O)c1cccc(Nc2nccc(Oc3ccc4c(C(=O)Nc5ccccc5)cccc4c3)n2)c1,0.0093,CNS(=O)(=O)c1cccc(Nc2nccc(Oc3ccc4c(C(=O)Nc5ccccc5)cccc4c3)n2)c1,IVQMWYVWMNUHND-UHFFFAOYSA-N,1,train
CC1CCN(CCCN2/C(=C/c3cc(/C=C/c4cc5ccccc5[nH]4)[n+](C)c4ccccc34)Sc3ccccc32)CC1.[I-],8.0,CC1CCN(CCCN2/C(=C/c3cc(/C=C/c4cc5ccccc5[nH]4)[n+](C)c4ccccc34)Sc3ccccc32)CC1,FQFRWGFPMSKOHQ-UOZKZNBHSA-O,1,train
CS(=O)(=O)CCN(Cc1ccc(-c2ccc3ncnc(Nc4ccc(OCc5cccc(F)c5)c(Cl)c4)c3c2)o1)C(=O)CCCC(=O)OCCN1CCN(CCCN2c3ccccc3Sc3ccc(Cl)cc32)CC1,100.17,CS(=O)(=O)CCN(Cc1ccc(-c2ccc3ncnc(Nc4ccc(OCc5cccc(F)c5)c(Cl)c4)c3c2)o1)C(=O)CCCC(=O)OCCN1CCN(CCCN2c3ccccc3Sc3ccc(Cl)cc32)CC1,FRLAJMMNBKCOIA-UHFFFAOYSA-N,0,train
CCC(C)C(=O)c1c(O)cc(O)c2c1OC(C)(CCC=C(C)C)C=C2,15.0,CCC(C)C(=O)c1c(O)cc(O)c2c1OC(C)(CCC=C(C)C)C=C2,UAJYKGPSRWOQCL-UHFFFAOYSA-N,0,train
CN(c1ccc2ncsc2c1)c1nc(O)nc(NC(C)(C)c2ccccc2)n1,9.9,CN(c1ccc2ncsc2c1)c1nc(O)nc(NC(C)(C)c2ccccc2)n1,XYPPNIGENTYIOF-UHFFFAOYSA-N,1,train
O=S1(=O)Nc2c(ccc3cccnc23)-c2cc(F)ccc21,1.7,O=S1(=O)Nc2c(ccc3cccnc23)-c2cc(F)ccc21,KNMYXLXOQAHLHK-UHFFFAOYSA-N,1,train
COC(=O)c1ccc(-c2cn(-c3cccc(-c4ccccc4)c3)nn2)cc1,0.62,COC(=O)c1ccc(-c2cn(-c3cccc(-c4ccccc4)c3)nn2)cc1,BLLSOTGHAVNDGF-UHFFFAOYSA-N,1,train
COc1cccc(-c2ccc3c(c2)NC(=O)/C3=C\c2cc3c([nH]2)CCCC3)c1,50.0,COc1cccc(-c2ccc3c(c2)NC(=O)/C3=C\c2cc3c([nH]2)CCCC3)c1,NHBNPOFEIABVTF-STZFKDTASA-N,0,train
COc1ccc2c(c1)[C@]1(C[C@H]1c1ccc3c(/C=C/c4ccc(N5CCN(C)CC5)nc4)n[nH]c3c1)C(=O)N2,47.0,COc1ccc2c(c1)[C@]1(C[C@H]1c1ccc3c(/C=C/c4ccc(N5CCN(C)CC5)nc4)n[nH]c3c1)C(=O)N2,XMHCFCMVNKTYOH-ZBVNWKHZSA-N,0,train
COc1cc2c(cc1O)C[C@]21COc2cc(OC(C)=O)cc(O)c2C1=O,100.0,COc1cc2c(cc1O)C[C@]21COc2cc(OC(C)=O)cc(O)c2C1=O,WARDPLPTBYBFRI-IBGZPJMESA-N,0,train
CCOP(=O)(OCC)C(NC(=O)COc1ccc2c(c1O)C(=O)c1ccccc1C2=O)c1ccccc1,50.0,CCOP(=O)(OCC)C(NC(=O)COc1ccc2c(c1O)C(=O)c1ccccc1C2=O)c1ccccc1,YXNVVRNDAGCVJU-UHFFFAOYSA-N,0,train
CCOC(=O)/C=C1/C(=O)N(CC(=O)OCC)c2ccc(F)cc21,40.0,CCOC(=O)/C=C1/C(=O)N(CC(=O)OCC)c2ccc(F)cc21,IUGCHIDTBMOVPH-XYOKQWHBSA-N,0,train
N#CC1=C(N)Oc2c(N)cc3nc4ccccc4nc3c2C12C(=O)N(Cc1cnnn1-c1c(Cl)cc(Cl)cc1Cl)c1ccccc12,18.3,N#CC1=C(N)Oc2c(N)cc3nc4ccccc4nc3c2C12C(=O)N(Cc1cnnn1-c1c(Cl)cc(Cl)cc1Cl)c1ccccc12,LJMRTBINLWCIJR-UHFFFAOYSA-N,0,train
COc1ccccc1-c1csc(N/N=C/c2cc(Br)c(OC)c(OC)c2)n1,100.0,COc1ccccc1-c1csc(N/N=C/c2cc(Br)c(OC)c(OC)c2)n1,RKXBZJDWMXCRQZ-UFFVCSGVSA-N,0,train
CCN1CCC(Nc2ccc3c(c2)C(=C(c2ccccc2)c2nc4cc(OC)ccc4[nH]2)C(=O)N3)CC1,0.027,CCN1CCC(Nc2ccc3c(c2)C(=C(c2ccccc2)c2nc4cc(OC)ccc4[nH]2)C(=O)N3)CC1,LETIJBVXDGOQFG-UHFFFAOYSA-N,1,train
O=C(NCc1cccs1)[C@@]1(O)CCN(c2ccccc2)C1=O,18.0,O=C(NCc1cccs1)[C@@]1(O)CCN(c2ccccc2)C1=O,UVNFRPBMSMXYGA-INIZCTEOSA-N,0,train
CCOP(=O)(OCC)c1c(-c2ccccc2Cl)oc2c1C(=O)c1ccccc1C2=O,3.73,CCOP(=O)(OCC)c1c(-c2ccccc2Cl)oc2c1C(=O)c1ccccc1C2=O,QRYUJZQUUNKZSS-UHFFFAOYSA-N,1,train
CCCC(CCC)C(=O)O,1500.0,CCCC(CCC)C(=O)O,NIJJYAXOARWZEE-UHFFFAOYSA-N,0,train
CCOC(=O)C(=O)N(Cc1cccc(F)c1)c1ccc2c(c1)OC(C)(COc1ccc(C(=N)N)cc1)CN2C,7.9,CCOC(=O)C(=O)N(Cc1cccc(F)c1)c1ccc2c(c1)OC(C)(COc1ccc(C(=N)N)cc1)CN2C,SAVUGAHTVNEDQX-UHFFFAOYSA-N,1,train
CCCCCCC1CC(N=[N+]=[N-])OO1,12.17,CCCCCCC1CC(N=[N+]=[N-])OO1,YDEPDAHMJTUUMK-UHFFFAOYSA-N,0,train
C=CCc1cc(-c2ccc(OC)c(OC)c2)ccc1O,100.0,C=CCc1cc(-c2ccc(OC)c(OC)c2)ccc1O,GYBTUDWHWRLIIY-UHFFFAOYSA-N,0,train
Cc1ccccc1COc1ccc2cc(C(=O)NCc3ccc(C(=O)Nc4ccccc4N)cc3)c(=O)oc2c1,49.553,Cc1ccccc1COc1ccc2cc(C(=O)NCc3ccc(C(=O)Nc4ccccc4N)cc3)c(=O)oc2c1,JAQZHVZLKAKPLD-UHFFFAOYSA-N,0,train
C[C@H]1[C@H](C)CC[C@]2(C)CC[C@]3(C)C(=CC(=O)[C@@H]4[C@@]5(C)CC[C@H](O)[C@](C)(C(=O)O)[C@@H]5CC[C@]43C)[C@H]12,27.23,C[C@H]1[C@H](C)CC[C@]2(C)CC[C@]3(C)C(=CC(=O)[C@@H]4[C@@]5(C)CC[C@H](O)[C@](C)(C(=O)O)[C@@H]5CC[C@]43C)[C@H]12,YIMHGPSYDOGBPI-SCAHIRPMSA-N,0,train
CCOC(=O)CNC(=O)C(=O)C(COCc1ccccc1)NC(=O)[C@H](CC1CCCCC1)NC(=O)Cc1cccs1,39.0,CCOC(=O)CNC(=O)C(=O)C(COCc1ccccc1)NC(=O)[C@H](CC1CCCCC1)NC(=O)Cc1cccs1,DPVKBZKSSNCZRU-SKCDSABHSA-N,0,train
CN(c1ccc(NC(=O)NCCN2CCOCC2)cc1)c1ccnc(Nc2ccc(CS(C)(=O)=O)cc2)n1,0.471,CN(c1ccc(NC(=O)NCCN2CCOCC2)cc1)c1ccnc(Nc2ccc(CS(C)(=O)=O)cc2)n1,UHEFETJAUKNRQO-UHFFFAOYSA-N,1,train
C[C@@H]1CN(C(=O)c2sc3ccccc3c2Cl)C[C@@H](C)O1,154.0,C[C@@H]1CN(C(=O)c2sc3ccccc3c2Cl)C[C@@H](C)O1,LJXMGMZOYDGWON-NXEZZACHSA-N,0,train
CCC(C)n1ncn(-c2ccc(N3CCN(c4ccc(OC[C@@H]5CO[C@@](Cn6cnc(C)c6)(c6ccc(Cl)cc6Cl)O5)cc4)CC3)cc2)c1=O,0.102,CCC(C)n1ncn(-c2ccc(N3CCN(c4ccc(OC[C@@H]5CO[C@@](Cn6cnc(C)c6)(c6ccc(Cl)cc6Cl)O5)cc4)CC3)cc2)c1=O,IHJGFDOENILBIK-SSSJYEIPSA-N,1,train
Cc1[nH]nc(N)c1-c1nc2ccc(C(N)=O)cc2s1,16.2,Cc1[nH]nc(N)c1-c1nc2ccc(C(N)=O)cc2s1,LDAKZUPMVFBRML-UHFFFAOYSA-N,0,train
COc1cc(C(=O)c2c(C#N)oc3c(O)c(OC)ccc23)cc(OC)c1OC,0.0011,COc1cc(C(=O)c2c(C#N)oc3c(O)c(OC)ccc23)cc(OC)c1OC,BFELXBREUXKJES-UHFFFAOYSA-N,1,train
CCn1nc(C)cc1C(=O)Nc1cccc(Oc2ccc3c(/C=C/c4ccccn4)n[nH]c3c2)c1,0.0013,CCn1nc(C)cc1C(=O)Nc1cccc(Oc2ccc3c(/C=C/c4ccccn4)n[nH]c3c2)c1,VMSNCGZZXLXFCS-JLHYYAGUSA-N,1,train
Cc1ccc(NS(=O)(=O)c2ccc(Cl)cc2)c(C(=O)O)c1,0.3,Cc1ccc(NS(=O)(=O)c2ccc(Cl)cc2)c(C(=O)O)c1,KZILFSJXWYKWMG-UHFFFAOYSA-N,1,train
COc1cc([C@@H]2c3cc4c(cc3[C@@H](O[C@@H]3O[C@@H]5CO[C@@H](c6cccs6)O[C@H]5[C@H](O)[C@H]3O)[C@H]3COC(=O)[C@H]23)OCO4)cc(OC)c1O,12.4,COc1cc([C@@H]2c3cc4c(cc3[C@@H](O[C@@H]3O[C@@H]5CO[C@@H](c6cccs6)O[C@H]5[C@H](O)[C@H]3O)[C@H]3COC(=O)[C@H]23)OCO4)cc(OC)c1O,NRUKOCRGYNPUPR-QBPJDGROSA-N,0,train
CCc1ccc2nc(N(CCNC3CCCCC3)c3ccc(OC)c(OC)c3)sc2c1,17.69,CCc1ccc2nc(N(CCNC3CCCCC3)c3ccc(OC)c(OC)c3)sc2c1,IBXHRGIEGKFMHG-UHFFFAOYSA-N,0,train
CCOP(=O)(OCC)C(NC(=O)[C@]12CC[C@@H](C)[C@H](C)[C@H]1C1=CC[C@@H]3[C@@]4(C)C[C@@H](OC(C)=O)[C@H](OC(C)=O)[C@@](C)(COC(C)=O)[C@@H]4CC[C@@]3(C)[C@]1(C)CC2)c1ccc2ccccc2c1,100.0,CCOP(=O)(OCC)C(NC(=O)[C@]12CC[C@@H](C)[C@H](C)[C@H]1C1=CC[C@@H]3[C@@]4(C)C[C@@H](OC(C)=O)[C@H](OC(C)=O)[C@@](C)(COC(C)=O)[C@@H]4CC[C@@]3(C)[C@]1(C)CC2)c1ccc2ccccc2c1,ALFWPGQHQCYNSK-BOMATCISSA-N,0,train
COc1ccc2nc(C(F)(F)F)n(CC(=O)N3CC[C@H](NC4CCOC4)C[C@H]3c3ncc(-c4cc5ccccc5nc4OC)[nH]3)c2c1,3.682,COc1ccc2nc(C(F)(F)F)n(CC(=O)N3CC[C@H](NC4CCOC4)C[C@H]3c3ncc(-c4cc5ccccc5nc4OC)[nH]3)c2c1,LPNQEGRDPJJWIF-ZWCJHOFGSA-N,1,train
Cc1c(COc2cccc(OCC3CCOCC3)c2)[nH]c2ccc(-c3cccnc3)cc2c1=O,10.0,Cc1c(COc2cccc(OCC3CCOCC3)c2)[nH]c2ccc(-c3cccnc3)cc2c1=O,WFKKMURYVQIQJH-UHFFFAOYSA-N,1,train
CC1=C(SCCC(=O)OC(C[Se]C2=C(C)C(=O)c3ccccc3C2=O)C(=O)NCCCCCC(=O)OCc2ccccc2)C(=O)c2ccccc2C1=O,7.0,CC1=C(SCCC(=O)OC(C[Se]C2=C(C)C(=O)c3ccccc3C2=O)C(=O)NCCCCCC(=O)OCc2ccccc2)C(=O)c2ccccc2C1=O,UOKDORWDDUKASW-UHFFFAOYSA-N,1,train
CCC(C)[C@@H]1NC(=O)[C@H](CCCNC(=N)N)NC(=O)CNC(=O)[C@H](CCCCN)NC(=O)[C@@H]2CSSC[C@@H]3NC(=O)[C@H](CO)NC(=O)[C@H](CCC(=O)O)NC(=O)CNC(=O)[C@@H]4CSSC[C@H](NC(=O)CNC(=O)[C@H]([C@@H](C)CC)NC(=O)[C@H](C(C)C)NC(=O)[C@H](CO)NC(=O)[C@H]([C@H](C)O)NC(=O)[C@H](Cc5ccccc5)NC(=O)[C@H](CSSC[C@H](NC1=O)C(=O)N[C@@H](C(C)C)C(=O)N[C@H](CCCNC(=N)N)C(=O)N[C@@H](Cc1ccccc1)C(=O)N[C@@H](CCC(N)=O)C(=O)N4)NC(=O)[C@H](Cc1ccc(O)cc1)NC(=O)[C@H]([C@@H](C)O)NC(=O)[C@H]([C@H](C)O)NC(=O)[C@H]([C@@H](C)CC)NC(=O)[C@H](CCSC)NC(=O)CNC3=O)C(=O)N[C@@H](CO)C(=O)N2,1.2,CCC(C)[C@@H]1NC(=O)[C@H](CCCNC(=N)N)NC(=O)CNC(=O)[C@H](CCCCN)NC(=O)[C@@H]2CSSC[C@@H]3NC(=O)[C@H](CO)NC(=O)[C@H](CCC(=O)O)NC(=O)CNC(=O)[C@@H]4CSSC[C@H](NC(=O)CNC(=O)[C@H]([C@@H](C)CC)NC(=O)[C@H](C(C)C)NC(=O)[C@H](CO)NC(=O)[C@H]([C@H](C)O)NC(=O)[C@H](Cc5ccccc5)NC(=O)[C@H](CSSC[C@H](NC1=O)C(=O)N[C@@H](C(C)C)C(=O)N[C@H](CCCNC(=N)N)C(=O)N[C@@H](Cc1ccccc1)C(=O)N[C@@H](CCC(N)=O)C(=O)N4)NC(=O)[C@H](Cc1ccc(O)cc1)NC(=O)[C@H]([C@@H](C)O)NC(=O)[C@H]([C@H](C)O)NC(=O)[C@H]([C@@H](C)CC)NC(=O)[C@H](CCSC)NC(=O)CNC3=O)C(=O)N[C@@H](CO)C(=O)N2,KKKKLDUIRTYDTO-NLDMMSSZSA-N,1,train
CC(C)=CCC1(CC=C(C)C)C(=O)c2c(-c3ccccc3)cc(=O)oc2C(C(=O)C(C)C)=C1O,10.2,CC(C)=CCC1(CC=C(C)C)C(=O)c2c(-c3ccccc3)cc(=O)oc2C(C(=O)C(C)C)=C1O,UFJPDZLQLLTRAS-UHFFFAOYSA-N,0,train
COc1ccc(CNCc2ccc3c(c2)OCO3)cc1O.Cl,200.0,COc1ccc(CNCc2ccc3c(c2)OCO3)cc1O,OTUOUTIFAJRDQR-UHFFFAOYSA-N,0,train
OC(CN1CCN(CCCn2ccc3cc(Br)ccc32)CC1)(Cn1cncn1)c1ccc(F)cc1F,13.97,OC(CN1CCN(CCCn2ccc3cc(Br)ccc32)CC1)(Cn1cncn1)c1ccc(F)cc1F,JESMRTLXPOBHHP-UHFFFAOYSA-N,0,train
Cc1cccc(C(=O)Nc2cccc(Nc3ccc([N+](=O)[O-])c4ncnc(O)c34)c2)c1,93.6,Cc1cccc(C(=O)Nc2cccc(Nc3ccc([N+](=O)[O-])c4ncnc(O)c34)c2)c1,DHKKBUUUFPGSJM-UHFFFAOYSA-N,0,train
COc1cc2nccc(Oc3ccc4c(NCc5ccccc5)nn(C)c4c3)c2cc1OC,1.0,COc1cc2nccc(Oc3ccc4c(NCc5ccccc5)nn(C)c4c3)c2cc1OC,DMPMZNSWHVQAAY-UHFFFAOYSA-N,1,train
Cc1ccc2c(c1)C(COC(=O)N[C@@H](CC(C)C)C(=O)O)c1cc(C)ccc1-2,117.0,Cc1ccc2c(c1)C(COC(=O)N[C@@H](CC(C)C)C(=O)O)c1cc(C)ccc1-2,SEHPSBSPFWAVPK-NRFANRHFSA-N,0,train
CCOc1ccc(/C=C/C(=O)Nc2ccc(NC(=O)[C@@H](O)[C@H](N)CCc3ccccc3)cc2)cc1,1.8,CCOc1ccc(/C=C/C(=O)Nc2ccc(NC(=O)[C@@H](O)[C@H](N)CCc3ccccc3)cc2)cc1,OVCNOIHPNADPMG-AQOFXNMISA-N,1,train
CN1C(=O)N(c2cc(Cl)cc(Cl)c2)C(=O)[C@]12CN(Cc1cc(C(=O)O)cs1)C[C@H]2c1ccc(C#N)cc1,0.018,CN1C(=O)N(c2cc(Cl)cc(Cl)c2)C(=O)[C@]12CN(Cc1cc(C(=O)O)cs1)C[C@H]2c1ccc(C#N)cc1,NXNKJLOEGWSJGI-BKMJKUGQSA-N,1,train
C/C=C/C=C/C=C/C[N+](C)(CCCCCCCCCCCCCC)Cc1ccccc1.[I-],22.99,C/C=C/C=C/C=C/C[N+](C)(CCCCCCCCCCCCCC)Cc1ccccc1,NPHRFOPFZNCHTG-LBWIRXHDSA-N,0,train
COc1ccc2nc(-c3cccs3)nc(NN3C(=O)C=C(C)C3=O)c2c1,9.8,COc1ccc2nc(-c3cccs3)nc(NN3C(=O)C=C(C)C3=O)c2c1,WAPBQFRODQBNJI-UHFFFAOYSA-N,1,train
O=C(NCCCNC(=O)c1cc(O)c(O)c(O)c1)c1cc(O)c(O)c(O)c1,130.0,O=C(NCCCNC(=O)c1cc(O)c(O)c(O)c1)c1cc(O)c(O)c(O)c1,LLUICHYMAUMIIP-UHFFFAOYSA-N,0,train
CC(=O)O[C@@H]1C=CC(=O)[C@@]2(CC(=O)O[C@@H]2/C=C(\C)CCC=C(C)C)C1,2.89,CC(=O)O[C@@H]1C=CC(=O)[C@@]2(CC(=O)O[C@@H]2/C=C(\C)CCC=C(C)C)C1,PXCPYWFVMWHLIE-KXVBPSPBSA-N,1,train
CC(C)c1c(-c2nnc(NCCCN)o2)cn2ncnc(Nc3cc(C(=O)NC4CC4)c(F)cc3F)c12,0.11,CC(C)c1c(-c2nnc(NCCCN)o2)cn2ncnc(Nc3cc(C(=O)NC4CC4)c(F)cc3F)c12,GOZLZTGPYFRJDJ-UHFFFAOYSA-N,1,train
COc1ccc2c(c1)/C(=N\O)C(c1c[nH]c3ccc(OC)cc13)=N2,100.0,COc1ccc2c(c1)/C(=N\O)C(c1c[nH]c3ccc(OC)cc13)=N2,NUGQHDXLYISCEO-DYTRJAOYSA-N,0,train
CC(C)N1CCN(Cc2cc(CNC3(c4ccccc4F)CCCC3)ccc2O)CC1,100.0,CC(C)N1CCN(Cc2cc(CNC3(c4ccccc4F)CCCC3)ccc2O)CC1,PSWJPVKZLUOAGK-UHFFFAOYSA-N,0,train
Oc1ccc(C2=Cc3ccc(O)cc3OC2)cc1,4.1,Oc1ccc(C2=Cc3ccc(O)cc3OC2)cc1,ZZUBHVMHNVYXRR-UHFFFAOYSA-N,1,train
CCCC[C@@H](C)C[C@H]1CN(C)[C@@H](C)C(=O)N[C@H](C)C(=O)N[C@@H](C[C@H](C)CCCC)C(=O)N(C)[C@@H](CC(C)C)C(=O)N[C@@H](CC(C)C)C(=O)N(C)[C@@H](Cc2cn(OC)c3ccccc23)C(=O)N1,0.092,CCCC[C@@H](C)C[C@H]1CN(C)[C@@H](C)C(=O)N[C@H](C)C(=O)N[C@@H](C[C@H](C)CCCC)C(=O)N(C)[C@@H](CC(C)C)C(=O)N[C@@H](CC(C)C)C(=O)N(C)[C@@H](Cc2cn(OC)c3ccccc23)C(=O)N1,WDFFJOJWTMBYGP-DNDXQOAXSA-N,1,train
Cc1ccc(NC(=O)Cn2cc(-c3ccc4c(NC(=O)c5ccc(NC(=O)CCCCCCCCC(=O)N[C@H](C(=O)N6C[C@@H](O)C[C@H]6C(=O)NCc6ccc(-c7scnc7C)cc6)C(C)(C)C)cc5)n[nH]c4c3)cn2)cc1C(F)(F)F,12.19,Cc1ccc(NC(=O)Cn2cc(-c3ccc4c(NC(=O)c5ccc(NC(=O)CCCCCCCCC(=O)N[C@H](C(=O)N6C[C@@H](O)C[C@H]6C(=O)NCc6ccc(-c7scnc7C)cc6)C(C)(C)C)cc5)n[nH]c4c3)cn2)cc1C(F)(F)F,OMBFZCSGOOTQOG-CUDRJTHUSA-N,0,train
CS(=O)(=O)CCNCc1ccc(-c2ccc3ncnc(Nc4ccc(OCc5cccc(F)c5)c(Cl)c4)c3c2)o1,47.31,CS(=O)(=O)CCNCc1ccc(-c2ccc3ncnc(Nc4ccc(OCc5cccc(F)c5)c(Cl)c4)c3c2)o1,BCFGMOOMADDAQU-UHFFFAOYSA-N,0,train
Cc1c(O)c(C)c2c(c1O)C(=O)CC(c1c[nH]c3ccccc13)O2,10.0,Cc1c(O)c(C)c2c(c1O)C(=O)CC(c1c[nH]c3ccccc13)O2,SWSVSHSUWAZWRC-UHFFFAOYSA-N,1,train
CCCOC(=O)/C=C/c1coc2ccccc2c1=O,227.0,CCCOC(=O)/C=C/c1coc2ccccc2c1=O,CBXXXLJWWRIKAK-BQYQJAHWSA-N,0,train
Clc1ccc2c(NC[C@H]3CCCN4CCCC[C@@H]34)ccnc2c1,60.0,Clc1ccc2c(NC[C@H]3CCCN4CCCC[C@@H]34)ccnc2c1,WIDHQBLDUCVKSN-KUHUBIRLSA-N,0,train
Cn1ncc2c(Oc3ccc4c(c3)nc(Nc3ccccc3Cl)n4C)ncnc21,78.62,Cn1ncc2c(Oc3ccc4c(c3)nc(Nc3ccccc3Cl)n4C)ncnc21,WWOBHWFQTDPSJI-UHFFFAOYSA-N,0,train
CC(=O)O[C@@H]1CC[C@@]2(C)[C@@H](CC[C@]3(C)[C@@H]2C(=O)C=C2[C@@H]4[C@@H](C)[C@H](C)CC[C@]4(C)CC[C@]23C)[C@@]1(C)C(=O)N(C)CCN(C)C,5.05,CC(=O)O[C@@H]1CC[C@@]2(C)[C@@H](CC[C@]3(C)[C@@H]2C(=O)C=C2[C@@H]4[C@@H](C)[C@H](C)CC[C@]4(C)CC[C@]23C)[C@@]1(C)C(=O)N(C)CCN(C)C,WIONGVWNIASUQO-KANAAYPNSA-N,1,train
N#CC1=C(N)Oc2c(N)cc3nc4ccccc4nc3c2C12C(=O)N(Cc1cnnn1-c1cccc(C(F)(F)F)c1)c1ccccc12,50.0,N#CC1=C(N)Oc2c(N)cc3nc4ccccc4nc3c2C12C(=O)N(Cc1cnnn1-c1cccc(C(F)(F)F)c1)c1ccccc12,HUHWMPKBRATGHS-UHFFFAOYSA-N,0,train
COc1ccc(-c2cnc3cc(C)c(C)cc3n2)cc1O,100.0,COc1ccc(-c2cnc3cc(C)c(C)cc3n2)cc1O,NNUUYMVIGNCZQJ-UHFFFAOYSA-N,0,train
CS(=O)(=O)c1cccc(-c2cnc3[nH]nc(-c4cc(F)cc(NC(=O)Nc5cccnc5)c4)c3c2)c1,11.78,CS(=O)(=O)c1cccc(-c2cnc3[nH]nc(-c4cc(F)cc(NC(=O)Nc5cccnc5)c4)c3c2)c1,GIWIOFZXFSKQTE-UHFFFAOYSA-N,0,train
CNC(=O)c1cc2cc(NCc3cc(NC(=O)c4ccc(CN5CCC(N(C)C)C5)c(C(F)(F)F)c4)ccc3C)cnc2[nH]1,0.083,CNC(=O)c1cc2cc(NCc3cc(NC(=O)c4ccc(CN5CCC(N(C)C)C5)c(C(F)(F)F)c4)ccc3C)cnc2[nH]1,RMDVUUFETKJUDW-UHFFFAOYSA-N,1,train
CNC(=O)c1cc2c(cc1OC)[C@H]1CC[C@]3(C)[C@@H](O)CC[C@H]3[C@@H]1CC2,100.0,CNC(=O)c1cc2c(cc1OC)[C@H]1CC[C@]3(C)[C@@H](O)CC[C@H]3[C@@H]1CC2,PCOAOYBHXWTFLG-VYTZOGDHSA-N,0,train
Cc1ccc(CNC(=O)c2ccccc2Sc2ccc3c(/C=C/c4ccccn4)n[nH]c3c2)o1,0.0036,Cc1ccc(CNC(=O)c2ccccc2Sc2ccc3c(/C=C/c4ccccn4)n[nH]c3c2)o1,JBFRRLMSXLASML-GXDHUFHOSA-N,1,train
CN(C)CCN1C(=O)c2cccc3c(N4CCN(C(=O)CCOCCOCCOCCOCCNC(=O)CCCCC5SCC6NC(=O)NC65)CC4)ccc(c23)C1=O,50.0,CN(C)CCN1C(=O)c2cccc3c(N4CCN(C(=O)CCOCCOCCOCCOCCNC(=O)CCCCC5SCC6NC(=O)NC65)CC4)ccc(c23)C1=O,WSAVTIIIFZBUAF-UHFFFAOYSA-N,0,train
COc1c(O)cc2c(c1OC)C[C@@H](Cc1ccc(O)cc1)CO2,100.0,COc1c(O)cc2c(c1OC)C[C@@H](Cc1ccc(O)cc1)CO2,GJQQGEIHLXMYIR-GFCCVEGCSA-N,0,train
Cc1nnc2n1-c1sc3c(c1C(c1ccc(Cl)cc1)=N[C@H]2CC(=O)NCc1ccc(C(=O)NO)cc1)CCCC3,4.3,Cc1nnc2n1-c1sc3c(c1C(c1ccc(Cl)cc1)=N[C@H]2CC(=O)NCc1ccc(C(=O)NO)cc1)CCCC3,LVZIBPOTOMIFCD-QFIPXVFZSA-N,1,train
CCN(CC)c1ccc2c(COC(=O)Oc3c(COC(=O)N4CCN(c5ccc(Nc6ncc(C)c(Nc7cccc(S(=O)(=O)NC(C)(C)C)c7)n6)cc5)CC4)cc(C)cc3COC(=O)n3cc(NC(=O)NC4CC4)c(-c4nc5cc(CN6CCOCC6)ccc5[nH]4)n3)cc(=O)oc2c1,200.0,CCN(CC)c1ccc2c(COC(=O)Oc3c(COC(=O)N4CCN(c5ccc(Nc6ncc(C)c(Nc7cccc(S(=O)(=O)NC(C)(C)C)c7)n6)cc5)CC4)cc(C)cc3COC(=O)n3cc(NC(=O)NC4CC4)c(-c4nc5cc(CN6CCOCC6)ccc5[nH]4)n3)cc(=O)oc2c1,AOBSZQPIJOJMCD-UHFFFAOYSA-N,0,train
N[C@H](C(=O)NCc1ccccc1)[C@@H]1CC(Br)=NO1,14.9,N[C@H](C(=O)NCc1ccccc1)[C@@H]1CC(Br)=NO1,WXGRGFAUSGQGOC-ONGXEEELSA-N,0,train
COc1cc2c(cc1F)CC[C@@H]1[C@@H]2CC[C@]2(C)[C@@H](O)CC[C@@H]12,2.1,COc1cc2c(cc1F)CC[C@@H]1[C@@H]2CC[C@]2(C)[C@@H](O)CC[C@@H]12,BHQIUNWOBDWNGS-SSTWWWIQSA-N,1,train
C/C(=C\c1csc(C)n1)[C@@H]1CC(=O)C[C@H](O)C(C)(C)C(=O)[C@H](C)[C@@H](O)CCCC[C@H]2O[C@H]2C1,0.0004,C/C(=C\c1csc(C)n1)[C@@H]1CC(=O)C[C@H](O)C(C)(C)C(=O)[C@H](C)[C@@H](O)CCCC[C@H]2O[C@H]2C1,FSIXTDQFYWKUPE-FIJBMSRBSA-N,1,train
CN(C)c1ccc(Nc2nc3cc(Oc4ncnc5c4cnn5C)ccc3n2C)cc1,100.0,CN(C)c1ccc(Nc2nc3cc(Oc4ncnc5c4cnn5C)ccc3n2C)cc1,METTWBMAQQFOTR-UHFFFAOYSA-N,0,train
CN1CCN(Cc2cc(CNC3(c4ccc(F)cc4)CCCC3)ccc2O)CC1,100.0,CN1CCN(Cc2cc(CNC3(c4ccc(F)cc4)CCCC3)ccc2O)CC1,QBVFSXGKEMQSHQ-UHFFFAOYSA-N,0,train
Cc1nc(C)c(CNC(=O)C(O)c2ccccc2)nc1C,55.0,Cc1nc(C)c(CNC(=O)C(O)c2ccccc2)nc1C,FQYSMJWGWOYWPI-UHFFFAOYSA-N,0,train
C[C@H]1[C@H](C)CC[C@]2(C(=O)Nc3cccc4ccccc34)CC[C@]3(C)C(=CC(=O)[C@@H]4[C@@]5(C)C[C@@H](O)[C@H](O)[C@@](C)(CO)[C@@H]5CC[C@]43C)[C@H]12,100.0,C[C@H]1[C@H](C)CC[C@]2(C(=O)Nc3cccc4ccccc34)CC[C@]3(C)C(=CC(=O)[C@@H]4[C@@]5(C)C[C@@H](O)[C@H](O)[C@@](C)(CO)[C@@H]5CC[C@]43C)[C@H]12,PWCXUWNPCKUQBK-BNXZFNHUSA-N,0,train
COc1ccccc1NC(C)=C1C(=O)CC(c2ccccc2C)CC1=O,5.8,COc1ccccc1NC(C)=C1C(=O)CC(c2ccccc2C)CC1=O,BMJKPNIVCXKQKY-UHFFFAOYSA-N,1,train
COc1nc(Nc2ccc3ncsc3c2)nc(NC(C)(C)c2ccccc2)n1,30.0,COc1nc(Nc2ccc3ncsc3c2)nc(NC(C)(C)c2ccccc2)n1,AKDWJKHIBCIRSA-UHFFFAOYSA-N,0,train
Cc1[nH]c(/C=C2\C(=O)N(CCCN(C)C)c3ccc(Cl)cc32)c(C)c1C(=O)N1CCOCC1.Cl,4.21,Cc1[nH]c(/C=C2\C(=O)N(CCCN(C)C)c3ccc(Cl)cc32)c(C)c1C(=O)N1CCOCC1,QWPFPSYZQMQSRI-HKWRFOASSA-N,1,train
O=C(NCc1cc(F)cc(F)c1)[C@@]1(O)CCN(c2ccc3[nH]ncc3c2)C1=O,0.072,O=C(NCc1cc(F)cc(F)c1)[C@@]1(O)CCN(c2ccc3[nH]ncc3c2)C1=O,RNEDPFDUMWDQHL-IBGZPJMESA-N,1,train
COc1cc([C@@H]2c3cc4c(cc3[C@@H](C3CC(c5ccncc5)=CN3)[C@H]3COC(=O)[C@H]23)OCO4)cc(OC)c1O,38.1,COc1cc([C@@H]2c3cc4c(cc3[C@@H](C3CC(c5ccncc5)=CN3)[C@H]3COC(=O)[C@H]23)OCO4)cc(OC)c1O,KSORSKAMRSSGBD-YZSUVSTNSA-N,0,train
CCOc1ccc(/C=C/C(=O)Nc2ccc(NC(=O)[C@@H](O)[C@H](N)CC3CCCCC3)cc2)cc1,1.0,CCOc1ccc(/C=C/C(=O)Nc2ccc(NC(=O)[C@@H](O)[C@H](N)CC3CCCCC3)cc2)cc1,BPAYNJQOTISAGH-VOGWLNIHSA-N,1,train
Clc1cccc(CNc2ncc3c(n2)-c2cccnc2SC3)c1,5.55,Clc1cccc(CNc2ncc3c(n2)-c2cccnc2SC3)c1,ZJYSQUBSMUECOJ-UHFFFAOYSA-N,1,train
COc1ccc2c(c1)SCc1cnc(Nc3ccccc3)nc1-2,4.3,COc1ccc2c(c1)SCc1cnc(Nc3ccccc3)nc1-2,NVEZMSZXHKLMSX-UHFFFAOYSA-N,1,train
Cc1cnc2c3c(ccc2c1)-c1ccccc1S(=O)(=O)N3,8.1,Cc1cnc2c3c(ccc2c1)-c1ccccc1S(=O)(=O)N3,IJYUOIAZTPLDSK-UHFFFAOYSA-N,1,train
COc1ccc2c(c1)[C@]1(C[C@H]1c1ccc3c(/C=C/c4ccc(CN5CCCCC5)cc4)n[nH]c3c1)C(=O)N2,50.0,COc1ccc2c(c1)[C@]1(C[C@H]1c1ccc3c(/C=C/c4ccc(CN5CCCCC5)cc4)n[nH]c3c1)C(=O)N2,BVEKREGXHABVFX-KQWMEKAXSA-N,0,train
O=C(O)C(O)C(O)C(=O)O.O=c1[nH]c(CN2CCCCC2)nc2cc(-c3cn(Cc4ccccc4)c4ccccc34)sc12,0.031,O=c1[nH]c(CN2CCCCC2)nc2cc(-c3cn(Cc4ccccc4)c4ccccc34)sc12,OSXBLXROEBGFAD-UHFFFAOYSA-N,1,train
CN(C)CCNCC(=O)Nc1cc(CSc2ncccc2C(=O)Nc2ccc(OC(F)(F)F)cc2)ccn1,0.018,CN(C)CCNCC(=O)Nc1cc(CSc2ncccc2C(=O)Nc2ccc(OC(F)(F)F)cc2)ccn1,FIIFHKDXMTXXNS-UHFFFAOYSA-N,1,train
Cc1ccc(S(C)(=O)=O)cc1Nc1nccc(Oc2ccc3c(C(=O)Nc4ccccc4)cccc3c2)n1,0.0195,Cc1ccc(S(C)(=O)=O)cc1Nc1nccc(Oc2ccc3c(C(=O)Nc4ccccc4)cccc3c2)n1,ZYNCIELLIWEIMR-UHFFFAOYSA-N,1,train
CC[C@H](C)[C@@H]1NC(=O)[C@H](C)NC(=O)[C@H](CO)NC(=O)[C@H](CO)NC(=O)[C@H]([C@@H](C)CC)NC(=O)[C@@H]2CSSC[C@@H]3NC(=O)[C@H](C(C)C)NC(=O)[C@H](CCCCN)NC(=O)[C@H](CO)NC(=O)[C@H](CCCCN)NC(=O)[C@@H]4CSSC[C@H](NC(=O)[C@H](CO)NC(=O)[C@H](CCC(=O)O)NC(=O)CNC(=O)[C@H](CSSC[C@H](NC(=O)CNC1=O)C(=O)N[C@@H](CO)C(=O)N4)NC(=O)[C@@H]1CCCN1C(=O)[C@H]([C@@H](C)CC)NC(=O)CNC(=O)[C@H](CC(N)=O)NC(=O)[C@H](CCCNC(=N)N)NC(=O)[C@H](Cc1ccc(O)cc1)NC3=O)C(=O)N[C@@H](C(C)C)C(=O)N[C@@H](Cc1c[nH]c3ccccc13)C(=O)N[C@@H]([C@@H](C)CC)C(=O)N1CCC[C@H]1C(=O)N2,0.35,CC[C@H](C)[C@@H]1NC(=O)[C@H](C)NC(=O)[C@H](CO)NC(=O)[C@H](CO)NC(=O)[C@H]([C@@H](C)CC)NC(=O)[C@@H]2CSSC[C@@H]3NC(=O)[C@H](C(C)C)NC(=O)[C@H](CCCCN)NC(=O)[C@H](CO)NC(=O)[C@H](CCCCN)NC(=O)[C@@H]4CSSC[C@H](NC(=O)[C@H](CO)NC(=O)[C@H](CCC(=O)O)NC(=O)CNC(=O)[C@H](CSSC[C@H](NC(=O)CNC1=O)C(=O)N[C@@H](CO)C(=O)N4)NC(=O)[C@@H]1CCCN1C(=O)[C@H]([C@@H](C)CC)NC(=O)CNC(=O)[C@H](CC(N)=O)NC(=O)[C@H](CCCNC(=N)N)NC(=O)[C@H](Cc1ccc(O)cc1)NC3=O)C(=O)N[C@@H](C(C)C)C(=O)N[C@@H](Cc1c[nH]c3ccccc13)C(=O)N[C@@H]([C@@H](C)CC)C(=O)N1CCC[C@H]1C(=O)N2,LNKLNUAMTRHBLB-CGJDGIRVSA-N,1,train
N#CC1=C(N)Oc2c(c3nc4ccccc4nc3c3ccccc23)C12C(=O)N(Cc1cnnn1-c1ccc(N)cc1)c1ccccc12,50.0,N#CC1=C(N)Oc2c(c3nc4ccccc4nc3c3ccccc23)C12C(=O)N(Cc1cnnn1-c1ccc(N)cc1)c1ccccc12,QFUZLMDNMVVWCE-UHFFFAOYSA-N,0,train
C=CC(=O)Nc1cc(Cn2ccc3ncnc(Cl)c32)ccc1F,79.34,C=CC(=O)Nc1cc(Cn2ccc3ncnc(Cl)c32)ccc1F,OLBNRICVVSTPAU-UHFFFAOYSA-N,0,train
COc1ccc2ccc(C(N)=O)c(OC(C)C)c2c1,5.2,COc1ccc2ccc(C(N)=O)c(OC(C)C)c2c1,CUZLZKSVOLGXQD-UHFFFAOYSA-N,1,train
CN(/N=C1\CCCc2cccnc21)c1nc2ccccc2s1,22.272,CN(/N=C1\CCCc2cccnc21)c1nc2ccccc2s1,YEWPAJRJDFPOJU-XSFVSMFZSA-N,0,train
COc1ccc(-c2nc(Cl)cc(Oc3ccc(OCCN(C)C)cc3)n2)cc1,40.0,COc1ccc(-c2nc(Cl)cc(Oc3ccc(OCCN(C)C)cc3)n2)cc1,VJOSVFISFSCMQU-UHFFFAOYSA-N,0,train
O=C(c1cccc(NC(=O)c2cc(Cl)ccn2)c1)c1ccc2c(/C=C/c3ccccn3)n[nH]c2c1,0.0075,O=C(c1cccc(NC(=O)c2cc(Cl)ccn2)c1)c1ccc2c(/C=C/c3ccccn3)n[nH]c2c1,KPCGFIVUAWLEKF-CSKARUKUSA-N,1,train
COc1ccc(C2=[N+]3C(=Nc4c(-c5ccccc5)c5c(n4[B-]3(F)F)-c3ccc(OC)cc3CC5)C(c3ccccc3)=C2I)cc1,0.0888,COc1ccc(C2=[N+]3C(=Nc4c(-c5ccccc5)c5c(n4[B-]3(F)F)-c3ccc(OC)cc3CC5)C(c3ccccc3)=C2I)cc1,NQXAMUFDUQZUGA-UHFFFAOYSA-N,1,train
COc1ccc(-c2coc3c4c(ccc3c2=O)OC(C)(C)C=C4)c(OC)c1,10.0,COc1ccc(-c2coc3c4c(ccc3c2=O)OC(C)(C)C=C4)c(OC)c1,GRSUELDJPNCZJD-UHFFFAOYSA-N,1,train
COc1cc2c(cc1O)CC[C@@H]1[C@@H]2CC[C@]2(C)C(C(N)=O)CC[C@@H]12,4.55,COc1cc2c(cc1O)CC[C@@H]1[C@@H]2CC[C@]2(C)C(C(N)=O)CC[C@@H]12,NOMXUKYQQHVOQD-GIVGKIPPSA-N,1,train
COc1cc(C2Oc3cc([C@H]4Oc5cc(O)cc(O)c5C(=O)[C@@H]4O)ccc3OC2COC(=O)c2cc(O)c(O)c(O)c2)ccc1O,11.59,COc1cc(C2Oc3cc([C@H]4Oc5cc(O)cc(O)c5C(=O)[C@@H]4O)ccc3OC2COC(=O)c2cc(O)c(O)c(O)c2)ccc1O,OGEVRBNWDNRUDE-PPAMPUCNSA-N,0,train
CCOP(=O)(OCC)C1CC(Cn2c(=O)n(C(=O)c3cccc(F)c3)c(=O)c3ccccc32)ON1Cc1ccccc1,250.0,CCOP(=O)(OCC)C1CC(Cn2c(=O)n(C(=O)c3cccc(F)c3)c(=O)c3ccccc32)ON1Cc1ccccc1,RMDHLFBXEZDNSQ-UHFFFAOYSA-N,0,train
COc1cc([C@@H]2c3cc4c(cc3[C@@H](O[C@@H]3O[C@@H]5CO[C@@H](C)O[C@H]5[C@H](O)[C@H]3O)[C@H]3COC(=O)[C@H]23)OCO4)cc(OC)c1O,1.25,COc1cc([C@@H]2c3cc4c(cc3[C@@H](O[C@@H]3O[C@@H]5CO[C@@H](C)O[C@H]5[C@H](O)[C@H]3O)[C@H]3COC(=O)[C@H]23)OCO4)cc(OC)c1O,VJJPUSNTGOMMGY-MRVIYFEKSA-N,1,train
CC(=O)N[C@@H](CCCCN)C(=O)N(CC(=O)N[C@@H](CCCCNC(=N)N)C(=O)N(CC(=O)N[C@@H](CCCCN)C(=O)N(CC(=O)N[C@@H](CCCCNC(=N)N)C(=O)N(CC(=O)N[C@@H](CCCCN)C(=O)N(CC(=O)N[C@@H](CCCCNC(=N)N)C(=O)N(CC(N)=O)Cc1ccccc1)Cc1ccccc1)Cc1ccccc1)Cc1ccccc1)Cc1ccccc1)Cc1ccccc1,1000.0,CC(=O)N[C@@H](CCCCN)C(=O)N(CC(=O)N[C@@H](CCCCNC(=N)N)C(=O)N(CC(=O)N[C@@H](CCCCN)C(=O)N(CC(=O)N[C@@H](CCCCNC(=N)N)C(=O)N(CC(=O)N[C@@H](CCCCN)C(=O)N(CC(=O)N[C@@H](CCCCNC(=N)N)C(=O)N(CC(N)=O)Cc1ccccc1)Cc1ccccc1)Cc1ccccc1)Cc1ccccc1)Cc1ccccc1)Cc1ccccc1,SQYMGLDXMJNHMR-GGKTURMYSA-N,0,train
O=C(Nc1ccc(Br)cc1)Nc1ccc(-c2ccnc3[nH]ccc23)cc1,50.0,O=C(Nc1ccc(Br)cc1)Nc1ccc(-c2ccnc3[nH]ccc23)cc1,IAZMYYKZLQPFHQ-UHFFFAOYSA-N,0,train
CN(C)S(=O)(=O)c1ccc(OC/C(=C\F)CN)cc1,100.0,CN(C)S(=O)(=O)c1ccc(OC/C(=C\F)CN)cc1,QESDALNWZLIPAA-YFHOEESVSA-N,0,train
COc1ccc(CNc2ncc3c(n2)-c2cccnc2SC3)cc1,16.3,COc1ccc(CNc2ncc3c(n2)-c2cccnc2SC3)cc1,SFBMPIUEAIEHPL-UHFFFAOYSA-N,0,train
NC(=O)CCC(C(=O)O)N1C(=O)C(c2ccccc2)=C(c2ccccc2)C1=O,50.0,NC(=O)CCC(C(=O)O)N1C(=O)C(c2ccccc2)=C(c2ccccc2)C1=O,AAMCPZNFHTZHHO-UHFFFAOYSA-N,0,train
COCc1cc2c(cc1O)CC[C@@H]1[C@@H]2CC[C@]2(C)[C@@H](O)CC[C@@H]12,28.75,COCc1cc2c(cc1O)CC[C@@H]1[C@@H]2CC[C@]2(C)[C@@H](O)CC[C@@H]12,JMPWQPBBPXSYDS-SSGANFLRSA-N,0,train
CCC(C)n1ncn(-c2ccc(N3CCN(c4ccc(OC[C@@H]5CO[C@@](Cn6ccnc6-c6ccccc6)(c6ccc(Cl)cc6Cl)O5)cc4)CC3)cc2)c1=O,0.136,CCC(C)n1ncn(-c2ccc(N3CCN(c4ccc(OC[C@@H]5CO[C@@](Cn6ccnc6-c6ccccc6)(c6ccc(Cl)cc6Cl)O5)cc4)CC3)cc2)c1=O,QAKSIQRSKKCVNR-TXPSRRCXSA-N,1,train
COc1cc(C2Oc3cc([C@H]4Oc5cc(O)cc(O)c5C(=O)[C@@H]4O)ccc3OC2CO)ccc1O,9.99,COc1cc(C2Oc3cc([C@H]4Oc5cc(O)cc(O)c5C(=O)[C@@H]4O)ccc3OC2CO)ccc1O,SEBFKMXJBCUCAI-DBMPWETRSA-N,1,train
N#CC1=C(N)Oc2c(N)cc3nc4ccccc4nc3c2C12C(=O)N(Cc1cnnn1-c1c(F)cccc1F)c1ccccc12,50.0,N#CC1=C(N)Oc2c(N)cc3nc4ccccc4nc3c2C12C(=O)N(Cc1cnnn1-c1c(F)cccc1F)c1ccccc12,SOYSPCFAHTVSOI-UHFFFAOYSA-N,0,train
COc1cc2c(cc1O)[C@@]1(COc3cc(O)cc(O)c3C1=O)C2,100.0,COc1cc2c(cc1O)[C@@]1(COc3cc(O)cc(O)c3C1=O)C2,UVAGPWQTXXDQIY-KRWDZBQOSA-N,0,train
Clc1cccc(Nc2ncc3c(n2)-c2cccnc2SC3)c1,4.39,Clc1cccc(Nc2ncc3c(n2)-c2cccnc2SC3)c1,PPPPZFZRCLSHTJ-UHFFFAOYSA-N,1,train
COc1cc(Br)c2c(c1O)C(=O)c1c3c(cc(O)c1C2=O)[C@@]12O[C@@]1([C@@H](C)O)[C@H](C#C/C=C\C#C[C@H]2O)N3,0.0226999999999999,COc1cc(Br)c2c(c1O)C(=O)c1c3c(cc(O)c1C2=O)[C@@]12O[C@@]1([C@@H](C)O)[C@H](C#C/C=C\C#C[C@H]2O)N3,IVERSYYSACQXTK-AJKXHBPUSA-N,1,train
CN1CCC(COc2ccc3c(Nc4ccc(NC(=O)NC5CC5)cc4)ncnc3c2)CC1,0.324,CN1CCC(COc2ccc3c(Nc4ccc(NC(=O)NC5CC5)cc4)ncnc3c2)CC1,VQOCZYLBCXJOCL-UHFFFAOYSA-N,1,train
Cc1ccc(Nc2nccc(N(C)c3ccc4c(C)n(C)nc4c3)n2)cc1-c1nc2c(C(N)=O)cccc2[nH]1,2.2,Cc1ccc(Nc2nccc(N(C)c3ccc4c(C)n(C)nc4c3)n2)cc1-c1nc2c(C(N)=O)cccc2[nH]1,DCYHJVFMNYSPNT-UHFFFAOYSA-N,1,train
COc1ccc(C2CCC2c2cc(OC)c(OC)c(OC)c2)cc1O,1.6,COc1ccc(C2CCC2c2cc(OC)c(OC)c(OC)c2)cc1O,TVVULHQQZQSLNZ-UHFFFAOYSA-N,1,train
COc1ccc2c(Oc3ccc4c(C(=O)NC5CC5)cccc4c3)ccnc2c1,0.0034,COc1ccc2c(Oc3ccc4c(C(=O)NC5CC5)cccc4c3)ccnc2c1,VCDOUBNPUAACRA-UHFFFAOYSA-N,1,train
FC(F)(F)c1ccc(NC2=NCc3c([nH]c4ccccc34)S2)cc1,68.5,FC(F)(F)c1ccc(NC2=NCc3c([nH]c4ccccc34)S2)cc1,RQFNGKRCGOWOER-UHFFFAOYSA-N,0,train
Cc1ccc(CC(=O)Nc2ccc3oc(-c4ccccc4Cl)nc3c2)cc1,16.26,Cc1ccc(CC(=O)Nc2ccc3oc(-c4ccccc4Cl)nc3c2)cc1,RDGISNOOOWBMDE-UHFFFAOYSA-N,0,train
CC[C@@H](C)[C@H](NC(=O)[C@H](CC(C)C)NC(=O)[C@H](CO)NC(=O)[C@H](CO)NC(=O)[C@H](C)NC(=O)[C@@H](NC(=O)[C@H](CCCCN)NC(=O)[C@@H](NC(=O)[C@@H](NC(=O)[C@H](CCCCN)NC(=O)CNC(=O)[C@H](CC(C)C)NC(=O)[C@H](CC(C)C)NC(=O)[C@H](CCCCN)NC(=O)[C@H](C)NC(=O)[C@@H](Cc1ccccc1)NC(=O)[C@@H](NC(=O)[C@@H]1CCCN1C(=O)[C@@H](Cc1ccccc1)NC(=O)[C@H](NC(=O)CN)[C@@H](C)CC)[C@@H](C)CC)C(C)C)[C@@H](C)CC)C(C)C)C(=O)N[C@@H](CO)C(=O)N[C@@H](CCCCN)C(=O)NCC(=O)N[C@@H](CCCNC(=N)N)C(=O)N[C@H](C(=O)N[C@H](CCCCN)C(=O)O)[C@@H](C)O,5.0,CC[C@@H](C)[C@H](NC(=O)[C@H](CC(C)C)NC(=O)[C@H](CO)NC(=O)[C@H](CO)NC(=O)[C@H](C)NC(=O)[C@@H](NC(=O)[C@H](CCCCN)NC(=O)[C@@H](NC(=O)[C@@H](NC(=O)[C@H](CCCCN)NC(=O)CNC(=O)[C@H](CC(C)C)NC(=O)[C@H](CC(C)C)NC(=O)[C@H](CCCCN)NC(=O)[C@H](C)NC(=O)[C@@H](Cc1ccccc1)NC(=O)[C@@H](NC(=O)[C@@H]1CCCN1C(=O)[C@@H](Cc1ccccc1)NC(=O)[C@H](NC(=O)CN)[C@@H](C)CC)[C@@H](C)CC)C(C)C)[C@@H](C)CC)C(C)C)C(=O)N[C@@H](CO)C(=O)N[C@@H](CCCCN)C(=O)NCC(=O)N[C@@H](CCCNC(=N)N)C(=O)N[C@H](C(=O)N[C@H](CCCCN)C(=O)O)[C@@H](C)O,DFRTZYQJIKOUPD-JHQQUZLRSA-N,1,train
CCC[C@@H]1C[C@H]2[C@@H]3CCc4cc(O)c(OC)cc4[C@H]3CC[C@]2(C)[C@H]1O,6.55,CCC[C@@H]1C[C@H]2[C@@H]3CCc4cc(O)c(OC)cc4[C@H]3CC[C@]2(C)[C@H]1O,VQFPZRWSHYTWIV-OSWJDQBTSA-N,1,train
CCOP(=O)(OCC)C1CC(Cn2c(=O)n(C(=O)c3ccccc3F)c(=O)c3ccccc32)ON1C,250.0,CCOP(=O)(OCC)C1CC(Cn2c(=O)n(C(=O)c3ccccc3F)c(=O)c3ccccc32)ON1C,WQWTWLVWOSMELQ-UHFFFAOYSA-N,0,train
Cc1ccccc1Sc1cncc2sc(C(N)=O)cc12,68.0,Cc1ccccc1Sc1cncc2sc(C(N)=O)cc12,UKYJEJDOFBKSDL-UHFFFAOYSA-N,0,train
COc1cc(/C=C2\CCCn3c2nc2c(O)cccc2c3=O)cc(OC)c1O,20.0,COc1cc(/C=C2\CCCn3c2nc2c(O)cccc2c3=O)cc(OC)c1O,YXEMVXFAVKFTEE-UKTHLTGXSA-N,0,train
O=C1Nc2ccccc2[C@]12C[C@H]2c1ccc2c(/C=C/c3ccc(N4CCNCC4)cc3)n[nH]c2c1,21.0,O=C1Nc2ccccc2[C@]12C[C@H]2c1ccc2c(/C=C/c3ccc(N4CCNCC4)cc3)n[nH]c2c1,FJXHOUJMCHOYIO-QCPDJZBESA-N,0,train
CCC(C)C(=O)c1c(O)cc(O)c2c1O[C@]1(C)CCCC(C)(C)[C@H]1C2,16.6,CCC(C)C(=O)c1c(O)cc(O)c2c1O[C@]1(C)CCCC(C)(C)[C@H]1C2,OHOUGQQSZUNTBK-DMXAWCJTSA-N,0,train
C=C(c1cccc(NC(=O)OCc2ccccc2)c1)c1ccc2c(/C=C/c3ccccc3)n[nH]c2c1,0.038,C=C(c1cccc(NC(=O)OCc2ccccc2)c1)c1ccc2c(/C=C/c3ccccc3)n[nH]c2c1,MRVKEMMUEIFDAL-OBGWFSINSA-N,1,train
COc1c(C)cnc(C[S+]([O-])c2nnc(-c3ccccc3O)o2)c1C,8.0,COc1c(C)cnc(C[S+]([O-])c2nnc(-c3ccccc3O)o2)c1C,IUFREXRPGMPFOM-UHFFFAOYSA-N,1,train
Cc1ccc(NC(=O)Cn2cc(-c3ccc4c(NC(=O)c5ccc(NC(=O)CCCCC(=O)N6CCN(CCCC(=O)N[C@H](C(=O)N7C[C@H](O)C[C@H]7C(=O)NCc7ccc(-c8scnc8C)cc7)C(C)(C)C)CC6)cc5)n[nH]c4c3)cn2)cc1C(F)(F)F,10.93,Cc1ccc(NC(=O)Cn2cc(-c3ccc4c(NC(=O)c5ccc(NC(=O)CCCCC(=O)N6CCN(CCCC(=O)N[C@H](C(=O)N7C[C@H](O)C[C@H]7C(=O)NCc7ccc(-c8scnc8C)cc7)C(C)(C)C)CC6)cc5)n[nH]c4c3)cn2)cc1C(F)(F)F,VIARBVKXROIWQK-NSONYEDRSA-N,0,train
CCCCCc1cccc(B2OC(C)(C)C(C)(C)O2)c1,35.0,CCCCCc1cccc(B2OC(C)(C)C(C)(C)O2)c1,ANOKHFHSDKTWHA-UHFFFAOYSA-N,0,train
CCN1CCC(Nc2ccc3c(c2)C(=C(c2ccccc2)c2ncc[nH]2)C(=O)N3)CC1,0.235,CCN1CCC(Nc2ccc3c(c2)C(=C(c2ccccc2)c2ncc[nH]2)C(=O)N3)CC1,PAUHYDQXWBOZBD-UHFFFAOYSA-N,1,train
COc1cc(C(=O)c2c(C)oc3c(O)c(OC)ccc23)cc(OC)c1OC,0.00031,COc1cc(C(=O)c2c(C)oc3c(O)c(OC)ccc23)cc(OC)c1OC,RADMJHVVIZTENA-UHFFFAOYSA-N,1,train
CC(C)ONC(=O)c1ccccc1Sc1ccc2c(/C=C/c3ccccn3)n[nH]c2c1,0.0022,CC(C)ONC(=O)c1ccccc1Sc1ccc2c(/C=C/c3ccccn3)n[nH]c2c1,IZBHZMVZEZGSIK-JLHYYAGUSA-N,1,train
COc1cc(CC(=O)Nc2ccc3oc(-c4ccc(Cl)cc4)nc3c2)cc(OC)c1OC,13.26,COc1cc(CC(=O)Nc2ccc3oc(-c4ccc(Cl)cc4)nc3c2)cc(OC)c1OC,ZNKCMVVHSMZELL-UHFFFAOYSA-N,0,train
Nc1ccc2c(c1)/C(=N\O)C(c1c[nH]c3ccc(N)cc13)=N2,100.0,Nc1ccc2c(c1)/C(=N\O)C(c1c[nH]c3ccc(N)cc13)=N2,PJDJUAIHESTQLO-LTGZKZEYSA-N,0,train
Cc1ccc2nc(Cl)c(/C=N/n3cc(-c4ccc(Cl)cc4)nc3N)cc2c1,38.5,Cc1ccc2nc(Cl)c(/C=N/n3cc(-c4ccc(Cl)cc4)nc3N)cc2c1,IBKUUXLRTFUYCR-YSURURNPSA-N,0,train
COc1ccc(Nc2ncc3c(n2)-c2ccc(Cl)cc2SC3)cc1,16.4,COc1ccc(Nc2ncc3c(n2)-c2ccc(Cl)cc2SC3)cc1,YBRIVXKFUFUDFB-UHFFFAOYSA-N,0,train
C[C@@H]1CC[C@H]2[C@@H](C)C(OCCn3nncc3-c3cccc4ccccc34)O[C@@H]3O[C@@]4(C)CC[C@@H]1[C@]32OO4,24.0,C[C@@H]1CC[C@H]2[C@@H](C)C(OCCn3nncc3-c3cccc4ccccc34)O[C@@H]3O[C@@]4(C)CC[C@@H]1[C@]32OO4,ZVHZXKYLDMIQDS-KXLXBGTJSA-N,0,train
COc1cc(-c2ccc3c(/C=C/c4ccc(OC)c(OC)c4)n[nH]c3c2)ccc1O,0.054,COc1cc(-c2ccc3c(/C=C/c4ccc(OC)c(OC)c4)n[nH]c3c2)ccc1O,XTZUWEGTTUIMBG-RUDMXATFSA-N,1,train
COc1cc2nccc(Oc3ccc4c(C(=O)Nc5cccnc5)cccc4c3)c2cc1OC,0.002,COc1cc2nccc(Oc3ccc4c(C(=O)Nc5cccnc5)cccc4c3)c2cc1OC,BVGNPHZIUYGPRQ-UHFFFAOYSA-N,1,train
C=CCn1nc(C)cc1C(=O)Nc1cccc(C(=O)c2ccc3c(/C=C/c4ccccn4)n[nH]c3c2)c1,0.0038,C=CCn1nc(C)cc1C(=O)Nc1cccc(C(=O)c2ccc3c(/C=C/c4ccccn4)n[nH]c3c2)c1,XUUNXZMEDFJTJM-ACCUITESSA-N,1,train
Nc1nc2[nH]c(CCNC(=O)c3ccc(C(=O)NCc4cccnc4)cc3)cc2c(=O)[nH]1,2.97,Nc1nc2[nH]c(CCNC(=O)c3ccc(C(=O)NCc4cccnc4)cc3)cc2c(=O)[nH]1,XVEHMXAYEWAUAY-UHFFFAOYSA-N,1,train
CO[C@H]1[C@@H]([C@@]2(C)O[C@@H]2CC=C(C)C)[C@]2(CC[C@H]1OC(=O)NCCC1CCC[N+]1(C)C)CO2.[I-],0.1,CO[C@H]1[C@@H]([C@@]2(C)O[C@@H]2CC=C(C)C)[C@]2(CC[C@H]1OC(=O)NCCC1CCC[N+]1(C)C)CO2,QIGXZZSYTSYQSV-XQLHFSGXSA-O,1,train
COc1cc([C@H]2Oc3cc(O)cc(O)c3C[C@H]2O)ccc1O,7.9,COc1cc([C@H]2Oc3cc(O)cc(O)c3C[C@H]2O)ccc1O,NJHJXXLBWQXMRO-CZUORRHYSA-N,1,train
CCOP(=O)(OCC)C(NC(=O)c1cc(O)c2c(c1)C(=O)c1cccc(O)c1C2=O)c1ccccc1Cl,100.0,CCOP(=O)(OCC)C(NC(=O)c1cc(O)c2c(c1)C(=O)c1cccc(O)c1C2=O)c1ccccc1Cl,QUPLOXUNVLUZKY-UHFFFAOYSA-N,0,train
CNC(=O)c1cc(Oc2ccc(NC(=O)Nc3ccc(OC(F)(F)F)cc3)cc2)ccn1,25.0,CNC(=O)c1cc(Oc2ccc(NC(=O)Nc3ccc(OC(F)(F)F)cc3)cc2)ccn1,OUNLWXRDCKWIDY-UHFFFAOYSA-N,0,train
CCN1CCN(Cc2cc(CNC3(c4ccccc4F)CCCC3)ccc2O)CC1,100.0,CCN1CCN(Cc2cc(CNC3(c4ccccc4F)CCCC3)ccc2O)CC1,ISUSVGOJLVFOOD-UHFFFAOYSA-N,0,train
CNC(=O)C1=CC[C@@]23CC[C@@H]([C@@](C)(/C=C/C=C(\C)C(=O)O)OC2=O)[C@@]3(OC(C)=O)CC1,5.0,CNC(=O)C1=CC[C@@]23CC[C@@H]([C@@](C)(/C=C/C=C(\C)C(=O)O)OC2=O)[C@@]3(OC(C)=O)CC1,OWKSDQLDHNUPSK-YDRCMHEVSA-N,1,train
N=C(N)SCC1c2ccccc2CCc2ccccc21,50.0,N=C(N)SCC1c2ccccc2CCc2ccccc21,QTIDSNPTXSDLCR-UHFFFAOYSA-N,0,train
CC(=O)Oc1ccccc1C(=O)O,5000.0,CC(=O)Oc1ccccc1C(=O)O,BSYNRYMUTXBXSQ-UHFFFAOYSA-N,0,train
CN1CCC(COc2ccc3c(Nc4ccc(NC(=O)Nc5ccc(Br)cc5F)cc4)ncnc3c2)CC1,0.233,CN1CCC(COc2ccc3c(Nc4ccc(NC(=O)Nc5ccc(Br)cc5F)cc4)ncnc3c2)CC1,NUVLAIWRNGFACE-UHFFFAOYSA-N,1,train
O=C1COc2ccccc2N1Cc1cn(CCC2OCCO2)nn1,115.0,O=C1COc2ccccc2N1Cc1cn(CCC2OCCO2)nn1,VIKZNCWWVAYWBJ-UHFFFAOYSA-N,0,train
COc1cc2c(cc1N)CC[C@@H]1[C@@H]2CC[C@]2(C)C(=O)CC[C@@H]12,23.42,COc1cc2c(cc1N)CC[C@@H]1[C@@H]2CC[C@]2(C)C(=O)CC[C@@H]12,FHMCZPRVDFBWPZ-QPWUGHHJSA-N,0,train
CC1(C)C=Cc2c(ccc3c(=O)c(-c4ccc5c(c4)OCCO5)coc23)O1,10.0,CC1(C)C=Cc2c(ccc3c(=O)c(-c4ccc5c(c4)OCCO5)coc23)O1,ALRLTZFAQOPAFE-UHFFFAOYSA-N,1,train
CCCCCCCCCCCCCCN(N)C(=O)OC(C)(C)C,27.1,CCCCCCCCCCCCCCN(N)C(=O)OC(C)(C)C,ULXMCDAATYUPLS-UHFFFAOYSA-N,0,train
O=C1c2ccccc2C(=O)c2c3c(cc(O)c21)[C@@]12O[C@@]1([C@H](O)CO)[C@H](C#C/C=C\C#C[C@H]2O)N3,0.0003,O=C1c2ccccc2C(=O)c2c3c(cc(O)c21)[C@@]12O[C@@]1([C@H](O)CO)[C@H](C#C/C=C\C#C[C@H]2O)N3,LPUJFXOPSMZKRQ-HKZZBQCASA-N,1,train
CCC(C)n1ncn(-c2ccc(N3CCN(c4ccc(OC[C@@H]5CO[C@@](Cn6cnnn6)(c6ccc(Cl)cc6Cl)O5)cn4)CC3)cc2)c1=O,0.0770999999999999,CCC(C)n1ncn(-c2ccc(N3CCN(c4ccc(OC[C@@H]5CO[C@@](Cn6cnnn6)(c6ccc(Cl)cc6Cl)O5)cn4)CC3)cc2)c1=O,LOAKYLZGEHLEMW-YTQLCDCXSA-N,1,train
CC(C)(C)C1CC(O)OO1,12.23,CC(C)(C)C1CC(O)OO1,MSPZLEFROYTVJR-UHFFFAOYSA-N,0,train
C=C1C(=O)C=C[C@]2(C)[C@@H]1CC[C@@]13CC(=O)[C@@](C)(CC[C@H]12)C3,15.0,C=C1C(=O)C=C[C@]2(C)[C@@H]1CC[C@@]13CC(=O)[C@@](C)(CC[C@H]12)C3,AOZQVVJKWSEDBC-VXKGYBDPSA-N,0,train
CC(C)c1ccc2c(c1)CC[C@H]1[C@](C)(CNC(=O)c3cncn3C)CCC[C@]21C,57.78,CC(C)c1ccc2c(c1)CC[C@H]1[C@](C)(CNC(=O)c3cncn3C)CCC[C@]21C,VOVVGGQZDFWSSH-ZKMPZPQNSA-N,0,train
Nc1nc2[nH]c(CCNC(=O)c3ccc(C(=O)NCc4ccccn4)cc3)cc2c(=O)[nH]1,5.93,Nc1nc2[nH]c(CCNC(=O)c3ccc(C(=O)NCc4ccccn4)cc3)cc2c(=O)[nH]1,ONYRJHABYLBZJN-UHFFFAOYSA-N,1,train
CONC(=O)c1ccccc1Sc1ccc2c(/C=C/c3ccccn3)n[nH]c2c1,0.0003599999999999,CONC(=O)c1ccccc1Sc1ccc2c(/C=C/c3ccccn3)n[nH]c2c1,KKJCDJULBOTJNL-FMIVXFBMSA-N,1,train
Clc1ccc(-c2ncc3c(n2)-c2cccnc2SC3)cc1,10.2,Clc1ccc(-c2ncc3c(n2)-c2cccnc2SC3)cc1,GUSYOISXWNFBSO-UHFFFAOYSA-N,0,train
C=CCc1cc(-c2ccc(NC(C)=O)cc2)ccc1OC,100.0,C=CCc1cc(-c2ccc(NC(C)=O)cc2)ccc1OC,LYBVUMVMMXWTJQ-UHFFFAOYSA-N,0,train
CN(C)S(=O)(=O)c1cccc(OC/C(=C\F)CN)c1,100.0,CN(C)S(=O)(=O)c1cccc(OC/C(=C\F)CN)c1,KCDCEQIXXWMJGX-YFHOEESVSA-N,0,train
CNC(=O)c1ccc(Nc2ncc(C(F)(F)F)c(Nc3ccc(N)cc3)n2)cc1,1.13,CNC(=O)c1ccc(Nc2ncc(C(F)(F)F)c(Nc3ccc(N)cc3)n2)cc1,PIBTUIXJYMXWAY-UHFFFAOYSA-N,1,train
Cc1ccoc1C(=O)N1CCN(C(=O)c2ccc(-c3nc4c(C(N)=O)cccc4[nH]3)cc2F)CC1C,85.27,Cc1ccoc1C(=O)N1CCN(C(=O)c2ccc(-c3nc4c(C(N)=O)cccc4[nH]3)cc2F)CC1C,YGMNJMCOSLZKRR-UHFFFAOYSA-N,0,train
O=C(NOCC1CC1)c1ccc(F)c(F)c1Nc1ccc(I)cc1Cl,0.58,O=C(NOCC1CC1)c1ccc(F)c(F)c1Nc1ccc(I)cc1Cl,GFMMXOIFOQCCGU-UHFFFAOYSA-N,1,train
CC(C)OC(=O)Nc1cccc(C(=O)c2ccc3c(/C=C/c4ccccn4)n[nH]c3c2)c1,0.03,CC(C)OC(=O)Nc1cccc(C(=O)c2ccc3c(/C=C/c4ccccn4)n[nH]c3c2)c1,FIESXSPLIMXBER-ZRDIBKRKSA-N,1,train
CN1CCN(CCNc2nc3cc(Cl)ccc3c3c2/C(=N/O)c2ccccc2-3)CC1,2.938,CN1CCN(CCNc2nc3cc(Cl)ccc3c3c2/C(=N/O)c2ccccc2-3)CC1,IBDMUQBSIHAZPO-HPNDGRJYSA-N,1,train
N=C(N)NCCC[C@H](N)C(=O)NCC(=O)N[C@@H](CC(=O)O)C(=O)N[C@@H](CO)C(=O)O,3.5,N=C(N)NCCC[C@H](N)C(=O)NCC(=O)N[C@@H](CC(=O)O)C(=O)N[C@@H](CO)C(=O)O,NNRFRJQMBSBXGO-CIUDSAMLSA-N,1,train
CCOP(=O)(OCC)C(NC(=O)C(C)Oc1ccc2c(c1O)C(=O)c1ccccc1C2=O)c1ccccc1,50.0,CCOP(=O)(OCC)C(NC(=O)C(C)Oc1ccc2c(c1O)C(=O)c1ccccc1C2=O)c1ccccc1,XKVIREVAZLSBIJ-UHFFFAOYSA-N,0,train
CC[C@H]1OC(=O)[C@H](C)[C@@H](O[C@H]2C[C@@](C)(OC)[C@@H](O)[C@H](C)O2)[C@H](C)[C@@H](O[C@@H]2O[C@H](C)C[C@H](N(C)C)[C@H]2O)[C@](C)(O)C[C@@H](C)/C(=N\OCOCCOC)[C@H](C)[C@@H](O)[C@]1(C)O,100.0,CC[C@H]1OC(=O)[C@H](C)[C@@H](O[C@H]2C[C@@](C)(OC)[C@@H](O)[C@H](C)O2)[C@H](C)[C@@H](O[C@@H]2O[C@H](C)C[C@H](N(C)C)[C@H]2O)[C@](C)(O)C[C@@H](C)/C(=N\OCOCCOC)[C@H](C)[C@@H](O)[C@]1(C)O,RXZBMPWDPOLZGW-XMRMVWPWSA-N,0,train
COc1ccc2c(c1)CCc1c(-c3ccc(OC)c(OC)c3)noc1-2,100.0,COc1ccc2c(c1)CCc1c(-c3ccc(OC)c(OC)c3)noc1-2,LDWYOSADDJFUAA-UHFFFAOYSA-N,0,train
CCOC(=O)C1C(c2ccc(F)cc2)N(c2ccccc2)OC12C(=O)Nc1ccccc12,146.0,CCOC(=O)C1C(c2ccc(F)cc2)N(c2ccccc2)OC12C(=O)Nc1ccccc12,VRMSEWQQMNVLKT-UHFFFAOYSA-N,0,train
COc1ccc(/C=C2\COc3cc(OC)c(OC)c(OC)c3C2=O)cc1[N+](=O)[O-],15.0,COc1ccc(/C=C2\COc3cc(OC)c(OC)c(OC)c3C2=O)cc1[N+](=O)[O-],AOUCPKBUWUTOPW-KPKJPENVSA-N,0,train
CCOP(=O)(OCC)[C@@H]1[C@H](C(=O)c2ccccc2)[C@@H](c2ccccc2)ON1C,100.0,CCOP(=O)(OCC)[C@@H]1[C@H](C(=O)c2ccccc2)[C@@H](c2ccccc2)ON1C,SRAVNGAZNJFLOC-HMXCVIKNSA-N,0,train
Oc1ccc(CNC2(c3ccccc3F)CCCC2)cc1CN1CCCCC1,100.0,Oc1ccc(CNC2(c3ccccc3F)CCCC2)cc1CN1CCCCC1,FSXSKZYSRUOQIC-UHFFFAOYSA-N,0,train
O=C(Nc1ccc(Nc2ccc([N+](=O)[O-])c3ncnc(O)c23)cc1)c1ccccc1,5.7,O=C(Nc1ccc(Nc2ccc([N+](=O)[O-])c3ncnc(O)c23)cc1)c1ccccc1,JUMHCPYUPLFIFJ-UHFFFAOYSA-N,1,train
O=C(OCCOC(=O)c1cc(O)c(O)c(O)c1)c1cc(O)c(O)c(O)c1,69.0,O=C(OCCOC(=O)c1cc(O)c(O)c(O)c1)c1cc(O)c(O)c(O)c1,PFTHQRBULKATPZ-UHFFFAOYSA-N,0,train
Clc1ccc2c(c1)SCc1cnc(Nc3ccccc3)nc1-2,20.0,Clc1ccc2c(c1)SCc1cnc(Nc3ccccc3)nc1-2,IXOZLNXGNORHSV-UHFFFAOYSA-N,0,train
C=C1C(=O)C=C[C@]2(C)[C@@H]1CC[C@@]13CC(=O)N(C)[C@@](C)(CC[C@H]12)C3,6.7,C=C1C(=O)C=C[C@]2(C)[C@@H]1CC[C@@]13CC(=O)N(C)[C@@](C)(CC[C@H]12)C3,UABQHEACYKVQIL-MKFRZFLASA-N,1,train
CC(C)[C@@H]1NC(=O)[C@@H](Cc2ccccc2)NC(=O)[C@H](CC(=O)O)NC(=O)[C@H](C)NC(=O)[C@H](CCCNC(=N)N)NC1=O,100.0,CC(C)[C@@H]1NC(=O)[C@@H](Cc2ccccc2)NC(=O)[C@H](CC(=O)O)NC(=O)[C@H](C)NC(=O)[C@H](CCCNC(=N)N)NC1=O,OJOVBVONXDWCFW-CBHOWOPOSA-N,0,train
CCCCCCCCCCCCCCCCOP(=O)([O-])OCC[N+](C)(C)C,54.3,CCCCCCCCCCCCCCCCOP(=O)([O-])OCC[N+](C)(C)C,PQLXHQMOHUQAKB-UHFFFAOYSA-N,0,train
Cc1cc(C)cc(NC(=O)c2cccnc2SCc2cc[n+](C)cc2)c1.[I-],2.0,Cc1cc(C)cc(NC(=O)c2cccnc2SCc2cc[n+](C)cc2)c1,OWCYXAATKDFFPA-UHFFFAOYSA-O,1,train
CN(C)CCOCCn1c2ccccc2c2c3c(c4c5ccccc5[nH]c4c21)C(=O)NC3=O.Cl,2.0,CN(C)CCOCCn1c2ccccc2c2c3c(c4c5ccccc5[nH]c4c21)C(=O)NC3=O,ILVMIZCQZXTAGR-UHFFFAOYSA-N,1,train
Cc1cc(OC/C(=C\F)CN)ccc1C(=O)N(C)C,100.0,Cc1cc(OC/C(=C\F)CN)ccc1C(=O)N(C)C,RIQMKFDFQPGUSV-XFFZJAGNSA-N,0,train
C=C[C@]1(C)C=C2C(=O)C3=C4[C@@](C)(CC[C@@H](O)[C@]4(C)[C@@]2(O)CC1)CO3,64.1,C=C[C@]1(C)C=C2C(=O)C3=C4[C@@](C)(CC[C@@H](O)[C@]4(C)[C@@]2(O)CC1)CO3,ZVMOVDFPTOHIGA-CNVPOBLBSA-N,0,train
NC(=O)c1ncn([C@@H]2O[C@H](CO)[C@@H](O)[C@H]2O)n1,150.0,NC(=O)c1ncn([C@@H]2O[C@H](CO)[C@@H](O)[C@H]2O)n1,IWUCXVSUMQZMFG-AFCXAGJDSA-N,0,train
COc1cc2nccc(Oc3ccc(NC(=O)C4(C(=O)Nc5ccc(F)cc5)CC4)cc3)c2cc1OC,0.045,COc1cc2nccc(Oc3ccc(NC(=O)C4(C(=O)Nc5ccc(F)cc5)CC4)cc3)c2cc1OC,ONIQOQHATWINJY-UHFFFAOYSA-N,1,train
CC(=O)O[C@@]12CO[C@@H]1C[C@H](O)[C@@]1(C)C(=O)[C@H](O)C3=C(C)[C@@H](OC(=O)[C@H](O)[C@@H](NC(=O)OC(C)(C)C)c4ccccc4)C[C@@](O)([C@@H](OC(=O)c4ccccc4)[C@H]21)C3(C)C.O.O.O,0.0567,CC(=O)O[C@@]12CO[C@@H]1C[C@H](O)[C@@]1(C)C(=O)[C@H](O)C3=C(C)[C@@H](OC(=O)[C@H](O)[C@@H](NC(=O)OC(C)(C)C)c4ccccc4)C[C@@](O)([C@@H](OC(=O)c4ccccc4)[C@H]21)C3(C)C,ZDZOTLJHXYCWBA-VCVYQWHSSA-N,1,train
COc1cc(C(=O)c2c(/C=C/C(N)=O)oc3c(O)c(OC)ccc23)cc(OC)c1OC,0.0023,COc1cc(C(=O)c2c(/C=C/C(N)=O)oc3c(O)c(OC)ccc23)cc(OC)c1OC,ZCXIFSYDVLGANP-BQYQJAHWSA-N,1,train
C=CCc1cc(-c2ccccc2)ccc1O,100.0,C=CCc1cc(-c2ccccc2)ccc1O,QUBJGQWSBDHZCI-UHFFFAOYSA-N,0,train
Nc1ccccc1NC(=O)c1ccc(CNc2nccc(-c3nccs3)n2)cc1,14.0,Nc1ccccc1NC(=O)c1ccc(CNc2nccc(-c3nccs3)n2)cc1,LXFJTNPLHVCZFR-UHFFFAOYSA-N,0,train
CN1CCN(S(=O)(=O)c2ccc3c(c2)C(=C(c2ccccc2)c2nc4ccccc4[nH]2)C(=O)N3)CC1,30.0,CN1CCN(S(=O)(=O)c2ccc3c(c2)C(=C(c2ccccc2)c2nc4ccccc4[nH]2)C(=O)N3)CC1,QBVSDKQSKUMRFT-UHFFFAOYSA-N,0,train
COc1ccc(-c2cc(NCCCO)c3ccccc3n2)cc1,23.8,COc1ccc(-c2cc(NCCCO)c3ccccc3n2)cc1,XCPUZPCIBDVCDE-UHFFFAOYSA-N,0,train
O=C1/C(=C\c2ccc(Br)cc2)C(c2ccccc2)Oc2ccccc21,29.12,O=C1/C(=C\c2ccc(Br)cc2)C(c2ccccc2)Oc2ccccc21,BOYUWRVHTCLLJC-XMHGGMMESA-N,0,train
CCC(C)c1cccc2c(C(=O)O)c(O)c(-c3ccc(Cl)cc3)nc12,3.0,CCC(C)c1cccc2c(C(=O)O)c(O)c(-c3ccc(Cl)cc3)nc12,RURLXZQEUHZJRR-UHFFFAOYSA-N,1,train
N=C(N)SCc1ccc2ccccc2c1,50.0,N=C(N)SCc1ccc2ccccc2c1,PWWONVDCBPSKCY-UHFFFAOYSA-N,0,train
COc1ccc2c(Oc3ccc(NC(=O)c4c(C)n(CC(C)=O)n(-c5ccccc5)c4=O)cc3F)ccnc2c1,0.086,COc1ccc2c(Oc3ccc(NC(=O)c4c(C)n(CC(C)=O)n(-c5ccccc5)c4=O)cc3F)ccnc2c1,GZMFYPWWSXGVTC-UHFFFAOYSA-N,1,train
C=C1C(=O)Oc2ccc3ccccc3c2C1C,6.69,C=C1C(=O)Oc2ccc3ccccc3c2C1C,XIBNTSOIARQPTM-UHFFFAOYSA-N,1,train
COc1ccccc1-n1nncc1CN1C(=O)C2(C(C#N)=C(N)Oc3c2c2nc4ccccc4nc2c2ccccc32)c2ccccc21,50.0,COc1ccccc1-n1nncc1CN1C(=O)C2(C(C#N)=C(N)Oc3c2c2nc4ccccc4nc2c2ccccc32)c2ccccc21,BHRUIBWDEYNKHQ-UHFFFAOYSA-N,0,train
CCC=C1CC[C@H]2[C@@H]3CCc4cc(O)c(OC)cc4[C@H]3CC[C@]12C,3.23,CCC=C1CC[C@H]2[C@@H]3CCc4cc(O)c(OC)cc4[C@H]3CC[C@]12C,UOIJHEQXCGDHBU-WCIYBSDLSA-N,1,train
O=C1CCOc2cc(O)cc(O)c21,100.0,O=C1CCOc2cc(O)cc(O)c21,NDDUBDUPYJZIAK-UHFFFAOYSA-N,0,train
CC(C)CCC[C@@H](C)[C@H]1CC[C@H]2[C@@H]3CC[C@H]4C[C@@H](O[C@H]5O[C@H](COS(=O)(=O)[O-])[C@@H](OS(=O)(=O)[O-])[C@H](OS(=O)(=O)[O-])[C@@H]5O[C@H]5O[C@H](COS(=O)(=O)[O-])[C@@H](OS(=O)(=O)[O-])[C@H](O[C@H]6O[C@H](COS(=O)(=O)[O-])[C@@H](OS(=O)(=O)[O-])[C@H](O[C@H]7O[C@H](COS(=O)(=O)[O-])[C@@H](OS(=O)(=O)[O-])[C@H](OS(=O)(=O)[O-])[C@@H]7OS(=O)(=O)[O-])[C@@H]6OS(=O)(=O)[O-])[C@@H]5OS(=O)(=O)[O-])CC[C@]4(C)[C@H]3CC[C@]12C.[Na+].[Na+].[Na+].[Na+].[Na+].[Na+].[Na+].[Na+].[Na+].[Na+].[Na+].[Na+].[Na+],0.8,CC(C)CCC[C@@H](C)[C@H]1CC[C@H]2[C@@H]3CC[C@H]4C[C@@H](O[C@H]5O[C@H](COS(=O)(=O)O)[C@@H](OS(=O)(=O)O)[C@H](OS(=O)(=O)O)[C@@H]5O[C@H]5O[C@H](COS(=O)(=O)O)[C@@H](OS(=O)(=O)O)[C@H](O[C@H]6O[C@H](COS(=O)(=O)O)[C@@H](OS(=O)(=O)O)[C@H](O[C@H]7O[C@H](COS(=O)(=O)O)[C@@H](OS(=O)(=O)O)[C@H](OS(=O)(=O)O)[C@@H]7OS(=O)(=O)O)[C@@H]6OS(=O)(=O)O)[C@@H]5OS(=O)(=O)O)CC[C@]4(C)[C@H]3CC[C@]12C,MVGUXRGOSPSVTI-WDKLMMBDSA-N,1,train
O=C1C[C@@H](c2c(O)cccc2O)Oc2cc(O)cc(O)c21,1000.0,O=C1C[C@@H](c2c(O)cccc2O)Oc2cc(O)cc(O)c21,TWELZOKMSAJRKP-ZDUSSCGKSA-N,0,train
O/N=C1\c2ccccc2-c2c1c(NCCN1CCCCC1)nc1ccc(Cl)cc21,3.122,O/N=C1\c2ccccc2-c2c1c(NCCN1CCCCC1)nc1ccc(Cl)cc21,YCSYNIBLWBNIIT-HPNDGRJYSA-N,1,train
COc1ccccc1C(=O)Nc1ccc(Nc2ccc([N+](=O)[O-])c3ncnc(O)c23)cc1,36.3,COc1ccccc1C(=O)Nc1ccc(Nc2ccc([N+](=O)[O-])c3ncnc(O)c23)cc1,JOIPXSFOIPLTRU-UHFFFAOYSA-N,0,train
Cl.c1ccc(Nc2cc3nc4ccccc4n(-c4ccccc4)c-3c/c2=N/CCC23CCCN2CCC3)cc1,1.9,c1ccc(Nc2cc3nc4ccccc4n(-c4ccccc4)c-3c/c2=N/CCC23CCCN2CCC3)cc1,LFEVQCYKCTUSAK-BFYITVNDSA-N,1,train
COc1cc2nccc(Oc3ccc4c(C(=O)NCC(F)(F)F)cccc4c3)c2cc1OC,0.024,COc1cc2nccc(Oc3ccc4c(C(=O)NCC(F)(F)F)cccc4c3)c2cc1OC,RBZINWUMPZNWCZ-UHFFFAOYSA-N,1,train
CCOC(=O)/C=C1/C(=O)N(C(=O)OCC)c2ccc(F)cc21,53.0,CCOC(=O)/C=C1/C(=O)N(C(=O)OCC)c2ccc(F)cc21,WPNCXTININHBLG-DHZHZOJOSA-N,0,train
NC(=O)C1(c2ccccc2CCc2nc(Nc3ccc(C4CCNCC4)cc3)ncc2C(F)(F)F)CC1,0.283,NC(=O)C1(c2ccccc2CCc2nc(Nc3ccc(C4CCNCC4)cc3)ncc2C(F)(F)F)CC1,YCIIZJUIBNPNED-UHFFFAOYSA-N,1,train
COc1ccc2c(c1)C(=O)c1c-2n(-c2ccc(OCCCN3CCCCC3)cc2)c(=O)c2cc(OC)ccc12,100.0,COc1ccc2c(c1)C(=O)c1c-2n(-c2ccc(OCCCN3CCCCC3)cc2)c(=O)c2cc(OC)ccc12,MMEXXUAWMKZISZ-UHFFFAOYSA-N,0,train
COc1ccc(/C=C\c2cc(OC)c(OC)c(OC)c2)cc1OC(=O)CCC(=O)n1cc(C2CC(=O)NC2=O)c2cc(F)ccc21,2.27,COc1ccc(/C=C\c2cc(OC)c(OC)c(OC)c2)cc1OC(=O)CCC(=O)n1cc(C2CC(=O)NC2=O)c2cc(F)ccc21,GLFNLGZHQAINHZ-WAYWQWQTSA-N,1,train
COc1ccc(CC2COc3cc(O)c(OC)c(OC)c3C2=O)cc1O,100.0,COc1ccc(CC2COc3cc(O)c(OC)c(OC)c3C2=O)cc1O,UATSFKYVCJWRLJ-UHFFFAOYSA-N,0,train
Cc1ccc(NC2=C(Cl)C(=O)c3nc(C)[nH]c3C2=O)cc1,1.0,Cc1ccc(NC2=C(Cl)C(=O)c3nc(C)[nH]c3C2=O)cc1,LWUHJZSBCHDKTI-UHFFFAOYSA-N,1,train
Cn1ncc2c(Oc3ccc4c(c3)nc(Nc3ccc(C(C)(C)C)cc3)n4C)ncnc21,53.51,Cn1ncc2c(Oc3ccc4c(c3)nc(Nc3ccc(C(C)(C)C)cc3)n4C)ncnc21,HBVRXUFCKOHHIR-UHFFFAOYSA-N,0,train
C[C@H]1[C@H](OC(=O)CCC(=O)OCCC[P+](c2ccccc2)(c2ccccc2)c2ccccc2)O[C@@H]2O[C@@]3(C)CC[C@H]4[C@H](C)CC[C@@H]1[C@@]24OO3.[Br-],18.3,C[C@H]1[C@H](OC(=O)CCC(=O)OCCC[P+](c2ccccc2)(c2ccccc2)c2ccccc2)O[C@@H]2O[C@@]3(C)CC[C@H]4[C@H](C)CC[C@@H]1[C@@]24OO3,KJHGETDUINRUFH-KSXQEYPHSA-N,0,train
COc1cc(OC)c(-c2coc3cc(OCc4cccc(Cl)c4)ccc3c2=O)cc1OC,10.0,COc1cc(OC)c(-c2coc3cc(OCc4cccc(Cl)c4)ccc3c2=O)cc1OC,LUHRQCYUWWSKPW-UHFFFAOYSA-N,1,train
Cc1cc2c(F)c(Oc3ncnn4cc(OC[C@H](C)O)c(C)c34)ccc2[nH]1,0.687,Cc1cc2c(F)c(Oc3ncnn4cc(OC[C@H](C)O)c(C)c34)ccc2[nH]1,WCWUXEGQKLTGDX-NSHDSACASA-N,1,train
CN1CCC(COc2ccc3c(Nc4ccc(NC(=O)Nc5ccc(F)c(F)c5)cc4)ncnc3c2)CC1,0.089,CN1CCC(COc2ccc3c(Nc4ccc(NC(=O)Nc5ccc(F)c(F)c5)cc4)ncnc3c2)CC1,RKJQKGOUSNJFMJ-UHFFFAOYSA-N,1,train
COc1ccc(/C=C\c2cc(OC)c(OC)c(OC)c2)cc1NC(=O)Nc1ccccc1F,1.6,COc1ccc(/C=C\c2cc(OC)c(OC)c(OC)c2)cc1NC(=O)Nc1ccccc1F,YYPRTLQIMGSZJF-KTKRTIGZSA-N,1,train
CN1C(=O)N(c2cc(Cl)cc(Cl)c2)C(=O)[C@]12CN(c1ncc(C(=O)O)cn1)C[C@H]2c1ccc(C#N)cc1,0.011,CN1C(=O)N(c2cc(Cl)cc(Cl)c2)C(=O)[C@]12CN(c1ncc(C(=O)O)cn1)C[C@H]2c1ccc(C#N)cc1,BOERNFAHPQKHIM-NBGIEHNGSA-N,1,train
C=C1C(=O)Oc2cc(OC)ccc2C1C,57.4,C=C1C(=O)Oc2cc(OC)ccc2C1C,FOZHKZVENGRTSJ-UHFFFAOYSA-N,0,train
O=C(Nc1ccc(Cl)cc1)c1ncccc1SCc1ccncc1,2.0,O=C(Nc1ccc(Cl)cc1)c1ncccc1SCc1ccncc1,UVKXKGWBQZSUEL-UHFFFAOYSA-N,1,train
Cc1cccc(Nc2nc3cc(Oc4ncnc5c4cnn5C)ccc3[nH]2)c1,100.0,Cc1cccc(Nc2nc3cc(Oc4ncnc5c4cnn5C)ccc3[nH]2)c1,XVCVTYGAHSVGDN-UHFFFAOYSA-N,0,train
C/C=C\[C@@H](O)CC[C@@H](C)[C@@H](O)[C@H](C)[C@]1(C)C/C=C/C=C/[C@H](O)C(=O)/C(C)=C/C=C/C(C)=C/[C@@H](O)/C(C)=C/CC(=O)O1,13.0,C/C=C\[C@@H](O)CC[C@@H](C)[C@@H](O)[C@H](C)[C@]1(C)C/C=C/C=C/[C@H](O)C(=O)/C(C)=C/C=C/C(C)=C/[C@@H](O)/C(C)=C/CC(=O)O1,OPRCIIKRRQYBDU-UFSQQZNRSA-N,0,train
NC(=O)c1cccc(N2CC[C@](O)(C(=O)NCc3cc(F)cc(Cl)c3)C2=O)c1,0.31,NC(=O)c1cccc(N2CC[C@](O)(C(=O)NCc3cc(F)cc(Cl)c3)C2=O)c1,XXZUVOYOONEODU-IBGZPJMESA-N,1,train
COc1cc(Nc2ncc3c(n2)-c2cccnc2SC3)cc(OC)c1OC,1.3,COc1cc(Nc2ncc3c(n2)-c2cccnc2SC3)cc(OC)c1OC,KFZWIXQYULNELN-UHFFFAOYSA-N,1,train
COc1cc(C(=O)/C(C)=C/c2ccc(OC)c(O)c2)cc(OC)n1,0.126,COc1cc(C(=O)/C(C)=C/c2ccc(OC)c(O)c2)cc(OC)n1,NMEWDYZGLOQSSH-YRNVUSSQSA-N,1,train
O=C(Nc1cc(Sc2ncn[nH]2)c(O)c2ccccc12)c1ccc(Cl)cc1,100.0,O=C(Nc1cc(Sc2ncn[nH]2)c(O)c2ccccc12)c1ccc(Cl)cc1,PDCATXDNNJBBKX-UHFFFAOYSA-N,0,train
CO[C@@H]1[C@H](OC(=O)/C=C/C=C/C=C/C=C/C(=O)O)CC[C@]2(CO2)[C@H]1[C@@]1(C)O[C@@H]1CC=C(C)C,0.00082,CO[C@@H]1[C@H](OC(=O)/C=C/C=C/C=C/C=C/C(=O)O)CC[C@]2(CO2)[C@H]1[C@@]1(C)O[C@@H]1CC=C(C)C,NGGMYCMLYOUNGM-CSDLUJIJSA-N,1,train
COc1cc2nccc(CN3CCc4c(cccc4C(=O)Nc4ccc(F)c(C(F)(F)F)c4)C3)c2cc1OC,0.005,COc1cc2nccc(CN3CCc4c(cccc4C(=O)Nc4ccc(F)c(C(F)(F)F)c4)C3)c2cc1OC,DIKZOMSAKDGCJP-UHFFFAOYSA-N,1,train
CO[C@@H]1[C@H](OC(=O)N[C@@H](C(N)=O)C(C)C)CC[C@@]2(O)CO[C@](C)([C@H](O)CC=C(C)C)[C@@H]12,30.0,CO[C@@H]1[C@H](OC(=O)N[C@@H](C(N)=O)C(C)C)CC[C@@]2(O)CO[C@](C)([C@H](O)CC=C(C)C)[C@@H]12,XNNPTYCPWACBKC-HLKIHDGRSA-N,0,train
CCOC(=O)CNC(=O)C(=O)C(COCc1ccccc1)NC(=O)[C@H](CC1CCCCC1)NC(=O)c1cc(SC)ccc1Cl,50.0,CCOC(=O)CNC(=O)C(=O)C(COCc1ccccc1)NC(=O)[C@H](CC1CCCCC1)NC(=O)c1cc(SC)ccc1Cl,UDJIGZXTULCGDD-QBHOUYDASA-N,0,train
COc1ccc(-c2c(Oc3ccc(OCCN4CCCCC4)cc3)c3ccc(OC)cc3oc2=O)cc1,7.64,COc1ccc(-c2c(Oc3ccc(OCCN4CCCCC4)cc3)c3ccc(OC)cc3oc2=O)cc1,MRORPVVAMPUYPT-UHFFFAOYSA-N,1,train
Cc1c(COc2cccc(OCC3CCOCC3)c2)[nH]c2ccc(C(=O)O)cc2c1=O,0.4,Cc1c(COc2cccc(OCC3CCOCC3)c2)[nH]c2ccc(C(=O)O)cc2c1=O,WGONQTBDCORFNL-UHFFFAOYSA-N,1,train
CC(C)CCC[C@@H](C)[C@H]1CC[C@H]2[C@@H]3CC[C@H]4C[C@@H](OCc5cn(CCCO[C@H]6O[C@H](COS(=O)(=O)[O-])[C@@H](OS(=O)(=O)[O-])[C@H](O[C@H]7O[C@H](COS(=O)(=O)[O-])[C@@H](OS(=O)(=O)[O-])[C@H](O[C@H]8O[C@H](COS(=O)(=O)[O-])[C@@H](OS(=O)(=O)[O-])[C@H](OS(=O)(=O)[O-])[C@@H]8OS(=O)(=O)[O-])[C@@H]7OS(=O)(=O)[O-])[C@@H]6OS(=O)(=O)[O-])nn5)CC[C@]4(C)[C@H]3CC[C@]12C.[Na+].[Na+].[Na+].[Na+].[Na+].[Na+].[Na+].[Na+].[Na+].[Na+],1.2,CC(C)CCC[C@@H](C)[C@H]1CC[C@H]2[C@@H]3CC[C@H]4C[C@@H](OCc5cn(CCCO[C@H]6O[C@H](COS(=O)(=O)O)[C@@H](OS(=O)(=O)O)[C@H](O[C@H]7O[C@H](COS(=O)(=O)O)[C@@H](OS(=O)(=O)O)[C@H](O[C@H]8O[C@H](COS(=O)(=O)O)[C@@H](OS(=O)(=O)O)[C@H](OS(=O)(=O)O)[C@@H]8OS(=O)(=O)O)[C@@H]7OS(=O)(=O)O)[C@@H]6OS(=O)(=O)O)nn5)CC[C@]4(C)[C@H]3CC[C@]12C,MIKHBYRVCGYIJG-LCYMCARRSA-N,1,train
Cc1c(O)c(C)c2c(c1O)C(=O)CC(c1ccccc1O)O2,20.0,Cc1c(O)c(C)c2c(c1O)C(=O)CC(c1ccccc1O)O2,WOGYXYDORXIAGE-UHFFFAOYSA-N,0,train
COc1ccc2[nH]c(C(=O)c3cc(C)ccn3)c(CC(=O)O)c2c1,0.128,COc1ccc2[nH]c(C(=O)c3cc(C)ccn3)c(CC(=O)O)c2c1,SCECXPYERIUNDX-UHFFFAOYSA-N,1,train
O=C(NO)c1nc(-c2ccc(COc3ccc(C(F)(F)F)cc3)cc2)no1,79.09,O=C(NO)c1nc(-c2ccc(COc3ccc(C(F)(F)F)cc3)cc2)no1,ABXYGQJUDKEEGM-UHFFFAOYSA-N,0,train
O=C1Nc2cc(-c3ccccc3)ccc2/C1=C/c1cc2c([nH]1)CCCC2,12.5,O=C1Nc2cc(-c3ccccc3)ccc2/C1=C/c1cc2c([nH]1)CCCC2,BCEALSZPAPLOJG-ZHZULCJRSA-N,0,train
Cn1c(=O)c(C(=O)Nc2ccccc2)c(O)c2ccccc21,7.2,Cn1c(=O)c(C(=O)Nc2ccccc2)c(O)c2ccccc21,SCIYKTDXFNBCIV-UHFFFAOYSA-N,1,train
Cc1cc(CNc2ncc(Br)c(Nc3cc(CCc4ccccc4)[nH]n3)n2)on1,1.58489,Cc1cc(CNc2ncc(Br)c(Nc3cc(CCc4ccccc4)[nH]n3)n2)on1,BUSNTKOLFQPMBH-UHFFFAOYSA-N,1,train
CNC(=O)c1cc(Oc2ccc3c(c2)OCCN3C(=O)Nc2ccc(C)cc2)ccn1,1.0,CNC(=O)c1cc(Oc2ccc3c(c2)OCCN3C(=O)Nc2ccc(C)cc2)ccn1,ZVVSVJWTXJEMLP-UHFFFAOYSA-N,1,train
CCOC(=O)C1ON(c2ccccc2)C(c2ccc(C#N)cc2)C12C(=O)Nc1ccc(F)cc12,48.0,CCOC(=O)C1ON(c2ccccc2)C(c2ccc(C#N)cc2)C12C(=O)Nc1ccc(F)cc12,ZKRFKSBOXQLHKK-UHFFFAOYSA-N,0,train
Nc1ccc2c(c1)NC(=O)/C2=C(\Nc1ccc(CN2CCCCC2)cc1)c1ccccc1,0.414,Nc1ccc2c(c1)NC(=O)/C2=C(\Nc1ccc(CN2CCCCC2)cc1)c1ccccc1,BYYCCVAQHGCRMB-QPLCGJKRSA-N,1,train
CCNS(=O)(=O)c1ccc(OC/C(=C\F)CN)cc1,100.0,CCNS(=O)(=O)c1ccc(OC/C(=C\F)CN)cc1,IIWDSUYELQFEAA-YFHOEESVSA-N,0,train
O=C(CCCCCCCNc1nn2c(=O)c3cc(Br)ccc3nc2c2ccccc12)NO,0.741,O=C(CCCCCCCNc1nn2c(=O)c3cc(Br)ccc3nc2c2ccccc12)NO,WGDAKTKAJAYYRG-UHFFFAOYSA-N,1,train
COC(=O)c1[nH]c2ccc(OC)cc2c1C(=O)c1cc(O)c(OC)c(OC)c1,0.11,COC(=O)c1[nH]c2ccc(OC)cc2c1C(=O)c1cc(O)c(OC)c(OC)c1,MBBWAGNRSOTKDM-UHFFFAOYSA-N,1,train
O=C1Nc2ccccc2/C1=C/c1ccc(-c2cn(-c3ccc(Cl)cc3)nn2)cc1,18.24,O=C1Nc2ccccc2/C1=C/c1ccc(-c2cn(-c3ccc(Cl)cc3)nn2)cc1,BABVBOGFVAJRAX-MOSHPQCFSA-N,0,train
N#Cc1ccccc1-n1cc(-c2ccc(/C=C3\C(=O)Nc4ccccc43)cc2)nn1,19.72,N#Cc1ccccc1-n1cc(-c2ccc(/C=C3\C(=O)Nc4ccccc43)cc2)nn1,PRUPKIBMPPBTHL-MOSHPQCFSA-N,0,train
c1ccc2c(-c3nc4cc(OCCCN5CCCC5)ccc4[nH]3)[nH]nc2c1,0.27,c1ccc2c(-c3nc4cc(OCCCN5CCCC5)ccc4[nH]3)[nH]nc2c1,GFMYTWVSAZEZRD-UHFFFAOYSA-N,1,train
CC(=O)O[C@]12CCC(C)=CC[C@]13CC[C@H]2[C@@](C)(/C=C/C=C(\C)C(=O)O)OC3=O,0.95,CC(=O)O[C@]12CCC(C)=CC[C@]13CC[C@H]2[C@@](C)(/C=C/C=C(\C)C(=O)O)OC3=O,GOHMRMDXUXWCDQ-MPVZDDSSSA-N,1,train
O=C(Cc1csc2nc3ccccc3n12)Nc1ccccc1O,100.0,O=C(Cc1csc2nc3ccccc3n12)Nc1ccccc1O,SLIKKLFEWLOEFH-UHFFFAOYSA-N,0,train
C/C(=N\O)c1cc2c(Sc3ccc(C)cc3)cncc2s1,9.5,C/C(=N\O)c1cc2c(Sc3ccc(C)cc3)cncc2s1,OWLCNXXAKKVJLX-WOJGMQOQSA-N,1,train
C=CC(=O)Nc1ccc(C(=O)Nc2ccc(-c3cc(C)nc4noc(N)c34)cc2)cc1C,3.228,C=CC(=O)Nc1ccc(C(=O)Nc2ccc(-c3cc(C)nc4noc(N)c34)cc2)cc1C,QEEUEJYOQZQBKD-UHFFFAOYSA-N,1,train
CC(C)[C@]12O[C@H]1[C@@H]1O[C@]13[C@]1(O[C@H]1C[C@H]1C4=C(CC[C@@]13C)C(=O)OC4)[C@@H]2OC(=O)CCC(=O)O[C@H]1C(O)O[C@H](CO)[C@@H](O)[C@@H]1O,3.17,CC(C)[C@]12O[C@H]1[C@@H]1O[C@]13[C@]1(O[C@H]1C[C@H]1C4=C(CC[C@@]13C)C(=O)OC4)[C@@H]2OC(=O)CCC(=O)O[C@H]1C(O)O[C@H](CO)[C@@H](O)[C@@H]1O,DQYLWHQNSWOCND-RWJZZKJESA-N,1,train
COc1cc2c(cc1NS(N)(=O)=O)CC[C@@H]1[C@@H]2CC[C@]2(C)[C@@H](O)CC[C@@H]12,3.88,COc1cc2c(cc1NS(N)(=O)=O)CC[C@@H]1[C@@H]2CC[C@]2(C)[C@@H](O)CC[C@@H]12,FNIQYXGRKNMEGI-SSTWWWIQSA-N,1,train
CO[C@H]1[C@H](O[C@H]2/C=C\C=C\c3coc(n3)[C@H](C)[C@H](OC)C[C@@H](O)/C=C/C=C/C=C\[C@H](C)[C@@H]([C@@H](C)[C@@H](O)C[C@@H](C)O)OC(=O)/C=C\C=C\C=C/C(C)=C/[C@H]2C)O[C@H](C)[C@@H](O)[C@@H]1OC,0.00298,CO[C@H]1[C@H](O[C@H]2/C=C\C=C\c3coc(n3)[C@H](C)[C@H](OC)C[C@@H](O)/C=C/C=C/C=C\[C@H](C)[C@@H]([C@@H](C)[C@@H](O)C[C@@H](C)O)OC(=O)/C=C\C=C\C=C/C(C)=C/[C@H]2C)O[C@H](C)[C@@H](O)[C@@H]1OC,OVMUGRSUGHRYEC-GUZWRBQESA-N,1,train
C[C@H]1[C@H](OC(=O)C2CCc3c(nnn3CCc3c[nH]c4ccccc34)C2)O[C@@H]2O[C@@]3(C)CC[C@H]4[C@H](C)CC[C@@H]1[C@@]24OO3,40.0,C[C@H]1[C@H](OC(=O)C2CCc3c(nnn3CCc3c[nH]c4ccccc34)C2)O[C@@H]2O[C@@]3(C)CC[C@H]4[C@H](C)CC[C@@H]1[C@@]24OO3,KFPSNANXHBCWFT-VRHRIGHESA-N,0,train
COc1ccc(N(C)c2nc(C)nc3c2nc(C)n3C)cc1,7.3,COc1ccc(N(C)c2nc(C)nc3c2nc(C)n3C)cc1,FLDPTZXFXIMRBS-UHFFFAOYSA-N,1,train
O=C(CO)c1cccn1CCc1ccc(O)cc1,200.0,O=C(CO)c1cccn1CCc1ccc(O)cc1,JYXGPDOHRYTOBE-UHFFFAOYSA-N,0,train
COc1ccc(/C=C/c2nnc(-c3ccc4c(c3)OCCO4)o2)cc1,50.0,COc1ccc(/C=C/c2nnc(-c3ccc4c(c3)OCCO4)o2)cc1,WKNSEOQMIXBDMC-RUDMXATFSA-N,0,train
Cc1ccc(NC(=O)C2(C(=O)Nc3ccc(Nc4ncc(F)c(-c5cc(F)c6nc(C)n(C(C)C)c6c5)n4)cc3)CC2)cc1,0.036,Cc1ccc(NC(=O)C2(C(=O)Nc3ccc(Nc4ncc(F)c(-c5cc(F)c6nc(C)n(C(C)C)c6c5)n4)cc3)CC2)cc1,KJHIXFHBBTZCTR-UHFFFAOYSA-N,1,train
COc1ccc(-c2ncn(C)c2-c2cc(I)c(OC)c(I)c2)cc1F.Cl,0.08,COc1ccc(-c2ncn(C)c2-c2cc(I)c(OC)c(I)c2)cc1F,XWGCWVMSHRMITF-UHFFFAOYSA-N,1,train
Cc1cnc(C(=O)Nc2cccc(N(C)c3ccc4c(/C=C/c5ccccc5)n[nH]c4c3)c2)s1,0.0081,Cc1cnc(C(=O)Nc2cccc(N(C)c3ccc4c(/C=C/c5ccccc5)n[nH]c4c3)c2)s1,HQMYLVSSRJVINL-SDNWHVSQSA-N,1,train
CCOC(=O)C(=O)N(Cc1ccc(F)cc1)c1ccc2c(c1)N(C)CC(C)(COc1ccc(C(=N)N)cc1)O2,8.4,CCOC(=O)C(=O)N(Cc1ccc(F)cc1)c1ccc2c(c1)N(C)CC(C)(COc1ccc(C(=N)N)cc1)O2,BUUSMCXWJODWGQ-UHFFFAOYSA-N,1,train
COc1cc2nccc(Oc3ccc4c(C(=O)Nc5cc(C(C)(C)C)on5)cccc4c3)c2cc1OC,0.068,COc1cc2nccc(Oc3ccc4c(C(=O)Nc5cc(C(C)(C)C)on5)cccc4c3)c2cc1OC,ZWQPZFHCKLZVGB-UHFFFAOYSA-N,1,train
NCC(=O)N[C@@H](CO)C(=O)N[C@@H](CO)C(=O)N[C@@H](CCCCNC(=O)c1ccc2c(c1)C(=O)OC21c2ccc(O)cc2Oc2cc(O)ccc21)C(=O)NCC(=O)NCC(=O)NCC(=O)N[C@H]1CSSC[C@@H](C(=O)O)NC(=O)[C@H](CC(=O)O)NC(=O)CNC(=O)[C@H](CCCN=C(N)N)NC1=O,0.76,NCC(=O)N[C@@H](CO)C(=O)N[C@@H](CO)C(=O)N[C@@H](CCCCNC(=O)c1ccc2c(c1)C(=O)OC21c2ccc(O)cc2Oc2cc(O)ccc21)C(=O)NCC(=O)NCC(=O)NCC(=O)N[C@H]1CSSC[C@@H](C(=O)O)NC(=O)[C@H](CC(=O)O)NC(=O)CNC(=O)[C@H](CCCN=C(N)N)NC1=O,KUMPHZKMZSXABH-OAKHNGAUSA-N,1,train
Cc1ccc(NC(=O)Cn2cc(-c3ccc4c(NC(=O)c5ccc(NC(=O)CCC(=O)N[C@H](C(=O)N6C[C@H](O)C[C@H]6C(=O)NCc6ccc(-c7scnc7C)cc6)C(C)(C)C)cc5)n[nH]c4c3)cn2)cc1C(F)(F)F,28.21,Cc1ccc(NC(=O)Cn2cc(-c3ccc4c(NC(=O)c5ccc(NC(=O)CCC(=O)N[C@H](C(=O)N6C[C@H](O)C[C@H]6C(=O)NCc6ccc(-c7scnc7C)cc6)C(C)(C)C)cc5)n[nH]c4c3)cn2)cc1C(F)(F)F,HCFACFXWHQBQSI-VJXNDNPNSA-N,0,train
C[C@@H]1CC[C@@]2(OC1)O[C@H]1[C@@H](O)[C@H]3[C@@H]4CC[C@H]5C[C@@H](O[C@@H]6O[C@H](CO)[C@H](O[C@@H]7O[C@H](CO)C(O)[C@H](O[C@@H]8OC[C@@H](O)[C@H](O)[C@H]8O)[C@H]7O[C@@H]7O[C@H](CO)[C@H](O)[C@H](O[C@@H]8O[C@H](CO)[C@@H](O)[C@H](O)[C@H]8O)[C@H]7O)[C@H](O)[C@H]6O)[C@H](O)C[C@]5(C)[C@H]4CC[C@]3(C)[C@H]1[C@@H]2C,3.859,C[C@@H]1CC[C@@]2(OC1)O[C@H]1[C@@H](O)[C@H]3[C@@H]4CC[C@H]5C[C@@H](O[C@@H]6O[C@H](CO)[C@H](O[C@@H]7O[C@H](CO)C(O)[C@H](O[C@@H]8OC[C@@H](O)[C@H](O)[C@H]8O)[C@H]7O[C@@H]7O[C@H](CO)[C@H](O)[C@H](O[C@@H]8O[C@H](CO)[C@@H](O)[C@H](O)[C@H]8O)[C@H]7O)[C@H](O)[C@H]6O)[C@H](O)C[C@]5(C)[C@H]4CC[C@]3(C)[C@H]1[C@@H]2C,UVYVLBIGDKGWPX-YCCXZQINSA-N,1,train
Cc1c(COc2cc(OCC3CCOCC3)ccn2)[nH]c2ccccc2c1=O,0.049,Cc1c(COc2cc(OCC3CCOCC3)ccn2)[nH]c2ccccc2c1=O,LJKUAZMWPMYBQK-UHFFFAOYSA-N,1,train
c1ccc(CNc2ncc3c(n2)-c2cccnc2SC3)cc1,14.8,c1ccc(CNc2ncc3c(n2)-c2cccnc2SC3)cc1,MQRLHSZMEMLXNU-UHFFFAOYSA-N,0,train
O=c1cc(-c2ccc[nH]2)[nH]c2c1ccc1[nH]ccc12,10.0,O=c1cc(-c2ccc[nH]2)[nH]c2c1ccc1[nH]ccc12,MZCWLPBUKQCDME-UHFFFAOYSA-N,1,train
COc1ccc(/C=C2\COc3cc(OC(C)=O)c(O)c(O)c3C2=O)cc1OC(C)=O,11.0,COc1ccc(/C=C2\COc3cc(OC(C)=O)c(O)c(O)c3C2=O)cc1OC(C)=O,NUJMJYRZEHPGNB-AWNIVKPZSA-N,0,train
COc1cc2nccc(Oc3ccc4c(NC(=O)c5cccc(C)c5)nn(C)c4c3)c2cc1OC,0.002,COc1cc2nccc(Oc3ccc4c(NC(=O)c5cccc(C)c5)nn(C)c4c3)c2cc1OC,BZVGJBKNGHLTGD-UHFFFAOYSA-N,1,train
COc1ccc(-c2oc3c(O)c(OC)ccc3c2C(=O)c2cc(OC)c(OC)c(OC)c2)cc1O,0.0017,COc1ccc(-c2oc3c(O)c(OC)ccc3c2C(=O)c2cc(OC)c(OC)c(OC)c2)cc1O,JQXNESCGGKGKDD-UHFFFAOYSA-N,1,train
CN(C)C[C@@H]1OC(=O)C2=C1[C@H]1CC[C@@]34CC(=O)[C@@](C)(CC[C@H]3[C@]1(C)CC2)C4,20.0,CN(C)C[C@@H]1OC(=O)C2=C1[C@H]1CC[C@@]34CC(=O)[C@@](C)(CC[C@H]3[C@]1(C)CC2)C4,JZIFXWFIKCVSRD-DMTRFCGMSA-N,0,train
COc1cc(N2CCc3nc(NC(=O)NCCc4cn(CC(F)F)cn4)sc3C2)cnc1Cl,7.37,COc1cc(N2CCc3nc(NC(=O)NCCc4cn(CC(F)F)cn4)sc3C2)cnc1Cl,MFASFQBUVZVOCJ-UHFFFAOYSA-N,1,train
O=C(c1ccccc1)c1cc(O)c(O)cc1Br,11.5,O=C(c1ccccc1)c1cc(O)c(O)cc1Br,BSPFQVZYZKSAIJ-UHFFFAOYSA-N,0,train
CC(C)(C)c1ccc(NC(=O)c2cccc3c2CCN(Cc2ccnc4ccccc24)C3)cc1,0.05,CC(C)(C)c1ccc(NC(=O)c2cccc3c2CCN(Cc2ccnc4ccccc24)C3)cc1,SVELZAVYKTYQGE-UHFFFAOYSA-N,1,train
CO[C@@H]1[C@@H](/C=C/C(C)=C/C[C@@H]2O[C@H](C)[C@H](NC(=O)/C=C\[C@H](C)OC(=O)N3CCOCC3)C[C@@H]2C)OC(C)(C)C[C@@]12CO2,0.004,CO[C@@H]1[C@@H](/C=C/C(C)=C/C[C@@H]2O[C@H](C)[C@H](NC(=O)/C=C\[C@H](C)OC(=O)N3CCOCC3)C[C@@H]2C)OC(C)(C)C[C@@]12CO2,VJQVXXJCHJWSPI-GCUKQBHSSA-N,1,train
Nc1ncc(C(=O)NC2CC2)c2ccc(-c3cccc(F)c3)nc12,9.9e-05,Nc1ncc(C(=O)NC2CC2)c2ccc(-c3cccc(F)c3)nc12,XWLOYAAKIFUZDU-UHFFFAOYSA-N,1,train
COc1ccc(/C=C\c2cc(OC)c(OC)c(OC)c2)cc1NC(=O)Oc1cccc(Cl)c1,0.009,COc1ccc(/C=C\c2cc(OC)c(OC)c(OC)c2)cc1NC(=O)Oc1cccc(Cl)c1,LTLSNNCBOBXBIR-HJWRWDBZSA-N,1,train
Clc1ccc2c(NCc3nc(-c4ccccc4)c[nH]3)ccnc2c1,13.082,Clc1ccc2c(NCc3nc(-c4ccccc4)c[nH]3)ccnc2c1,FHNVJUCOEMNUDW-UHFFFAOYSA-N,0,train
CCOP(=O)(Cn1cc(CN2C(=O)c3cccc4cc([N+](=O)[O-])cc(c34)C2=O)nn1)OCC,250.0,CCOP(=O)(Cn1cc(CN2C(=O)c3cccc4cc([N+](=O)[O-])cc(c34)C2=O)nn1)OCC,LTSKKPIRWLOWNB-UHFFFAOYSA-N,0,train
CS(=O)(=O)Cc1cccc(Nc2nccc(Oc3ccc4c(C(=O)Nc5cc(F)cc(F)c5)cccc4c3)n2)c1,0.0332,CS(=O)(=O)Cc1cccc(Nc2nccc(Oc3ccc4c(C(=O)Nc5cc(F)cc(F)c5)cccc4c3)n2)c1,ALQUYWNSQSNOOC-UHFFFAOYSA-N,1,train
CCN(CC(=O)N[C@@H](CC(=O)O)C(=O)N[C@H](CC1CCCCC1)C(N)=O)C(=O)CCCC1CCNCC1,2350.0,CCN(CC(=O)N[C@@H](CC(=O)O)C(=O)N[C@H](CC1CCCCC1)C(N)=O)C(=O)CCCC1CCNCC1,PWINFPFVCZSLBF-RTWAWAEBSA-N,0,train
CC[C@H](C)[C@@H]1NC(=O)[C@H](C)NC(=O)[C@H](C)NC(=O)[C@H](CO)NC(=O)[C@H]([C@@H](C)CC)NC(=O)[C@@H]2CSSC[C@@H]3NC(=O)[C@H](C(C)C)NC(=O)[C@H](CCCCN)NC(=O)[C@H](CO)NC(=O)[C@H](CCCCN)NC(=O)[C@@H]4CSSC[C@H](NC(=O)[C@H](CO)NC(=O)[C@H](CCC(=O)O)NC(=O)CNC(=O)[C@H](CSSC[C@H](NC(=O)CNC1=O)C(=O)N[C@@H](CO)C(=O)N4)NC(=O)[C@@H]1CCCN1C(=O)[C@H]([C@@H](C)CC)NC(=O)CNC(=O)[C@H](CC(N)=O)NC(=O)[C@H](CCCNC(=N)N)NC(=O)[C@H](Cc1ccc(O)cc1)NC3=O)C(=O)N[C@@H](C(C)C)C(=O)N[C@@H](Cc1c[nH]c3ccccc13)C(=O)N[C@@H]([C@@H](C)CC)C(=O)N1CCC[C@H]1C(=O)N2,0.5,CC[C@H](C)[C@@H]1NC(=O)[C@H](C)NC(=O)[C@H](C)NC(=O)[C@H](CO)NC(=O)[C@H]([C@@H](C)CC)NC(=O)[C@@H]2CSSC[C@@H]3NC(=O)[C@H](C(C)C)NC(=O)[C@H](CCCCN)NC(=O)[C@H](CO)NC(=O)[C@H](CCCCN)NC(=O)[C@@H]4CSSC[C@H](NC(=O)[C@H](CO)NC(=O)[C@H](CCC(=O)O)NC(=O)CNC(=O)[C@H](CSSC[C@H](NC(=O)CNC1=O)C(=O)N[C@@H](CO)C(=O)N4)NC(=O)[C@@H]1CCCN1C(=O)[C@H]([C@@H](C)CC)NC(=O)CNC(=O)[C@H](CC(N)=O)NC(=O)[C@H](CCCNC(=N)N)NC(=O)[C@H](Cc1ccc(O)cc1)NC3=O)C(=O)N[C@@H](C(C)C)C(=O)N[C@@H](Cc1c[nH]c3ccccc13)C(=O)N[C@@H]([C@@H](C)CC)C(=O)N1CCC[C@H]1C(=O)N2,HHLPYNQQOPKSJQ-XVGLBWMNSA-N,1,train
CC(=O)N[C@@H](CCCCN)C(=O)N(CCC(=O)N[C@@H](CCCCNC(=N)N)C(=O)N(CCC(=O)N[C@@H](CCCCN)C(=O)N(CCC(=O)N[C@@H](CCCCNC(=N)N)C(=O)N(CCC(=O)N[C@@H](CCCCN)C(=O)N(CCC(=O)N[C@@H](CCCCNC(=N)N)C(=O)N(CCC(N)=O)Cc1ccccc1)Cc1ccccc1)Cc1ccccc1)Cc1ccccc1)Cc1ccccc1)Cc1ccccc1,1000.0,CC(=O)N[C@@H](CCCCN)C(=O)N(CCC(=O)N[C@@H](CCCCNC(=N)N)C(=O)N(CCC(=O)N[C@@H](CCCCN)C(=O)N(CCC(=O)N[C@@H](CCCCNC(=N)N)C(=O)N(CCC(=O)N[C@@H](CCCCN)C(=O)N(CCC(=O)N[C@@H](CCCCNC(=N)N)C(=O)N(CCC(N)=O)Cc1ccccc1)Cc1ccccc1)Cc1ccccc1)Cc1ccccc1)Cc1ccccc1)Cc1ccccc1,UCCGMYSAMJTNEH-SXCCRPOZSA-N,0,train
C[N+]12CCCCC1(CCCC/N=c1/cc3n(-c4ccccc4)c4ccccc4nc-3cc1Nc1ccccc1)CCCC2.[I-],11.06,C[N+]12CCCCC1(CCCC/N=c1/cc3n(-c4ccccc4)c4ccccc4nc-3cc1Nc1ccccc1)CCCC2,QXHBJNRVZJNIAT-SCURRHDHSA-N,0,train
CC(=O)O[C@@H]1CC[C@@]2(C)O[C@@H](O)[C@@]1(C)C2CC[C@@]12[C@@H]3NC4C(CC[C@@]45CCC[C@H]51)[C@]2(C)CC[C@@H]3C(C)C,2.7,CC(=O)O[C@@H]1CC[C@@]2(C)O[C@@H](O)[C@@]1(C)C2CC[C@@]12[C@@H]3NC4C(CC[C@@]45CCC[C@H]51)[C@]2(C)CC[C@@H]3C(C)C,VQBLZPKBXFEWGF-YXXCWOAOSA-N,1,train
Br.COc1ccc2c(c1)CCc1c(-c3ccccc3)c3n(c1-2)[B-](F)(F)[N+]1=C(c2ccc(OCC(=O)NCCC[P+](c4ccccc4)(c4ccccc4)c4ccccc4)cc2)C(I)=C(c2ccccc2)C1=N3,0.0121999999999999,COc1ccc2c(c1)CCc1c(-c3ccccc3)c3n(c1-2)[B-](F)(F)[N+]1=C(c2ccc(OCC(=O)NCCC[P+](c4ccccc4)(c4ccccc4)c4ccccc4)cc2)C(I)=C(c2ccccc2)C1=N3,WMYGJUHDCOHATO-UHFFFAOYSA-O,1,train
C[C@H]1[C@H](C)CC[C@]2(C(=O)Nc3ccc(Cl)cc3)CC[C@]3(C)C(=CC(=O)[C@@H]4[C@@]5(C)C[C@@H](O)[C@H](O)[C@@](C)(CO)[C@@H]5CC[C@]43C)[C@H]12,100.0,C[C@H]1[C@H](C)CC[C@]2(C(=O)Nc3ccc(Cl)cc3)CC[C@]3(C)C(=CC(=O)[C@@H]4[C@@]5(C)C[C@@H](O)[C@H](O)[C@@](C)(CO)[C@@H]5CC[C@]43C)[C@H]12,MHTAQMKAOBKCFY-SUCQNGCESA-N,0,train
CCOP(=O)(CCCCn1cc(CN2C(=O)c3cccc4cc([N+](=O)[O-])cc(c34)C2=O)nn1)OCC,250.0,CCOP(=O)(CCCCn1cc(CN2C(=O)c3cccc4cc([N+](=O)[O-])cc(c34)C2=O)nn1)OCC,NOGQWLNIWQHRPD-UHFFFAOYSA-N,0,train
N#CC1=C(N)Oc2c(N)cc3nc4ccccc4nc3c2C12C(=O)N(Cc1cnnn1-c1ccccc1Br)c1ccccc12,34.2,N#CC1=C(N)Oc2c(N)cc3nc4ccccc4nc3c2C12C(=O)N(Cc1cnnn1-c1ccccc1Br)c1ccccc12,VJBFDLXDTDOSQP-UHFFFAOYSA-N,0,train
CN1CCN(Cc2cc(Nc3nc4cc(Oc5ccnc6ccccc56)cc(Cl)c4o3)ccc2Cl)CC1,0.052,CN1CCN(Cc2cc(Nc3nc4cc(Oc5ccnc6ccccc56)cc(Cl)c4o3)ccc2Cl)CC1,JPWMAVZTWDLRIZ-UHFFFAOYSA-N,1,train
CNS(=O)(=O)c1ccc(OC/C(=C\F)CN)cc1,100.0,CNS(=O)(=O)c1ccc(OC/C(=C\F)CN)cc1,RVCAAPOJOTYELI-TWGQIWQCSA-N,0,train
Cn1cc2c(n1)CCc1c-2c2c(c3c4cc(C5CCCCO5)ccc4n(C)c13)CNC2=O,0.01,Cn1cc2c(n1)CCc1c-2c2c(c3c4cc(C5CCCCO5)ccc4n(C)c13)CNC2=O,SOTJITWYMJJIBQ-UHFFFAOYSA-N,1,train
CN1CCC(Cc2cccc(CNC3(c4ccc(F)cc4)CCCC3)c2)CC1,30.0,CN1CCC(Cc2cccc(CNC3(c4ccc(F)cc4)CCCC3)c2)CC1,QQPCCLKUZYOBPO-UHFFFAOYSA-N,0,train
O=C(Nc1ccccc1)Nc1cccc(CNc2ncnc3c2cnn3CCc2ccccc2)c1,13.43,O=C(Nc1ccccc1)Nc1cccc(CNc2ncnc3c2cnn3CCc2ccccc2)c1,UXBCWMIUYACOCC-UHFFFAOYSA-N,0,train
COc1ccc2c(c1)-c1nnn(CCOC3O[C@@H]4O[C@@]5(C)CC[C@H]6[C@H](C)CC[C@@H]([C@H]3C)[C@@]46OO5)c1CC2,105.0,COc1ccc2c(c1)-c1nnn(CCOC3O[C@@H]4O[C@@]5(C)CC[C@H]6[C@H](C)CC[C@@H]([C@H]3C)[C@@]46OO5)c1CC2,HRKHNGPMMUYUQG-KEACQURCSA-N,0,train
Cc1c(OCCCS(C)(=O)=O)cn2ncnc(Oc3ccc(NC(=O)C4(C(=O)Nc5ccc(F)cc5)CC4)cc3F)c12,0.0742999999999999,Cc1c(OCCCS(C)(=O)=O)cn2ncnc(Oc3ccc(NC(=O)C4(C(=O)Nc5ccc(F)cc5)CC4)cc3F)c12,KHSXMHYXEDTYDH-UHFFFAOYSA-N,1,train
CC(C)CNC(=O)c1c(-c2ccc(COC(=O)c3cc(O)cc(O)c3)cc2)oc2ccccc12,100.0,CC(C)CNC(=O)c1c(-c2ccc(COC(=O)c3cc(O)cc(O)c3)cc2)oc2ccccc12,AMHKQDSFROCAOH-UHFFFAOYSA-N,0,train
COc1ccc(C(=O)C(=O)c2cc(OC)c(OC)c(OC)c2)cc1O,0.035,COc1ccc(C(=O)C(=O)c2cc(OC)c(OC)c(OC)c2)cc1O,ACLNEXXYOZWNJP-UHFFFAOYSA-N,1,train
OCCCCNc1cncc(-c2cncc(Nc3cccc(Cl)c3)n2)c1,0.063,OCCCCNc1cncc(-c2cncc(Nc3cccc(Cl)c3)n2)c1,IDNNHUIRPPFJBA-UHFFFAOYSA-N,1,train
CN(C)C(=O)c1ccc(OC/C(=C\F)CN)c(Br)c1,100.0,CN(C)C(=O)c1ccc(OC/C(=C\F)CN)c(Br)c1,BFMFULIMAYZSQJ-TWGQIWQCSA-N,0,train
O=CNc1ccccc1/C=C/c1n[nH]c2cc(C(=O)c3cccc(NC(=O)c4ccccc4)c3)ccc12,0.024,O=CNc1ccccc1/C=C/c1n[nH]c2cc(C(=O)c3cccc(NC(=O)c4ccccc4)c3)ccc12,HIBJHSFKYFSKAW-JQIJEIRASA-N,1,train
N[C@H]1CC[C@H](Nc2nc(Nc3ccc(N4CCCC4)cc3)c3ncn(C4CCCC4)c3n2)CC1,12.077,N[C@H]1CC[C@H](Nc2nc(Nc3ccc(N4CCCC4)cc3)c3ncn(C4CCCC4)c3n2)CC1,WRGRJKULXMMAHN-KESTWPANSA-N,0,train
CC(C)NC(=O)c1ccccc1Sc1ccc2c(/C=C/c3ccccn3)n[nH]c2c1,0.035,CC(C)NC(=O)c1ccccc1Sc1ccc2c(/C=C/c3ccccn3)n[nH]c2c1,PWKQDQWTTLIJJU-JLHYYAGUSA-N,1,train
COc1ccc(-c2cc3ccc(OC)cc3nc2Nc2ccc(NC(=O)CN3CCCCC3)cc2)cc1,23.5,COc1ccc(-c2cc3ccc(OC)cc3nc2Nc2ccc(NC(=O)CN3CCCCC3)cc2)cc1,NUYHSGOCUPWAEP-UHFFFAOYSA-N,0,train
O=C(Nc1ccc2oc(-c3ccccc3Br)nc2c1)c1ccc(Cl)c(F)c1,50.57,O=C(Nc1ccc2oc(-c3ccccc3Br)nc2c1)c1ccc(Cl)c(F)c1,VWBHBHHXYYBUDB-UHFFFAOYSA-N,0,train
Oc1ccc2c(c1)CCc1c(-c3ccc(SC(F)(F)F)cc3)noc1-2,65.0,Oc1ccc2c(c1)CCc1c(-c3ccc(SC(F)(F)F)cc3)noc1-2,VQFHGOQAYNSLPC-UHFFFAOYSA-N,0,train
O=C1CCc2cc(N3CC[C@](O)(C(=O)NCc4cc(F)cc(Cl)c4)C3=O)ccc2N1,0.015,O=C1CCc2cc(N3CC[C@](O)(C(=O)NCc4cc(F)cc(Cl)c4)C3=O)ccc2N1,RMWSKRBLJAUOOY-NRFANRHFSA-N,1,train
C=CCc1ccc(OC(C)C)c(-c2ccc(O)c(CC=C)c2)c1,65.5,C=CCc1ccc(OC(C)C)c(-c2ccc(O)c(CC=C)c2)c1,HQCIDURXKJARJH-UHFFFAOYSA-N,0,train
O=C(CNC(=O)c1cccc(C(F)(F)F)c1)N[C@@H]1CCN(CCN2CCN(C(=O)c3ccccc3Cl)CC2)C1,10.0,O=C(CNC(=O)c1cccc(C(F)(F)F)c1)N[C@@H]1CCN(CCN2CCN(C(=O)c3ccccc3Cl)CC2)C1,HTXMSBSZASVVFP-OAQYLSRUSA-N,1,train
COc1cc2c(Nc3ccc(Cl)cc3F)ncnc2cc1OCCCN1CCN(C)CC1.Cl,5.0,COc1cc2c(Nc3ccc(Cl)cc3F)ncnc2cc1OCCCN1CCN(C)CC1,LSHMOEOLVFEUHJ-UHFFFAOYSA-N,1,train
COc1cccc(Nc2ncc3c(n2)-c2ccc(OC)cc2SC3)c1,2.49,COc1cccc(Nc2ncc3c(n2)-c2ccc(OC)cc2SC3)c1,FUBNUBRUBXFJBO-UHFFFAOYSA-N,1,train
CC(C)[C@@H]1NC(=O)[C@@H](Cc2ccccc2)NC(=O)[C@H](CC(=O)O)NC(=O)CNC(=O)[C@H](CCCN=C(N)N)NC1=O,0.53,CC(C)[C@@H]1NC(=O)[C@@H](Cc2ccccc2)NC(=O)[C@H](CC(=O)O)NC(=O)CNC(=O)[C@H](CCCN=C(N)N)NC1=O,YYQUWEHEBOMRPH-NYUBLWNDSA-N,1,train
CN1CCC(Cc2cccc(CNC3(c4ccc(F)c(F)c4)CCCC3)c2)CC1,30.0,CN1CCC(Cc2cccc(CNC3(c4ccc(F)c(F)c4)CCCC3)c2)CC1,AGSRRLJGENBXPF-UHFFFAOYSA-N,0,train
CC(=O)O[C@]12CCC(C(=O)OCCO)=CC[C@]13CC[C@H]2[C@@](C)(/C=C/C=C(\C)C(=O)O)OC3=O,5.0,CC(=O)O[C@]12CCC(C(=O)OCCO)=CC[C@]13CC[C@H]2[C@@](C)(/C=C/C=C(\C)C(=O)O)OC3=O,CLWAQIJEKVBREE-PPXDGXPQSA-N,1,train
CCC(=O)N1CC(NC(=O)c2cnc(N)c3nc(-c4cccc(F)c4)ccc23)C1,7.9e-05,CCC(=O)N1CC(NC(=O)c2cnc(N)c3nc(-c4cccc(F)c4)ccc23)C1,XDOJQLHPRVGYGJ-UHFFFAOYSA-N,1,train
C=C1C(=O)[C@@]23[C@@H]4OC(C)(C)O[C@]25OC[C@]2(C=CC(=O)C(C)(C)[C@H]2[C@@H]5O)[C@@H]3CC[C@@H]14,10.2,C=C1C(=O)[C@@]23[C@@H]4OC(C)(C)O[C@]25OC[C@]2(C=CC(=O)C(C)(C)[C@H]2[C@@H]5O)[C@@H]3CC[C@@H]14,KNIWNVJMCVCYOX-XVJLLRTASA-N,0,train
CC[C@H](C)[C@H](NC(=O)[C@H](CCCCN)NC(=O)[C@H](CCCCN)NC(=O)[C@@H](NC(=O)[C@H](CCCCN)NC(=O)[C@H](C)NC(=O)[C@H](C)NC(=O)[C@H](CC(C)C)NC(=O)[C@H](CCCNC(=N)N)NC(=O)[C@H](CCCCN)NC(=O)[C@H](CC(C)C)NC(=O)[C@@H](NC(=O)[C@@H](N)CCCCN)[C@@H](C)CC)[C@@H](C)CC)C(=O)N[C@@H](CC(C)C)C(=O)O,100.0,CC[C@H](C)[C@H](NC(=O)[C@H](CCCCN)NC(=O)[C@H](CCCCN)NC(=O)[C@@H](NC(=O)[C@H](CCCCN)NC(=O)[C@H](C)NC(=O)[C@H](C)NC(=O)[C@H](CC(C)C)NC(=O)[C@H](CCCNC(=N)N)NC(=O)[C@H](CCCCN)NC(=O)[C@H](CC(C)C)NC(=O)[C@@H](NC(=O)[C@@H](N)CCCCN)[C@@H](C)CC)[C@@H](C)CC)C(=O)N[C@@H](CC(C)C)C(=O)O,DLNLPGQMXCZDEG-VOTDZIACSA-N,0,train
COc1ccc(C(N)=O)cc1/C=C/c1ccc(Br)cc1,0.56,COc1ccc(C(N)=O)cc1/C=C/c1ccc(Br)cc1,JYNQEMWBZFWHJC-GORDUTHDSA-N,1,train
CCc1ccc(B(O)O)cc1,19.0,CCc1ccc(B(O)O)cc1,RZCPLOMUUCFPQA-UHFFFAOYSA-N,0,train
CS(=O)(=O)Cc1cccc(Nc2nccc(Nc3ccc4c(C(=O)Nc5ccccc5)cccc4c3)n2)c1,0.002,CS(=O)(=O)Cc1cccc(Nc2nccc(Nc3ccc4c(C(=O)Nc5ccccc5)cccc4c3)n2)c1,AIPCKSDEKMJPDX-UHFFFAOYSA-N,1,train
Cc1c(OCC(O)CN2CCN(C)CC2)cn2ncnc(Oc3ccc(NC(=O)C4(C(=O)Nc5ccc(F)cc5)CC4)cc3F)c12,0.0373999999999999,Cc1c(OCC(O)CN2CCN(C)CC2)cn2ncnc(Oc3ccc(NC(=O)C4(C(=O)Nc5ccc(F)cc5)CC4)cc3F)c12,OJDVWGXCETZZLV-UHFFFAOYSA-N,1,train
CO[C@@H]1[C@H](OC(=O)NC(=O)CCl)CC[C@]2(CO2)[C@H]1[C@@]1(C)O[C@@H]1CC=C(C)C,0.0002,CO[C@@H]1[C@H](OC(=O)NC(=O)CCl)CC[C@]2(CO2)[C@H]1[C@@]1(C)O[C@@H]1CC=C(C)C,MSHZHSPISPJWHW-PVDLLORBSA-N,1,train
C=CCc1cc(-c2cccc(C(F)(F)F)c2)ccc1O,76.0,C=CCc1cc(-c2cccc(C(F)(F)F)c2)ccc1O,BCKSKIKAHHCZTC-UHFFFAOYSA-N,0,train
CC(C)CCC[C@@H](C)[C@H]1CC[C@H]2[C@@H]3C[C@@H](O)[C@@]4(O)C[C@@H](OC(=O)CCC(=O)O)CC[C@]4(C)[C@H]3CC[C@]12C,20.7,CC(C)CCC[C@@H](C)[C@H]1CC[C@H]2[C@@H]3C[C@@H](O)[C@@]4(O)C[C@@H](OC(=O)CCC(=O)O)CC[C@]4(C)[C@H]3CC[C@]12C,KTBIQBOAWCFCKL-WOJMBDDJSA-N,0,train
COc1ccc(/C=C\c2cc(OC)c(OC)c(OC)c2)cc1NC(=O)Nc1cccc(C(F)(F)F)c1,13.0,COc1ccc(/C=C\c2cc(OC)c(OC)c(OC)c2)cc1NC(=O)Nc1cccc(C(F)(F)F)c1,VMVUDPUHNJWYDZ-HJWRWDBZSA-N,0,train
COc1ccc(/C=C\c2cc(OC)c(OC)c(OC)c2)cc1NC(=O)Oc1ccc(C)cc1,0.16,COc1ccc(/C=C\c2cc(OC)c(OC)c(OC)c2)cc1NC(=O)Oc1ccc(C)cc1,SJPCKSOJLMTFEL-HJWRWDBZSA-N,1,train
CC(C)(C)c1cc(O)c(C2CCCCC2)cc1O,7.4,CC(C)(C)c1cc(O)c(C2CCCCC2)cc1O,PJKLCDSEILYIOB-UHFFFAOYSA-N,1,train
O=C(CCC(=O)OCCCCCCSc1ccc([N+](=O)[O-])c2nonc12)Nc1ccc(Br)cc1,1.61,O=C(CCC(=O)OCCCCCCSc1ccc([N+](=O)[O-])c2nonc12)Nc1ccc(Br)cc1,SJMMUCJEOWHHJD-UHFFFAOYSA-N,1,train
COC(=O)c1cc2cc(CCc3cc(NC(=O)c4ccc(CN5CCC(N(C)C)C5)c(C(F)(F)F)c4)ccc3C)cnc2[nH]1,0.171,COC(=O)c1cc2cc(CCc3cc(NC(=O)c4ccc(CN5CCC(N(C)C)C5)c(C(F)(F)F)c4)ccc3C)cnc2[nH]1,IZPYTCMIIAEYJH-UHFFFAOYSA-N,1,train
CCOC(=O)/C=C1/C(=O)Nc2ccc(F)cc21,100.0,CCOC(=O)/C=C1/C(=O)Nc2ccc(F)cc21,HBPQUOICXVDBBP-RMKNXTFCSA-N,0,train
CCN(CC)c1ccc2c(C#N)c(-c3nc4ccccc4[nH]3)c(=O)oc2c1,19.8,CCN(CC)c1ccc2c(C#N)c(-c3nc4ccccc4[nH]3)c(=O)oc2c1,BCLNKBPAGCVDED-UHFFFAOYSA-N,0,train
C[C@]1(OC(=O)/C=C/c2ccccc2)C[C@@H](O)[C@]2(O)C=CO[C@@H](O[C@@H]3O[C@H](CO)[C@@H](O)[C@H](O)[C@H]3O)[C@@H]21,88.2,C[C@]1(OC(=O)/C=C/c2ccccc2)C[C@@H](O)[C@]2(O)C=CO[C@@H](O[C@@H]3O[C@H](CO)[C@@H](O)[C@H](O)[C@H]3O)[C@@H]21,KVRQGMOSZKPBNS-FMHLWDFHSA-N,0,train
CCc1cc2c(Nc3nnc(C)s3)ncnc2s1,48.0,CCc1cc2c(Nc3nnc(C)s3)ncnc2s1,BDGZXAUQGBHBST-UHFFFAOYSA-N,0,train
C=CCc1ccc(O)c(-c2cccc([N+](=O)[O-])c2)c1,79.1,C=CCc1ccc(O)c(-c2cccc([N+](=O)[O-])c2)c1,XOUCGSJOXXNOBT-UHFFFAOYSA-N,0,train
N#CC1=C(N)Oc2c(c3nc4ccccc4nc3c3ccccc23)C12C(=O)N(Cc1cnnn1-c1ccc(Cl)cc1)c1ccccc12,50.0,N#CC1=C(N)Oc2c(c3nc4ccccc4nc3c3ccccc23)C12C(=O)N(Cc1cnnn1-c1ccc(Cl)cc1)c1ccccc12,QFCJBEGDMHYKAX-UHFFFAOYSA-N,0,train
CCOP(=O)(CCCn1cc(CN2C(=O)c3cccc4cc([N+](=O)[O-])cc(c34)C2=O)nn1)OCC,250.0,CCOP(=O)(CCCn1cc(CN2C(=O)c3cccc4cc([N+](=O)[O-])cc(c34)C2=O)nn1)OCC,USQXMVOEADSXQM-UHFFFAOYSA-N,0,train
C[C@@H]1O[C@@]1(C)C(=O)C[C@H]1[C@](C)(O)CC[C@@]2(O)C(C)(C)CCC[C@]12C,10.0,C[C@@H]1O[C@@]1(C)C(=O)C[C@H]1[C@](C)(O)CC[C@@]2(O)C(C)(C)CCC[C@]12C,RAIKTCXFCYLQFE-QSZLYVTFSA-N,1,train
C#CC1Cc2ccsc2C(N)=N1,0.08,C#CC1Cc2ccsc2C(N)=N1,ASLZDSGYTVWLOQ-UHFFFAOYSA-N,1,train
Cc1ccc(/C=C2\Oc3ccc(O)cc3C2=O)cc1,9.35,Cc1ccc(/C=C2\Oc3ccc(O)cc3C2=O)cc1,NOXDEAGRCDMIHN-NVNXTCNLSA-N,1,train
C=CC(=O)Nc1cccc(CC(=O)Nc2ccc(-c3cc(C)nc4noc(N)c34)cc2)c1,10.0,C=CC(=O)Nc1cccc(CC(=O)Nc2ccc(-c3cc(C)nc4noc(N)c34)cc2)c1,CNFMKKLSPZAETL-UHFFFAOYSA-N,1,train
CCCC(=O)[O-].[Na+],1000.0,CCCC(=O)O,FERIUCNNQQJTOY-UHFFFAOYSA-N,0,train
CC[C@H](C)[C@H](NOCCc1cccc2c1oc1c(CCNC(=O)[C@H](CC(C)C)NC(=O)[C@H](CCCCN)NC(=O)[C@H](CCSC)NC(=O)[C@H](CCC(N)=O)NC(=O)[C@@H](NC(=O)[C@@H](N)CO)C(C)C)cccc12)C(=O)N[C@H](C(=O)N[C@H](C(=O)N[C@@H](CCCCN)C(=O)N[C@@H](CC(C)C)C(=O)N[C@@H](CC(N)=O)C(=O)N[C@@H](CC(=O)O)C(=O)O)C(C)C)[C@@H](C)CC,22.0,CC[C@H](C)[C@H](NOCCc1cccc2c1oc1c(CCNC(=O)[C@H](CC(C)C)NC(=O)[C@H](CCCCN)NC(=O)[C@H](CCSC)NC(=O)[C@H](CCC(N)=O)NC(=O)[C@@H](NC(=O)[C@@H](N)CO)C(C)C)cccc12)C(=O)N[C@H](C(=O)N[C@H](C(=O)N[C@@H](CCCCN)C(=O)N[C@@H](CC(C)C)C(=O)N[C@@H](CC(N)=O)C(=O)N[C@@H](CC(=O)O)C(=O)O)C(C)C)[C@@H](C)CC,FWNCOLASAKDPJT-NHCRMSLLSA-N,0,train
COc1ccc(-c2cc(Cl)c3ccccc3n2)cc1,100.0,COc1ccc(-c2cc(Cl)c3ccccc3n2)cc1,DLFBWXQGVIOCRY-UHFFFAOYSA-N,0,train
NC(=O)c1cn([C@@H]2O[C@H](COP3(=O)OCc4ccccc4O3)[C@@H](O)[C@H]2O)nn1,200.0,NC(=O)c1cn([C@@H]2O[C@H](COP3(=O)OCc4ccccc4O3)[C@@H](O)[C@H]2O)nn1,CLSPMQYZFZBNFW-FTSXSUCZSA-N,0,train
Cc1ccc(CSC(=N)N)cc1,50.0,Cc1ccc(CSC(=N)N)cc1,PWJIOPUMPZSBEI-UHFFFAOYSA-N,0,train
CC1=C([Se]CC(OC(=O)CNC(=O)OC(C)(C)C)C(=O)NCCCCCC(=O)OCc2ccccc2)C(=O)c2ccccc2C1=O,36.0,CC1=C([Se]CC(OC(=O)CNC(=O)OC(C)(C)C)C(=O)NCCCCCC(=O)OCc2ccccc2)C(=O)c2ccccc2C1=O,UADVYVLANGKQAJ-UHFFFAOYSA-N,0,train
O=C(Nc1ccc(Cl)cc1)c1cccc(Cl)c1SCc1ccncc1,2.0,O=C(Nc1ccc(Cl)cc1)c1cccc(Cl)c1SCc1ccncc1,GZHDITFFBBZRHB-UHFFFAOYSA-N,1,train
CCOP(=O)(OCC)C(NC(=O)COc1ccc2c(c1O)C(=O)c1ccccc1C2=O)c1ccccc1Br,50.0,CCOP(=O)(OCC)C(NC(=O)COc1ccc2c(c1O)C(=O)c1ccccc1C2=O)c1ccccc1Br,KEHCILKMVOAYSU-UHFFFAOYSA-N,0,train
COC(=O)Nc1cc(CSc2ncccc2C(=O)Nc2cc(C)cc(C)c2)ccn1,0.015,COC(=O)Nc1cc(CSc2ncccc2C(=O)Nc2cc(C)cc(C)c2)ccn1,YFVQTVPQKVQJJR-UHFFFAOYSA-N,1,train
CCOC(=O)CN(Cc1ccc(F)cc1)c1ccc2c(c1)OC(C)(COc1ccc(C#N)cc1)CN2C,100.0,CCOC(=O)CN(Cc1ccc(F)cc1)c1ccc2c(c1)OC(C)(COc1ccc(C#N)cc1)CN2C,GVSKGPGHDMTQKB-UHFFFAOYSA-N,0,train
C[C@H]1[C@@H](Sc2ccccc2)O[C@@H]2O[C@]3(C)CC[C@H]4[C@H](C)CC[C@@H]1[C@@]24O3,50.0,C[C@H]1[C@@H](Sc2ccccc2)O[C@@H]2O[C@]3(C)CC[C@H]4[C@H](C)CC[C@@H]1[C@@]24O3,VHGKAWIAXHOJIT-BLWYLUKMSA-N,0,train
CCCNC(=O)c1ccccc1Sc1ccc2c(/C=C/c3ccccn3)n[nH]c2c1,0.0021,CCCNC(=O)c1ccccc1Sc1ccc2c(/C=C/c3ccccn3)n[nH]c2c1,OTYPOAXAZIQQND-JLHYYAGUSA-N,1,train
CC(C)(Oc1ccc(Cl)cc1)C(=O)Oc1ccc(C(N)=S)cc1,755.2,CC(C)(Oc1ccc(Cl)cc1)C(=O)Oc1ccc(C(N)=S)cc1,PYSRLRQXCVXCIH-UHFFFAOYSA-N,0,train
COc1ccccc1C1(NCc2ccc(O)c(CN3CCN(C)CC3)c2)CCCC1,17.37,COc1ccccc1C1(NCc2ccc(O)c(CN3CCN(C)CC3)c2)CCCC1,RPPFBSOBPQSHEU-UHFFFAOYSA-N,0,train
CC(C)(C)c1cc2c(cc1O)C1CCCCC1O2,22.4,CC(C)(C)c1cc2c(cc1O)C1CCCCC1O2,HQUMUYDOJHWSJO-UHFFFAOYSA-N,0,train
COc1ccc(C(=O)Nc2ccc(C(=O)/C=C/c3nc(C)c(C)nc3C)cc2)cc1,29.23,COc1ccc(C(=O)Nc2ccc(C(=O)/C=C/c3nc(C)c(C)nc3C)cc2)cc1,VJTAMIFHWXBZBT-BUHFOSPRSA-N,0,train
CCC(C)n1ncn(-c2ccc(N3CCN(c4ccc(OC[C@@H]5CO[C@@](Cn6ccnc6)(c6ccc(Cl)cc6Cl)O5)nc4)CC3)cc2)c1=O,0.4685,CCC(C)n1ncn(-c2ccc(N3CCN(c4ccc(OC[C@@H]5CO[C@@](Cn6ccnc6)(c6ccc(Cl)cc6Cl)O5)nc4)CC3)cc2)c1=O,WIMCCBYNLIMZHK-YQKYMNGFSA-N,1,train
Cc1cccc(Nc2nc3cc(Oc4ncnc5c4cnn5C)ccc3n2C)c1,100.0,Cc1cccc(Nc2nc3cc(Oc4ncnc5c4cnn5C)ccc3n2C)c1,VVJIUXBZCUGIPV-UHFFFAOYSA-N,0,train
CC[C@H](C)[C@@H]1NC(=O)[C@@H]2CCCN2C(=O)[C@H](Cc2c[nH]c3ccccc23)NC(=O)[C@H](C)NC(=O)[C@@H]2CSSC[C@@H]3NC(=O)[C@H]([C@@H](C)O)NC(=O)[C@H](CCC(=O)O)NC(=O)CNC(=O)[C@H]4CSSC[C@H](NC(=O)CNC(=O)[C@@H]5CCCN5C(=O)[C@H]([C@@H](C)O)NC(=O)[C@H](CC(N)=O)NC(=O)[C@H](CSSC[C@H](NC1=O)C(=O)N[C@@H]([C@@H](C)O)C(=O)N[C@@H](CCCNC(=N)N)C(=O)N[C@@H](CC(N)=O)C(=O)NCC(=O)N[C@@H](CC(C)C)C(=O)N1CCC[C@H]1C(=O)N[C@@H](C(C)C)C(=O)N4)NC(=O)[C@H]([C@@H](C)O)NC(=O)CNC(=O)CNC(=O)[C@H](C(C)C)NC3=O)C(=O)N[C@@H](C(C)C)C(=O)N2,5.3,CC[C@H](C)[C@@H]1NC(=O)[C@@H]2CCCN2C(=O)[C@H](Cc2c[nH]c3ccccc23)NC(=O)[C@H](C)NC(=O)[C@@H]2CSSC[C@@H]3NC(=O)[C@H]([C@@H](C)O)NC(=O)[C@H](CCC(=O)O)NC(=O)CNC(=O)[C@H]4CSSC[C@H](NC(=O)CNC(=O)[C@@H]5CCCN5C(=O)[C@H]([C@@H](C)O)NC(=O)[C@H](CC(N)=O)NC(=O)[C@H](CSSC[C@H](NC1=O)C(=O)N[C@@H]([C@@H](C)O)C(=O)N[C@@H](CCCNC(=N)N)C(=O)N[C@@H](CC(N)=O)C(=O)NCC(=O)N[C@@H](CC(C)C)C(=O)N1CCC[C@H]1C(=O)N[C@@H](C(C)C)C(=O)N4)NC(=O)[C@H]([C@@H](C)O)NC(=O)CNC(=O)CNC(=O)[C@H](C(C)C)NC3=O)C(=O)N[C@@H](C(C)C)C(=O)N2,LVZMUTLIOKSPSC-KETUHOBFSA-N,1,train
CNCCNC(=O)c1ccccc1Sc1ccc2c(/C=C/c3ccccn3)n[nH]c2c1,0.1,CNCCNC(=O)c1ccccc1Sc1ccc2c(/C=C/c3ccccn3)n[nH]c2c1,RMEQJMFUWYLWAG-FMIVXFBMSA-N,1,train
CCOC(=O)CNC(=O)C(=O)[C@H](COCc1ccccc1)NC(=O)[C@H](CC1CCCCC1)NC(=O)C(=O)c1cccs1,36.0,CCOC(=O)CNC(=O)C(=O)[C@H](COCc1ccccc1)NC(=O)[C@H](CC1CCCCC1)NC(=O)C(=O)c1cccs1,LNFIRMPLOWNYDD-GOTSBHOMSA-N,0,train
C[C@H]1[C@@H](OCC(CO[C@H]2O[C@@H]3O[C@@]4(C)CC[C@H]5[C@H](C)CC[C@@H]([C@H]2C)[C@@]35OO4)OC(=O)CCC(=O)O)O[C@@H]2O[C@@]3(C)CC[C@H]4[C@H](C)CC[C@@H]1[C@@]24OO3,45.3,C[C@H]1[C@@H](OCC(CO[C@H]2O[C@@H]3O[C@@]4(C)CC[C@H]5[C@H](C)CC[C@@H]([C@H]2C)[C@@]35OO4)OC(=O)CCC(=O)O)O[C@@H]2O[C@@]3(C)CC[C@H]4[C@H](C)CC[C@@H]1[C@@]24OO3,CECFVUQUCXYIPF-KUCXSYSJSA-N,0,train
Cc1cc(C(=O)Nc2ccc(Oc3ccc4nc(NC(=O)C5CC5)cn4n3)cc2)n(C)n1,0.14,Cc1cc(C(=O)Nc2ccc(Oc3ccc4nc(NC(=O)C5CC5)cn4n3)cc2)n(C)n1,QQRNMHAQOQJDCE-UHFFFAOYSA-N,1,train
COc1ccc([C@@H]2ON(C)[C@H](P(=O)(O)O)[C@H]2C(=O)c2ccccc2OC)cc1,100.0,COc1ccc([C@@H]2ON(C)[C@H](P(=O)(O)O)[C@H]2C(=O)c2ccccc2OC)cc1,IRJGEMVQGQEKMY-YTQUADARSA-N,0,train
Cc1c(C(=O)NCC#N)sc2ncnc(Oc3ccc(NC(=O)C4(C(=O)Nc5ccc(F)cc5)CC4)cc3F)c12,0.123,Cc1c(C(=O)NCC#N)sc2ncnc(Oc3ccc(NC(=O)C4(C(=O)Nc5ccc(F)cc5)CC4)cc3F)c12,WUWXFYCTZHGQBU-UHFFFAOYSA-N,1,train
Cc1nc2c([nH]1)C(=O)/C(=N/c1ccc(I)cc1)C(Cl)=C2O,2.0,Cc1nc2c([nH]1)C(=O)/C(=N/c1ccc(I)cc1)C(Cl)=C2O,MLAUEEXPAJRHHP-VXLYETTFSA-N,1,train
Cc1c(CC2CCCC2)c(=O)oc2cc(OCCOc3no[n+]([O-])c3S(=O)(=O)c3ccccc3)ccc12,17.0,Cc1c(CC2CCCC2)c(=O)oc2cc(OCCOc3no[n+]([O-])c3S(=O)(=O)c3ccccc3)ccc12,HOUBDYRVSAJJFX-UHFFFAOYSA-N,0,train
C/C1=C/C(=O)O[C@@H]2C[C@@H](CC[C@H](C)/C=C\CC1)O[C@@](O)([C@@H]1CSC(=O)N1)C2,0.478,C/C1=C/C(=O)O[C@@H]2C[C@@H](CC[C@H](C)/C=C\CC1)O[C@@](O)([C@@H]1CSC(=O)N1)C2,NSHPHXHGRHSMIK-JRIKCGFMSA-N,1,train
O=C1NCCc2cc(Br)c(O)c(c2)Oc2c(Br)cc(cc2Br)CCNC(=O)/C(=N/O)Cc2cc(Br)c(O)c(c2)Oc2c(Br)cc(cc2Br)C/C1=N\O,0.052,O=C1NCCc2cc(Br)c(O)c(c2)Oc2c(Br)cc(cc2Br)CCNC(=O)/C(=N/O)Cc2cc(Br)c(O)c(c2)Oc2c(Br)cc(cc2Br)C/C1=N\O,WSOCBHDTRCSWRH-PJUICVFASA-N,1,train
CC(C)C(=O)c1c(O)cc(O)c2c1O[C@]1(C)CCCC(C)(C)[C@H]1C2,24.4,CC(C)C(=O)c1c(O)cc(O)c2c1O[C@]1(C)CCCC(C)(C)[C@H]1C2,TXBJAQRFHBPTNC-FOIQADDNSA-N,0,train
CC(C)C[C@H](NC(=O)[C@H](CC(C)C)NC(=O)[C@@H](NC(=O)[C@H](CS)NC(=O)[C@H](CCCNC(=N)N)NC(=O)[C@H](CCCNC(=N)N)NC(=O)[C@H](CC(C)C)NC(=O)[C@H](CCCNC(=N)N)NC(=O)[C@H](CCCNC(=N)N)NC(=O)[C@H](Cc1ccccc1)NC(=O)[C@H](Cc1ccccc1)NC(=O)[C@H](CCCNC(=N)N)NC(=O)[C@H](CCCNC(=N)N)NC(=O)[C@H](Cc1ccccc1)NC(=O)[C@H](CCCNC(=N)N)NC(=O)[C@H](CCCNC(=N)N)NC(=O)[C@@H](NC(=O)[C@@H](N)CC(C)C)C(C)C)C(C)C)C(N)=O,44.53,CC(C)C[C@H](NC(=O)[C@H](CC(C)C)NC(=O)[C@@H](NC(=O)[C@H](CS)NC(=O)[C@H](CCCNC(=N)N)NC(=O)[C@H](CCCNC(=N)N)NC(=O)[C@H](CC(C)C)NC(=O)[C@H](CCCNC(=N)N)NC(=O)[C@H](CCCNC(=N)N)NC(=O)[C@H](Cc1ccccc1)NC(=O)[C@H](Cc1ccccc1)NC(=O)[C@H](CCCNC(=N)N)NC(=O)[C@H](CCCNC(=N)N)NC(=O)[C@H](Cc1ccccc1)NC(=O)[C@H](CCCNC(=N)N)NC(=O)[C@H](CCCNC(=N)N)NC(=O)[C@@H](NC(=O)[C@@H](N)CC(C)C)C(C)C)C(C)C)C(N)=O,HTVSQSKKMPWBFM-XVVQGEHBSA-N,0,train
CC(=O)Nc1ccc2nc(-c3c(N)n[nH]c3C)sc2c1,12.6,CC(=O)Nc1ccc2nc(-c3c(N)n[nH]c3C)sc2c1,NNIZGWWKOQEOAW-UHFFFAOYSA-N,0,train
COc1cc(/C=C2\CCCn3c2nc2ccc(Br)cc2c3=O)cc(OC)c1O,20.0,COc1cc(/C=C2\CCCn3c2nc2ccc(Br)cc2c3=O)cc(OC)c1O,TUXUZXFVQWLEQS-MDWZMJQESA-N,0,train
COc1ccc2oc(=O)c(C(=O)C(F)(F)F)c(Nc3ccc(C)c(O)c3)c2c1,29.43,COc1ccc2oc(=O)c(C(=O)C(F)(F)F)c(Nc3ccc(C)c(O)c3)c2c1,NJPNWPSEHVJZOB-UHFFFAOYSA-N,0,train
CCOP(=O)(OCC)C(NC(=O)c1cc(O)c2c(c1)C(=O)c1cccc(O)c1C2=O)c1cccc(Cl)c1,100.0,CCOP(=O)(OCC)C(NC(=O)c1cc(O)c2c(c1)C(=O)c1cccc(O)c1C2=O)c1cccc(Cl)c1,JTZKFJUKTHLBQW-UHFFFAOYSA-N,0,train
Nc1cc(=O)n(C(=S)Nc2ccc3c(c2)CCC3)[nH]1,83.0,Nc1cc(=O)n(C(=S)Nc2ccc3c(c2)CCC3)[nH]1,RKDJDORYIGWQPB-UHFFFAOYSA-N,0,train
O=C(Nc1ccccc1)c1cccc2cc(Oc3ccnc(Nc4ccccc4)n3)ccc12,0.0057,O=C(Nc1ccccc1)c1cccc2cc(Oc3ccnc(Nc4ccccc4)n3)ccc12,RWSPWJGGPDQSBH-UHFFFAOYSA-N,1,train
O=C(Nc1ccc(Cl)c(C(F)(F)F)c1)Nc1nnc(Sc2ncnc3scc(-c4ccncc4)c23)s1,18.4,O=C(Nc1ccc(Cl)c(C(F)(F)F)c1)Nc1nnc(Sc2ncnc3scc(-c4ccncc4)c23)s1,XMZCXWDGNMLUIA-UHFFFAOYSA-N,0,train
COc1cc2c(Nc3ccc(Br)cc3F)ncnc2cc1OC/C=C/CN1CCCC1.Cl,5.0,COc1cc2c(Nc3ccc(Br)cc3F)ncnc2cc1OC/C=C/CN1CCCC1,ZMAGOHAYMIZJEE-SNAWJCMRSA-N,1,train
Fc1ccc(/C=C/c2nnc(-c3ccc4c(c3)OCCO4)o2)cc1,4.96,Fc1ccc(/C=C/c2nnc(-c3ccc4c(c3)OCCO4)o2)cc1,OBWMGINOLKBRDS-FPYGCLRLSA-N,1,train
Nc1ccccc1NC(=O)c1ccc(CNC(=O)c2cc3ccccc3oc2=O)cc1,100.0,Nc1ccccc1NC(=O)c1ccc(CNC(=O)c2cc3ccccc3oc2=O)cc1,AARZZYNWPZWVKC-UHFFFAOYSA-N,0,train
CCc1ccc2nc(N(CCCCN3CCCCC3)c3ccc(OC)c(OC)c3)sc2c1,3.28,CCc1ccc2nc(N(CCCCN3CCCCC3)c3ccc(OC)c(OC)c3)sc2c1,YAHPFLKYBIORSQ-UHFFFAOYSA-N,1,train
CCn1c(=O)n(Cc2ccc(C(=O)Nc3ccccc3N)cc2)c(=O)c2sccc21,50.0,CCn1c(=O)n(Cc2ccc(C(=O)Nc3ccccc3N)cc2)c(=O)c2sccc21,JYNOJOKYKJNDRW-UHFFFAOYSA-N,0,train
COc1cc2c(cc1OC)-c1n[nH]c(Nc3cccc(Cl)c3)c1C2,1.73,COc1cc2c(cc1OC)-c1n[nH]c(Nc3cccc(Cl)c3)c1C2,WVDRRFJDEHTKNN-UHFFFAOYSA-N,1,train
CC(C)(Oc1ccc(Cl)cc1)C(=O)OCCCOC(=O)CCCCC1CCSS1,800.0,CC(C)(Oc1ccc(Cl)cc1)C(=O)OCCCOC(=O)CCCCC1CCSS1,OLSBTGGHTDNWCL-UHFFFAOYSA-N,0,train
CN1C(=O)N(c2cc(Cl)cc(Cl)c2)C(=O)[C@]12CN(c1ccc(C#N)cn1)C[C@H]2c1ccc(C#N)cc1,0.011,CN1C(=O)N(c2cc(Cl)cc(Cl)c2)C(=O)[C@]12CN(c1ccc(C#N)cn1)C[C@H]2c1ccc(C#N)cc1,DRNHEYGHOPJSOW-BKMJKUGQSA-N,1,train
COc1cc([C@@H]2c3cc4c(cc3[C@@H](Nc3cccc5cc[nH]c35)[C@H]3COC(=O)[C@H]23)OCO4)cc(OC)c1OC,45.5,COc1cc([C@@H]2c3cc4c(cc3[C@@H](Nc3cccc5cc[nH]c35)[C@H]3COC(=O)[C@H]23)OCO4)cc(OC)c1OC,RNEMGHXKEYXMLR-XIFUISQJSA-N,0,train
CCOP(=O)(OCC)C(NC(=O)c1cc(O)c2c(c1)C(=O)c1cccc(O)c1C2=O)c1cccc(OC)c1,100.0,CCOP(=O)(OCC)C(NC(=O)c1cc(O)c2c(c1)C(=O)c1cccc(O)c1C2=O)c1cccc(OC)c1,DOHCPDHSJKWKRU-UHFFFAOYSA-N,0,train
COc1ccc2nc(N/N=C3\CCCc4cccnc43)sc2c1,1.04,COc1ccc2nc(N/N=C3\CCCc4cccnc43)sc2c1,JQADLKDPCNYXLX-XSFVSMFZSA-N,1,train
CCCC[C@@]1(OC)OOC(C)(C)C[C@@H]1C(=O)OC,384.0,CCCC[C@@]1(OC)OOC(C)(C)C[C@@H]1C(=O)OC,POWIRKQGTNVPJG-ZWNOBZJWSA-N,0,train
O=C(c1ccccc1)c1cc(O)c(O)c(Br)c1Br,0.8,O=C(c1ccccc1)c1cc(O)c(O)c(Br)c1Br,XVDJQTFJBGDHEK-UHFFFAOYSA-N,1,train
CCCCCCCC/C=C\CCCCCCCC(=O)OC[C@H](CO[C@@H]1O[C@H](CO)[C@@H](O)[C@H](O)[C@H]1O)OC(=O)CCCCCCC/C=C\CCCCCCCC,110.2,CCCCCCCC/C=C\CCCCCCCC(=O)OC[C@H](CO[C@@H]1O[C@H](CO)[C@@H](O)[C@H](O)[C@H]1O)OC(=O)CCCCCCC/C=C\CCCCCCCC,FYKCSQSTKDUTFT-VWBUXCGVSA-N,0,train
Cc1cccc(NC(=O)Nc2ccc(-c3cc(C)nc4noc(N)c34)cc2)c1,11.67,Cc1cccc(NC(=O)Nc2ccc(-c3cc(C)nc4noc(N)c34)cc2)c1,UFSGCADQVRKELP-UHFFFAOYSA-N,0,train
CC(=O)N[C@@H](CCCCNC(=N)N)C(=O)N(CCC(=O)N[C@@H](CCCCN)C(=O)N(CCC(=O)N[C@@H](CCCCNC(=N)N)C(=O)N(CCC(=O)N[C@@H](CCCCN)C(=O)N(CCC(=O)N[C@@H](CCCCNC(=N)N)C(=O)N(CCC(N)=O)Cc1ccccc1)Cc1ccccc1)Cc1ccccc1)Cc1ccccc1)Cc1ccccc1,1000.0,CC(=O)N[C@@H](CCCCNC(=N)N)C(=O)N(CCC(=O)N[C@@H](CCCCN)C(=O)N(CCC(=O)N[C@@H](CCCCNC(=N)N)C(=O)N(CCC(=O)N[C@@H](CCCCN)C(=O)N(CCC(=O)N[C@@H](CCCCNC(=N)N)C(=O)N(CCC(N)=O)Cc1ccccc1)Cc1ccccc1)Cc1ccccc1)Cc1ccccc1)Cc1ccccc1,JGYLOSSWNKMYBI-CDPWIFDTSA-N,0,train
COc1ccc(CC2COc3cc(OC)c(OC)c(OC)c3C2=O)cc1NC(=O)[C@H](Cc1ccc(OCCCC(=O)O)cc1)NC(=O)OC(C)(C)C,22.0,COc1ccc(CC2COc3cc(OC)c(OC)c(OC)c3C2=O)cc1NC(=O)[C@H](Cc1ccc(OCCCC(=O)O)cc1)NC(=O)OC(C)(C)C,FZEGFZNDTPUWER-WKDCXCOVSA-N,0,train
CN(c1ccc(NC(=O)Cc2ccccc2)cc1)c1ccnc(Nc2cccc(CS(C)(=O)=O)c2)n1,0.049,CN(c1ccc(NC(=O)Cc2ccccc2)cc1)c1ccnc(Nc2cccc(CS(C)(=O)=O)c2)n1,XGJGNIZVSIGIJT-UHFFFAOYSA-N,1,train
COc1ccc2c(c1)[C@]1(C[C@H]1c1ccc3c(/C=C/c4ccc(CN5C[C@@H](C)O[C@@H](C)C5)cc4)n[nH]c3c1)C(=O)N2C,30.0,COc1ccc2c(c1)[C@]1(C[C@H]1c1ccc3c(/C=C/c4ccc(CN5C[C@@H](C)O[C@@H](C)C5)cc4)n[nH]c3c1)C(=O)N2C,UYYCHKFCCDPBMQ-AFYCESQPSA-N,0,train
O=C(O)c1c(O)cccc1CCc1ccc2ccccc2c1,3.3,O=C(O)c1c(O)cccc1CCc1ccc2ccccc2c1,GGVFBUYNEPBFQT-UHFFFAOYSA-N,1,train
COc1cc(-c2snnc2-c2ccc([N+](=O)[O-])cc2)cc(OC)c1OC,1.0,COc1cc(-c2snnc2-c2ccc([N+](=O)[O-])cc2)cc(OC)c1OC,SXTFBZAQZKZUSZ-UHFFFAOYSA-N,1,train
CNC(=O)c1cc(Oc2ccc3c(c2)OCCN3C(=O)Nc2ccc(Cl)cc2)ccn1,1.0,CNC(=O)c1cc(Oc2ccc3c(c2)OCCN3C(=O)Nc2ccc(Cl)cc2)ccn1,YCNZMGUAVHXPOS-UHFFFAOYSA-N,1,train
CCn1nc(C)cc1C(=O)Nc1cccc(Oc2ccc3c(/C=C/c4c[nH]cn4)n[nH]c3c2)c1,0.021,CCn1nc(C)cc1C(=O)Nc1cccc(Oc2ccc3c(/C=C/c4c[nH]cn4)n[nH]c3c2)c1,SZABJAFAVUMGGP-JXMROGBWSA-N,1,train
COc1cc([C@@H]2c3cc4c(cc3[C@@H](O[C@@H]3O[C@@H]5CO[C@@H](c6cccs6)O[C@H]5[C@H](OC(=O)CSc5nc6cc(F)ccc6s5)[C@H]3O)[C@H]3COC(=O)[C@H]23)OCO4)cc(OC)c1O,14.3,COc1cc([C@@H]2c3cc4c(cc3[C@@H](O[C@@H]3O[C@@H]5CO[C@@H](c6cccs6)O[C@H]5[C@H](OC(=O)CSc5nc6cc(F)ccc6s5)[C@H]3O)[C@H]3COC(=O)[C@H]23)OCO4)cc(OC)c1O,CIINBUSPNSMONH-YVHXKXFGSA-N,0,train
Cc1nc2[nH]cnc2cc1-n1c2ccc(F)cc2c2[nH]ncc21,0.01259,Cc1nc2[nH]cnc2cc1-n1c2ccc(F)cc2c2[nH]ncc21,BGVWCIRYUNODHW-UHFFFAOYSA-N,1,train
COc1cc([C@@H]2c3cc4c(cc3[C@H](OC(=O)c3cccs3)[C@H]3COC(=O)[C@H]23)OCO4)cc(OC)c1OC,0.6725,COc1cc([C@@H]2c3cc4c(cc3[C@H](OC(=O)c3cccs3)[C@H]3COC(=O)[C@H]23)OCO4)cc(OC)c1OC,XINUGUXSINPSAG-ZFIFVKQDSA-N,1,train
CN(C)C(=O)c1ccc(-c2ccnc(NCc3ccc(C(=O)Nc4ccccc4N)cc3)n2)cn1,50.0,CN(C)C(=O)c1ccc(-c2ccnc(NCc3ccc(C(=O)Nc4ccccc4N)cc3)n2)cn1,OQBTZGWJYHJXRO-UHFFFAOYSA-N,0,train
NC(=S)N/N=C(\c1ccc(F)cc1)c1cccc(C(=O)c2ccc(F)cc2)c1,126.0,NC(=S)N/N=C(\c1ccc(F)cc1)c1cccc(C(=O)c2ccc(F)cc2)c1,SWNLGOQSAKPQHP-NCELDCMTSA-N,0,train
COc1ccc(CN(C)Cc2ccc3c(c2)OCO3)cc1.Cl,200.0,COc1ccc(CN(C)Cc2ccc3c(c2)OCO3)cc1,BBTUHAYZQQPJFL-UHFFFAOYSA-N,0,train
COc1cccc(-c2cc(O)c3ccc4[nH]ccc4c3n2)c1,5.8,COc1cccc(-c2cc(O)c3ccc4[nH]ccc4c3n2)c1,NIHGSTYLBIYJGL-UHFFFAOYSA-N,1,train
O=C(NCc1ccc(Br)nc1)c1ccc([N+](=O)[O-])o1,16.0,O=C(NCc1ccc(Br)nc1)c1ccc([N+](=O)[O-])o1,XTJONZYSTMUFNX-UHFFFAOYSA-N,0,train
COc1cc(O)cc(OC)c1C(=O)/C=C/c1ccc(O)cc1,100.0,COc1cc(O)cc(OC)c1C(=O)/C=C/c1ccc(O)cc1,SJULMVKFURWCFM-VMPITWQZSA-N,0,train
CS(=O)(=O)c1cccc(-c2cnc3[nH]nc(-c4cc(F)cc(NC(=O)Nc5cncnc5)c4)c3c2)c1,40.0,CS(=O)(=O)c1cccc(-c2cnc3[nH]nc(-c4cc(F)cc(NC(=O)Nc5cncnc5)c4)c3c2)c1,OEHGEOWDIWFUCT-UHFFFAOYSA-N,0,train
CC1=C([Se]CC(OC(=O)[C@@H](CO)NC(=O)OC(C)(C)C)C(=O)NCCCCCC(=O)OCc2ccccc2)C(=O)c2ccccc2C1=O,35.0,CC1=C([Se]CC(OC(=O)[C@@H](CO)NC(=O)OC(C)(C)C)C(=O)NCCCCCC(=O)OCc2ccccc2)C(=O)c2ccccc2C1=O,SEGPBBMHGDTGMN-AVJYQCBHSA-N,0,train
c1ccc(NC2=NCc3c([nH]c4ccccc34)S2)cc1,100.0,c1ccc(NC2=NCc3c([nH]c4ccccc34)S2)cc1,UXTNCHORUVZSFD-UHFFFAOYSA-N,0,train
COc1ccc(/C=C\c2cc(OC)c(OC)c(OC)c2)cc1NC(=O)Nc1cccc(C)c1,4.0,COc1ccc(/C=C\c2cc(OC)c(OC)c(OC)c2)cc1NC(=O)Nc1cccc(C)c1,LREAKYKJIZYKTQ-KTKRTIGZSA-N,1,train
C[C@@H]1C[C@H](C)C[C@H](C)[C@@H](O)CC(=O)O[C@H]([C@@H]2CC[C@H]2C(=O)O)C/C=C/C=C(/C#N)[C@H](O)[C@@H](C)C1,0.5,C[C@@H]1C[C@H](C)C[C@H](C)[C@@H](O)CC(=O)O[C@H]([C@@H]2CC[C@H]2C(=O)O)C/C=C/C=C(/C#N)[C@H](O)[C@@H](C)C1,AOKPUKQFVXDBSJ-GUNUBHQASA-N,1,train
S=C(Nc1cccc(Cl)c1)Nc1ccc2ncnc(Nc3cccc(Br)c3)c2c1,11.5,S=C(Nc1cccc(Cl)c1)Nc1ccc2ncnc(Nc3cccc(Br)c3)c2c1,RVUPEWVGGKZLBK-UHFFFAOYSA-N,0,train
Cc1ccc(CO/N=C2/C(c3c[nH]c4ccc(F)cc34)=Nc3ccc(F)cc32)cc1,100.0,Cc1ccc(CO/N=C2/C(c3c[nH]c4ccc(F)cc34)=Nc3ccc(F)cc32)cc1,QTMRFYTWWHVCPQ-RMLRFSFXSA-N,0,train
CNC(=O)c1cc(Oc2ccc3oc(Nc4ccc(Cl)c(OCC5CCNCC5)c4)nc3c2)ccn1,0.094,CNC(=O)c1cc(Oc2ccc3oc(Nc4ccc(Cl)c(OCC5CCNCC5)c4)nc3c2)ccn1,BTZADJMCMGCPTD-UHFFFAOYSA-N,1,train
Cc1cnc(C(=O)Oc2ccc(C(N)=S)cc2)c[n+]1[O-],713.7,Cc1cnc(C(=O)Oc2ccc(C(N)=S)cc2)c[n+]1[O-],CHGLOKINWAQYRX-UHFFFAOYSA-N,0,train
COc1ccc2c3c(c4cc(OC)c(OC)cc4c2c1)C[C@H]1CCCCN1C3,0.011,COc1ccc2c3c(c4cc(OC)c(OC)cc4c2c1)C[C@H]1CCCCN1C3,RSHYSOGXGSUUIJ-OAHLLOKOSA-N,1,train
O=C(Nc1ccc2[nH]c(-c3ccc(Cl)cc3)nc2c1)c1ccc(Cl)c(F)c1,13.38,O=C(Nc1ccc2[nH]c(-c3ccc(Cl)cc3)nc2c1)c1ccc(Cl)c(F)c1,BIQPJGBFAUWNIA-UHFFFAOYSA-N,0,train
CC[C@H](C)[C@H](NC(=O)CN)C(=O)NCC(=O)N[C@@H](C)C(=O)N[C@H](C(=O)N[C@@H](CC(C)C)C(=O)N[C@@H](CCCCN)C(=O)N[C@H](C(=O)N[C@@H](CC(C)C)C(=O)N[C@H](C(=O)N[C@H](C(=O)NCC(=O)N[C@@H](CC(C)C)C(=O)N1CCC[C@H]1C(=O)N[C@@H](C)C(=O)N[C@@H](CC(C)C)C(=O)N[C@H](C(=O)N[C@@H](CO)C(=O)N[C@@H](Cc1c[nH]c2ccccc12)C(=O)N[C@H](C(=O)N[C@@H](CCCCN)C(=O)N[C@@H](CCCNC(=N)N)C(=O)N[C@@H](CCCCN)C(=O)N[C@@H](CCCNC(=N)N)C(=O)N[C@@H](CCC(N)=O)C(=O)N[C@@H](CCC(N)=O)C(N)=O)[C@@H](C)CC)[C@@H](C)CC)[C@@H](C)O)[C@@H](C)O)C(C)C)C(C)C,13.0,CC[C@H](C)[C@H](NC(=O)CN)C(=O)NCC(=O)N[C@@H](C)C(=O)N[C@H](C(=O)N[C@@H](CC(C)C)C(=O)N[C@@H](CCCCN)C(=O)N[C@H](C(=O)N[C@@H](CC(C)C)C(=O)N[C@H](C(=O)N[C@H](C(=O)NCC(=O)N[C@@H](CC(C)C)C(=O)N1CCC[C@H]1C(=O)N[C@@H](C)C(=O)N[C@@H](CC(C)C)C(=O)N[C@H](C(=O)N[C@@H](CO)C(=O)N[C@@H](Cc1c[nH]c2ccccc12)C(=O)N[C@H](C(=O)N[C@@H](CCCCN)C(=O)N[C@@H](CCCNC(=N)N)C(=O)N[C@@H](CCCCN)C(=O)N[C@@H](CCCNC(=N)N)C(=O)N[C@@H](CCC(N)=O)C(=O)N[C@@H](CCC(N)=O)C(N)=O)[C@@H](C)CC)[C@@H](C)CC)[C@@H](C)O)[C@@H](C)O)C(C)C)C(C)C,VDXZNPDIRNWWCW-JFTDCZMZSA-N,0,train
N[C@H](C(=O)NCCc1ccccc1)[C@@H]1CC(Br)=NO1,100.0,N[C@H](C(=O)NCCc1ccccc1)[C@@H]1CC(Br)=NO1,YPIQSXYFQTXOKS-JQWIXIFHSA-N,0,train
COc1ccc(N(C)c2cc(OC)c(OC)c(OC)c2)cc1,0.035,COc1ccc(N(C)c2cc(OC)c(OC)c(OC)c2)cc1,RZXXPASDJPXENB-UHFFFAOYSA-N,1,train
CC(C)OC(=O)/C=C/c1coc2ccccc2c1=O,232.0,CC(C)OC(=O)/C=C/c1coc2ccccc2c1=O,NEEBAIUDRMDTRS-BQYQJAHWSA-N,0,train
Cc1[nH]nc(N)c1-c1nc2cc(F)ccc2s1,18.5,Cc1[nH]nc(N)c1-c1nc2cc(F)ccc2s1,UPFLHWHGWALIPT-UHFFFAOYSA-N,0,train
O=c1cnc(CCc2ccccc2)c2n1CCC2,41.5,O=c1cnc(CCc2ccccc2)c2n1CCC2,YCDNFIFPTPRDLT-UHFFFAOYSA-N,0,train
Cn1cncc1C(=O)N1CCN(C(=O)c2ccc(-c3nc4c(C(N)=O)cccc4[nH]3)cc2)CC1,100.0,Cn1cncc1C(=O)N1CCN(C(=O)c2ccc(-c3nc4c(C(N)=O)cccc4[nH]3)cc2)CC1,FLVIJLRODKDBON-UHFFFAOYSA-N,0,train
COC(C)(C)CCOc1cccc(OCc2[nH]c3ccccc3c(=O)c2C)c1,0.0083,COC(C)(C)CCOc1cccc(OCc2[nH]c3ccccc3c(=O)c2C)c1,XNAMKPFNISMWSM-UHFFFAOYSA-N,1,train
Cc1ncsc1-c1ccc([C@H](C)NC(=O)[C@@H]2C[C@@H](O)CN2C(=O)[C@@H](NC(=O)CCCCCCCNC(=O)c2ccc(C(=O)N3CCC(CCCCNC(=O)/C=C/c4cccnc4)CC3)cc2)C(C)(C)C)cc1,0.0003,Cc1ncsc1-c1ccc([C@H](C)NC(=O)[C@@H]2C[C@@H](O)CN2C(=O)[C@@H](NC(=O)CCCCCCCNC(=O)c2ccc(C(=O)N3CCC(CCCCNC(=O)/C=C/c4cccnc4)CC3)cc2)C(C)(C)C)cc1,WVDMNRIXHVDNLQ-GXSYQCEUSA-N,1,train
Cc1ccc(NS(=O)(=O)c2ccccc2)c(C(=O)O)c1,0.1,Cc1ccc(NS(=O)(=O)c2ccccc2)c(C(=O)O)c1,HXQLTRSIZRSFTR-UHFFFAOYSA-N,1,train
Cc1ccc2nc3c4ccccc4c(NCCCCCCC(=O)Nc4ccccc4N)nn3c(=O)c2c1,4.07,Cc1ccc2nc3c4ccccc4c(NCCCCCCC(=O)Nc4ccccc4N)nn3c(=O)c2c1,BGWSGNZRIOHAJA-UHFFFAOYSA-N,1,train
Cc1ccc(CC(=O)Nc2ccc3oc(-c4ccccc4Br)nc3c2)cc1,23.58,Cc1ccc(CC(=O)Nc2ccc3oc(-c4ccccc4Br)nc3c2)cc1,LRWXGIDJANFCGZ-UHFFFAOYSA-N,0,train
COC(=O)Nc1nc2cc(C(=O)c3cccs3)ccc2[nH]1,11.5,COC(=O)Nc1nc2cc(C(=O)c3cccs3)ccc2[nH]1,KYRVNWMVYQXFEU-UHFFFAOYSA-N,0,train
CCOP(=O)(CCCCn1cc(CN2C(=O)c3cccc4c(Br)ccc(c34)C2=O)nn1)OCC,250.0,CCOP(=O)(CCCCn1cc(CN2C(=O)c3cccc4c(Br)ccc(c34)C2=O)nn1)OCC,SNSFWGRMYGHBPX-UHFFFAOYSA-N,0,train
Clc1ccc(-c2c[nH]nn2)cc1,5.0,Clc1ccc(-c2c[nH]nn2)cc1,CGWXLIIVSXHAOP-UHFFFAOYSA-N,1,train
Nc1nc2c(s1)CSc1ccccc1-2,1.9,Nc1nc2c(s1)CSc1ccccc1-2,WGBUMKYAWGTOBY-UHFFFAOYSA-N,1,train
CCOP(=O)(OCC)[C@@H]1C[C@@H](Cn2c(=O)n(C(=O)c3ccc(F)cc3)c(=O)c3ccccc32)ON1C,250.0,CCOP(=O)(OCC)[C@@H]1C[C@@H](Cn2c(=O)n(C(=O)c3ccc(F)cc3)c(=O)c3ccccc32)ON1C,MZMAYYYLWGEQHA-GHTZIAJQSA-N,0,train
N#Cc1ccc(-n2cc(-c3ccc(C=C4C(=O)Nc5ccc(F)cc54)cc3)nn2)cc1,20.0,N#Cc1ccc(-n2cc(-c3ccc(C=C4C(=O)Nc5ccc(F)cc54)cc3)nn2)cc1,SBORJZZEYKYCBE-UHFFFAOYSA-N,0,train
CCCCC1(CCCC)C[C@H](C(=O)OC)[C@](CCCC)(OC)OO1,107.9,CCCCC1(CCCC)C[C@H](C(=O)OC)[C@](CCCC)(OC)OO1,JATTZUINJNBXKQ-VQIMIIECSA-N,0,train
CCOC(=O)CNC(=O)C(=O)C(COCc1ccccc1)NC(=O)[C@H](CC1CCCCC1)NC(=O)c1cccc([N+](=O)[O-])c1,50.0,CCOC(=O)CNC(=O)C(=O)C(COCc1ccccc1)NC(=O)[C@H](CC1CCCCC1)NC(=O)c1cccc([N+](=O)[O-])c1,XBUBPRKAPGUVJJ-PMCHYTPCSA-N,0,train
C=CC(=O)Nc1ccc(Cn2cnc3c(-c4cc5ccccc5s4)ncnc32)cc1,79.12,C=CC(=O)Nc1ccc(Cn2cnc3c(-c4cc5ccccc5s4)ncnc32)cc1,VWRIGODGUPSDSL-UHFFFAOYSA-N,0,train
CCCCCCC1CC(C/C=C\Br)OO1,2.29,CCCCCCC1CC(C/C=C\Br)OO1,SVIGSIATSUJDAM-TWGQIWQCSA-N,1,train
NCC(=O)Nc1cc(CSc2ncccc2C(=O)Nc2ccc(OC(F)(F)F)cc2)ccn1,0.049,NCC(=O)Nc1cc(CSc2ncccc2C(=O)Nc2ccc(OC(F)(F)F)cc2)ccn1,DTAYTVXFJSGNRQ-UHFFFAOYSA-N,1,train
COc1cc(CN(C)Cc2ccc3c(c2)OCO3)cc(OC)c1OC.Cl,200.0,COc1cc(CN(C)Cc2ccc3c(c2)OCO3)cc(OC)c1OC,KXJPBHCRJVSMBG-UHFFFAOYSA-N,0,train
Cc1ccc(Sc2cncc3sc(/C=N/OCC(=O)O)cc23)cc1,84.0,Cc1ccc(Sc2cncc3sc(/C=N/OCC(=O)O)cc23)cc1,JBRKJDSSPYHLAV-FBCYGCLPSA-N,0,train
CC(OC(=O)CCCC(=O)N(CCS(C)(=O)=O)Cc1ccc(-c2ccc3ncnc(Nc4ccc(OCc5cccc(F)c5)c(Cl)c4)c3c2)o1)c1cc2c(o1)C(=O)c1ccccc1C2=O,63.31,CC(OC(=O)CCCC(=O)N(CCS(C)(=O)=O)Cc1ccc(-c2ccc3ncnc(Nc4ccc(OCc5cccc(F)c5)c(Cl)c4)c3c2)o1)c1cc2c(o1)C(=O)c1ccccc1C2=O,MFEJSNOCFGDCKD-UHFFFAOYSA-N,0,train
Nc1ccccc1NC(=O)c1ccc(CNc2nccc(-c3ccc(CN4CCOCC4)cc3)n2)cc1,27.0,Nc1ccccc1NC(=O)c1ccc(CNc2nccc(-c3ccc(CN4CCOCC4)cc3)n2)cc1,HNSYFKMTZIFTMU-UHFFFAOYSA-N,0,train
COC(=O)c1ccc2c(c1)NC(=O)/C2=C(\Nc1ccc(N(CCCN(C)C)C(C)=O)cc1)c1ccccc1,0.015,COC(=O)c1ccc2c(c1)NC(=O)/C2=C(\Nc1ccc(N(CCCN(C)C)C(C)=O)cc1)c1ccccc1,JBJZIAHKSVQDAN-DQSJHHFOSA-N,1,train
CS(=O)(=O)Cc1cccc(Nc2nccc(Oc3ccc4c(C(=O)Nc5ccccc5F)cccc4c3)n2)c1,0.0106,CS(=O)(=O)Cc1cccc(Nc2nccc(Oc3ccc4c(C(=O)Nc5ccccc5F)cccc4c3)n2)c1,HWOWAMMFDPEPEW-UHFFFAOYSA-N,1,train
CCC(C)n1ncn(-c2ccc(N3CCN(c4ccc(OC[C@@H]5CO[C@@](Cn6cncn6)(c6ccc(Cl)cc6Cl)O5)cn4)CC3)cc2)c1=O,0.3798,CCC(C)n1ncn(-c2ccc(N3CCN(c4ccc(OC[C@@H]5CO[C@@](Cn6cncn6)(c6ccc(Cl)cc6Cl)O5)cn4)CC3)cc2)c1=O,QDQZABBSVKVFIX-ZAYNPTSRSA-N,1,train
COc1cc(Nc2n[nH]c3cc(C)ccc23)cc(OC)c1OC,25.0,COc1cc(Nc2n[nH]c3cc(C)ccc23)cc(OC)c1OC,WXYDIUWYBVAKRX-UHFFFAOYSA-N,0,train
CC(C)(C)c1ccc(S(=O)(=O)Nc2ccc(/C=C/C(=O)Nc3ccccc3N)cc2)cc1,37.0,CC(C)(C)c1ccc(S(=O)(=O)Nc2ccc(/C=C/C(=O)Nc3ccccc3N)cc2)cc1,IBFGWVALMOAFKU-LICLKQGHSA-N,0,train
COc1cc(Nc2ncnc(Nc3ccccc3C(=O)NC3CC3)n2)cc(OC)c1OC,5.9,COc1cc(Nc2ncnc(Nc3ccccc3C(=O)NC3CC3)n2)cc(OC)c1OC,ZSDJMTZGKAWLSX-UHFFFAOYSA-N,1,train
CCOC(=O)CN(Cc1cccc(F)c1)c1ccc2c(c1)N(C)CC(C)(COc1ccc(C#N)cc1)O2,100.0,CCOC(=O)CN(Cc1cccc(F)c1)c1ccc2c(c1)N(C)CC(C)(COc1ccc(C#N)cc1)O2,XJXTYECGSDXPLO-UHFFFAOYSA-N,0,train
NCCCCCOC[C@@H]1[C@@H](OCc2ccccc2)[C@H](OCc2ccccc2)[C@@H](OCc2ccccc2)CN1CCc1c[nH]c2ccccc12,12.6,NCCCCCOC[C@@H]1[C@@H](OCc2ccccc2)[C@H](OCc2ccccc2)[C@@H](OCc2ccccc2)CN1CCc1c[nH]c2ccccc12,JIZLTCCSRQRYNK-SZRGUQLDSA-N,0,train
CNC(=O)c1cc(Oc2ccc3[nH]c(Nc4ccc(Cl)c(CN5CCN(C)CC5)c4)nc3c2)ccn1,0.146,CNC(=O)c1cc(Oc2ccc3[nH]c(Nc4ccc(Cl)c(CN5CCN(C)CC5)c4)nc3c2)ccn1,IAEHNTOVVLQNQX-UHFFFAOYSA-N,1,train
NC1CC1c1ccccc1,1420.0,NC1CC1c1ccccc1,AELCINSCMGFISI-UHFFFAOYSA-N,0,train
O=C(Nc1cccc(C(=O)c2ccc3c(/C=N/n4cccc4)n[nH]c3c2)c1)c1ccccc1,0.0019,O=C(Nc1cccc(C(=O)c2ccc3c(/C=N/n4cccc4)n[nH]c3c2)c1)c1ccccc1,RARPTZXQXCPSPS-WPWMEQJKSA-N,1,train
O=C(Nc1ccc(F)cc1)Nc1nnc(Sc2ncnc3scc(-c4ccncc4)c23)s1,28.3,O=C(Nc1ccc(F)cc1)Nc1nnc(Sc2ncnc3scc(-c4ccncc4)c23)s1,VEMGKCDYGPLDRD-UHFFFAOYSA-N,0,train
Nc1ccccc1NC(=O)c1ccc(Cn2c(=O)[nH]c3ccsc3c2=O)cc1,29.0,Nc1ccccc1NC(=O)c1ccc(Cn2c(=O)[nH]c3ccsc3c2=O)cc1,XAQLBPYOFGXFIX-UHFFFAOYSA-N,0,train
CCc1ccc2nc(C(c3ccc(OC)c(OC)c3)n3cc(CCN4CCCC4)nn3)sc2c1,2.84,CCc1ccc2nc(C(c3ccc(OC)c(OC)c3)n3cc(CCN4CCCC4)nn3)sc2c1,ZDEDCQIDNXPHNW-UHFFFAOYSA-N,1,train
CCc1cccc2c(C(=O)O)c(O)c(-c3ccc(Cl)cc3)nc12,10.0,CCc1cccc2c(C(=O)O)c(O)c(-c3ccc(Cl)cc3)nc12,LAGVLCJPVMUVGT-UHFFFAOYSA-N,1,train
Cc1cc(NCCN)c2c3c4c(cc(O)c13)C(C)(C)C(=O)c1c(O)cc(O)c(c1-4)C2=O,1.2,Cc1cc(NCCN)c2c3c4c(cc(O)c13)C(C)(C)C(=O)c1c(O)cc(O)c(c1-4)C2=O,HZABQDGBUGAFOJ-UHFFFAOYSA-N,1,train
COc1cc(CC(=O)Nc2ccc3oc(-c4ccccc4)nc3c2)cc(OC)c1OC,19.21,COc1cc(CC(=O)Nc2ccc3oc(-c4ccccc4)nc3c2)cc(OC)c1OC,GKTWCSNAWGADPC-UHFFFAOYSA-N,0,train
CCC1=C[C@@H]2CN(C1)C[C@H](C(=O)OC)Cc1c([nH]c3ccccc13)[C@@](C(=O)OC)(c1cc3c(cc1OC)N(C)[C@H]1[C@@](O)(C(=O)OC)[C@H](OC(C)=O)[C@]4(CC)C=CCN5CC[C@]31[C@@H]54)C2,0.008,CCC1=C[C@@H]2CN(C1)C[C@H](C(=O)OC)Cc1c([nH]c3ccccc13)[C@@](C(=O)OC)(c1cc3c(cc1OC)N(C)[C@H]1[C@@](O)(C(=O)OC)[C@H](OC(C)=O)[C@]4(CC)C=CCN5CC[C@]31[C@@H]54)C2,QLRSUTPMRJVBOB-LGOXCPFQSA-N,1,train
Cc1[nH]c(/C=C2\C(=O)Nc3ccccc32)c(C)c1CCC(=O)O,3.9,Cc1[nH]c(/C=C2\C(=O)Nc3ccccc32)c(C)c1CCC(=O)O,NHFDRBXTEDBWCZ-ZROIWOOFSA-N,1,train
COc1ccc2c(c1)SCc1cnc(Nc3cccc(F)c3)nc1-2,11.48,COc1ccc2c(c1)SCc1cnc(Nc3cccc(F)c3)nc1-2,WQLKAKOOLPHRNZ-UHFFFAOYSA-N,0,train
CCN(CC)Cc1cc(-c2ccccc2)n(Nc2ccnc3cc(Cl)ccc23)c1C,16.694,CCN(CC)Cc1cc(-c2ccccc2)n(Nc2ccnc3cc(Cl)ccc23)c1C,LKMNYDKTEBWIKR-UHFFFAOYSA-N,0,train
Nc1nc(-c2cccc3ccccc23)cn1/N=C/c1cc2ccccc2nc1Cl,50.0,Nc1nc(-c2cccc3ccccc23)cn1/N=C/c1cc2ccccc2nc1Cl,BOGPBERJXCYAOH-LGJNPRDNSA-N,0,train
NC(=O)c1nnn([C@@H]2O[C@H](CO)[C@@H](O)[C@H]2O)c1CF,1000.0,NC(=O)c1nnn([C@@H]2O[C@H](CO)[C@@H](O)[C@H]2O)c1CF,FSFRQGRBDFQIOY-FJGDRVTGSA-N,0,train
O=C1NCCc2ccc(c(Br)c2)Oc2cc(cc(Br)c2O)CCNC(=O)/C(=N/O)Cc2cc(Br)c(O)c(c2)Oc2c(Br)cc(cc2Br)C/C1=N\O,0.12,O=C1NCCc2ccc(c(Br)c2)Oc2cc(cc(Br)c2O)CCNC(=O)/C(=N/O)Cc2cc(Br)c(O)c(c2)Oc2c(Br)cc(cc2Br)C/C1=N\O,AHBBQQLIUBAPCY-DCRHPOARSA-N,1,train
COc1cccc(/C=C/c2nc(C)c(C)nc2C)c1O,28.9,COc1cccc(/C=C/c2nc(C)c(C)nc2C)c1O,KWVLGNVZQAQTNY-CMDGGOBGSA-N,0,train
COc1cc(/C=N/Nc2nc(-c3cccc(Br)c3)cs2)c(Br)c(Br)c1OC,100.0,COc1cc(/C=N/Nc2nc(-c3cccc(Br)c3)cs2)c(Br)c(Br)c1OC,YYMUAVBTOWHGMO-GZIVZEMBSA-N,0,train
COc1ccc(CCc2cccc(NC(=O)Nc3ccc(Cl)cc3)c2)cc1,200.0,COc1ccc(CCc2cccc(NC(=O)Nc3ccc(Cl)cc3)c2)cc1,ZRBWQTJAQXUBMX-UHFFFAOYSA-N,0,train
O=S(=O)(Nc1cc(Sc2ncnc3nc[nH]c23)c(O)c2ccccc12)c1ccc(-c2ccccc2)cc1,10.76,O=S(=O)(Nc1cc(Sc2ncnc3nc[nH]c23)c(O)c2ccccc12)c1ccc(-c2ccccc2)cc1,UCLRPAKBFDLSTO-UHFFFAOYSA-N,0,train
O=C(CCl)Nc1ccc(Cn2cnc3c(Cl)ncnc32)cc1,63.97,O=C(CCl)Nc1ccc(Cn2cnc3c(Cl)ncnc32)cc1,JBKNAGMDCQZDMX-UHFFFAOYSA-N,0,train
CCN(CC)c1ccc(/C=C2\Oc3ccc(O)cc3C2=O)cc1,0.25,CCN(CC)c1ccc(/C=C2\Oc3ccc(O)cc3C2=O)cc1,KKUDCPBBRHKTQT-WQRHYEAKSA-N,1,train
COc1ccc(CC2COc3cc(OC)c(OC)c(OC)c3C2=O)cc1OC(=O)[C@H](Cc1ccccc1)NC(=O)OCc1ccccc1,100.0,COc1ccc(CC2COc3cc(OC)c(OC)c(OC)c3C2=O)cc1OC(=O)[C@H](Cc1ccccc1)NC(=O)OCc1ccccc1,QCJGKCLENVWFDK-GEVKEYJPSA-N,0,train
Cc1ccc2ccc3c(c2n1)NS(=O)(=O)c1ccc(O)cc1-3,6.7,Cc1ccc2ccc3c(c2n1)NS(=O)(=O)c1ccc(O)cc1-3,YXCQOKDIVHUISG-UHFFFAOYSA-N,1,train
CCc1ccc(OC)c(COc2ccc(Cl)c(C)c2)c1,40.0,CCc1ccc(OC)c(COc2ccc(Cl)c(C)c2)c1,MBMNNLJIFDXRKQ-UHFFFAOYSA-N,0,train
COc1c(C)c2c(c(O)c1C/C=C(\C)CCC(=O)O)C(=O)OC2,0.0992,COc1c(C)c2c(c(O)c1C/C=C(\C)CCC(=O)O)C(=O)OC2,HPNSFSBZBAHARI-RUDMXATFSA-N,1,train
CNc1nccc(Oc2ccc3c(C(=O)Nc4ccc(Cl)cc4)cccc3c2)n1,0.296,CNc1nccc(Oc2ccc3c(C(=O)Nc4ccc(Cl)cc4)cccc3c2)n1,UKFXPJQEYJBYQU-UHFFFAOYSA-N,1,train
CN[C@@H](C)C(=O)N[C@H](C(=O)N1CC[C@H]2CC[C@H](NC(=O)C(c3ccccc3)c3ccccc3)[C@H]21)C(C)(C)C,10.0,CN[C@@H](C)C(=O)N[C@H](C(=O)N1CC[C@H]2CC[C@H](NC(=O)C(c3ccccc3)c3ccccc3)[C@H]21)C(C)(C)C,BGWQMUKSEXDJIL-PCVPZPMISA-N,1,train
Cc1cc2c(c3oc(=O)ccc13)[C@@H](OC(=O)C13CCC(C)(C(=O)O1)C3(C)C)[C@@H](OC(=O)C13CCC(C)(C(=O)O1)C3(C)C)C(C)(C)O2,2000.0,Cc1cc2c(c3oc(=O)ccc13)[C@@H](OC(=O)C13CCC(C)(C(=O)O1)C3(C)C)[C@@H](OC(=O)C13CCC(C)(C(=O)O1)C3(C)C)C(C)(C)O2,ANMPAJRYDAXOON-QFSSIGTRSA-N,0,train
C[C@@H]1O[C@@]1(C)C(=O)C[C@@H]1[C@@]2(C)[C@@H](O)CCC(C)(C)[C@]2(O)CC[C@@]1(C)O,10.0,C[C@@H]1O[C@@]1(C)C(=O)C[C@@H]1[C@@]2(C)[C@@H](O)CCC(C)(C)[C@]2(O)CC[C@@]1(C)O,IYXYEOGFUBDIEI-SXFTZYMTSA-N,1,train
COc1ccc(-c2cc(-c3ccc(O)cc3)nc(Nc3ccc(NC(=O)CN4CCOCC4)cc3)n2)cc1,10.2,COc1ccc(-c2cc(-c3ccc(O)cc3)nc(Nc3ccc(NC(=O)CN4CCOCC4)cc3)n2)cc1,SVRIXEVVGFHZIX-UHFFFAOYSA-N,0,train
COc1ccc(N/N=C2\C(=O)N(CCCn3cncn3)c3ccc(Br)cc32)cc1,20.0,COc1ccc(N/N=C2\C(=O)N(CCCn3cncn3)c3ccc(Br)cc32)cc1,FYTQHBLTCLCPGL-PLRJNAJWSA-N,0,train
CN1C(=O)[C@]23CC4=CC=C[C@H](O)[C@H]4N2C(=O)[C@@]1(CO)SS3,0.123,CN1C(=O)[C@]23CC4=CC=C[C@H](O)[C@H]4N2C(=O)[C@@]1(CO)SS3,FIVPIPIDMRVLAY-RBJBARPLSA-N,1,train
COc1cc2c(Nc3ccc(Cl)cc3F)ncnc2cc1OC[C@@H]1CCCN(C)C1,5.0,COc1cc2c(Nc3ccc(Cl)cc3F)ncnc2cc1OC[C@@H]1CCCN(C)C1,OZVUSEVFXCWUBV-CQSZACIVSA-N,1,train
CC(=O)O[C@@H]1CC[C@]2(C)[C@H]3C(=O)C=C4[C@@H]5[C@@H](C)[C@H](C)CC[C@]5(C)CC[C@@]4(C)[C@]3(C)CC[C@H]2[C@@]1(C)C#N,100.0,CC(=O)O[C@@H]1CC[C@]2(C)[C@H]3C(=O)C=C4[C@@H]5[C@@H](C)[C@H](C)CC[C@]5(C)CC[C@@]4(C)[C@]3(C)CC[C@H]2[C@@]1(C)C#N,HPESEFPOVXTVFI-QFPULOKLSA-N,0,train
CCCCOc1cccc(OCc2[nH]c3ccccc3c(=O)c2C)c1,0.0047,CCCCOc1cccc(OCc2[nH]c3ccccc3c(=O)c2C)c1,OZGZYZKEQPEDDJ-UHFFFAOYSA-N,1,train
CS(=O)(=O)Cc1cccc(Nc2nccc(Oc3ccc4c(C(=O)Nc5cccc(Cl)c5)cccc4c3)n2)c1,0.1,CS(=O)(=O)Cc1cccc(Nc2nccc(Oc3ccc4c(C(=O)Nc5cccc(Cl)c5)cccc4c3)n2)c1,QVHASGWRJQLJHE-UHFFFAOYSA-N,1,train
O=C(Nc1ccc(Cn2cnc3c(Cl)ncnc32)cc1)C1CC1,81.25,O=C(Nc1ccc(Cn2cnc3c(Cl)ncnc32)cc1)C1CC1,ZXKALWYYLPSYSO-UHFFFAOYSA-N,0,train
CS(=O)(=O)c1ccc(-c2cn(-c3ccc(Cl)c(-c4ccccn4)c3)nn2)c(Cl)c1,9.6,CS(=O)(=O)c1ccc(-c2cn(-c3ccc(Cl)c(-c4ccccn4)c3)nn2)c(Cl)c1,GQAKSCNOEGEOQU-UHFFFAOYSA-N,1,train
CCCCCCOC(=O)C1=CC[C@@]23CC[C@@H]([C@@](C)(/C=C/C=C(\C)C(=O)O)OC2=O)[C@@]3(OC(C)=O)CC1,0.569,CCCCCCOC(=O)C1=CC[C@@]23CC[C@@H]([C@@](C)(/C=C/C=C(\C)C(=O)O)OC2=O)[C@@]3(OC(C)=O)CC1,ZFCZZEQQXKJBQU-SZJOQHQFSA-N,1,train
COc1cc([C@H]2Oc3cc([C@H]4Oc5cc(O)cc(O)c5C(=O)[C@@H]4O)ccc3O[C@@H]2CO)ccc1O,8.83,COc1cc([C@H]2Oc3cc([C@H]4Oc5cc(O)cc(O)c5C(=O)[C@@H]4O)ccc3O[C@@H]2CO)ccc1O,SEBFKMXJBCUCAI-HKTJVKLFSA-N,1,train
Cc1c(C)[n+](Cc2ccccc2)c(C)n1Cc1ccccc1.[Cl-],100.0,Cc1c(C)[n+](Cc2ccccc2)c(C)n1Cc1ccccc1,OWCQOVSUTZNRQI-UHFFFAOYSA-N,0,train
Cn1ncc2c(Oc3ccc4c(c3)nc(Nc3ccc(F)cc3)n4C)ncnc21,12.81,Cn1ncc2c(Oc3ccc4c(c3)nc(Nc3ccc(F)cc3)n4C)ncnc21,RAFSWDCWKHRJKB-UHFFFAOYSA-N,0,train
Cc1ccc2cc(NC(=O)c3ccccc3Sc3ccc4c(/C=C/c5ccccn5)n[nH]c4c3)ccc2n1,0.0008,Cc1ccc2cc(NC(=O)c3ccccc3Sc3ccc4c(/C=C/c5ccccn5)n[nH]c4c3)ccc2n1,MQSIQRVEZZYHGE-LFIBNONCSA-N,1,train
CN(c1ccc(NC(=O)Nc2cc(C(F)(F)F)ccc2F)cc1)c1ccnc(Nc2cccc(S(N)(=O)=O)c2)n1,0.01,CN(c1ccc(NC(=O)Nc2cc(C(F)(F)F)ccc2F)cc1)c1ccnc(Nc2cccc(S(N)(=O)=O)c2)n1,PPTQWMQTXBVAHT-UHFFFAOYSA-N,1,train
COc1cc(OCCOc2no[n+]([O-])c2S(=O)(=O)c2ccccc2)ccc1C(=O)N/N=C/c1ccc(F)cc1,3.2,COc1cc(OCCOc2no[n+]([O-])c2S(=O)(=O)c2ccccc2)ccc1C(=O)N/N=C/c1ccc(F)cc1,SGBSCHONEJEYGU-JVWAILMASA-N,1,train
CC(C)CCC[C@@H](C)[C@H]1CC[C@H]2[C@@H]3CC[C@H]4C[C@@H](O[C@@H]5O[C@H](COS(=O)(=O)[O-])[C@@H](O[C@@H]6O[C@H](COS(=O)(=O)[O-])[C@@H](OS(=O)(=O)[O-])[C@H](OS(=O)(=O)[O-])[C@H]6OS(=O)(=O)[O-])[C@H](OS(=O)(=O)[O-])[C@H]5OS(=O)(=O)[O-])CC[C@]4(C)[C@H]3CC[C@]12C.[Na+].[Na+].[Na+].[Na+].[Na+].[Na+].[Na+],5.6,CC(C)CCC[C@@H](C)[C@H]1CC[C@H]2[C@@H]3CC[C@H]4C[C@@H](O[C@@H]5O[C@H](COS(=O)(=O)O)[C@@H](O[C@@H]6O[C@H](COS(=O)(=O)O)[C@@H](OS(=O)(=O)O)[C@H](OS(=O)(=O)O)[C@H]6OS(=O)(=O)O)[C@H](OS(=O)(=O)O)[C@H]5OS(=O)(=O)O)CC[C@]4(C)[C@H]3CC[C@]12C,XOYJAKGZWNQGAS-TZYKUJDESA-N,1,train
O=C(c1cccc(NC(=O)c2cc(Cl)ccn2)c1)c1ccc2c(/C=C/c3ccccc3)n[nH]c2c1,0.0034,O=C(c1cccc(NC(=O)c2cc(Cl)ccn2)c1)c1ccc2c(/C=C/c3ccccc3)n[nH]c2c1,YHYAOULYMNYCJH-FMIVXFBMSA-N,1,train
COc1cc2nccc(Oc3ccc4c(C(=O)NC5CCCC5)cccc4c3)c2cc1OC,0.0066,COc1cc2nccc(Oc3ccc4c(C(=O)NC5CCCC5)cccc4c3)c2cc1OC,KEGATCOFPMKYRA-UHFFFAOYSA-N,1,train
COc1cc(C2Oc3cc([C@H]4Oc5cc(O)cc(O)c5C(=O)[C@@H]4O)ccc3OC2CO)ccc1OC(=O)c1cc(O)c(O)c(O)c1,10.35,COc1cc(C2Oc3cc([C@H]4Oc5cc(O)cc(O)c5C(=O)[C@@H]4O)ccc3OC2CO)ccc1OC(=O)c1cc(O)c(O)c(O)c1,WUNQFXCLPRQVGR-PPAMPUCNSA-N,0,train
CNC(=O)c1cc2c(Oc3ccc(C(=N)NO)cc3)cncc2s1,10.0,CNC(=O)c1cc2c(Oc3ccc(C(=N)NO)cc3)cncc2s1,BOQSTBPGWXNKDW-UHFFFAOYSA-N,1,train
Nc1ccccc1NC(=O)CCCCCNc1nn2c(=O)c3cc(Br)ccc3nc2c2ccccc12,15.4,Nc1ccccc1NC(=O)CCCCCNc1nn2c(=O)c3cc(Br)ccc3nc2c2ccccc12,AGSBZZIFUWVYQV-UHFFFAOYSA-N,0,train
CN1C(=O)N(c2cc(Cl)cc(Cl)c2)C(=O)[C@]12CN(c1nc3cc(C(=O)O)ccc3o1)C[C@H]2c1ccc(C#N)cc1,0.004,CN1C(=O)N(c2cc(Cl)cc(Cl)c2)C(=O)[C@]12CN(c1nc3cc(C(=O)O)ccc3o1)C[C@H]2c1ccc(C#N)cc1,ADBMUKYDRHZIQJ-RBTNQOKQSA-N,1,train
Cc1ccc2cc(/C=C/C(=O)c3sccc3Br)c(Cl)nc2c1,0.06191,Cc1ccc2cc(/C=C/C(=O)c3sccc3Br)c(Cl)nc2c1,ATVBIAYEQVUQND-SNAWJCMRSA-N,1,train
CC1=C([Se]CC(OC(=O)CC[Se]c2ccccc2)C(=O)NCCCCCC(=O)OCc2ccccc2)C(=O)c2ccccc2C1=O,3.0,CC1=C([Se]CC(OC(=O)CC[Se]c2ccccc2)C(=O)NCCCCCC(=O)OCc2ccccc2)C(=O)c2ccccc2C1=O,AXOXQZPICBHFQZ-UHFFFAOYSA-N,1,train
NCCCC[C@@H](N)C(=O)N[C@H](CCCCN)C(=O)N[C@H](Cc1c[nH]c2ccccc12)C(=O)N[C@H](Cc1c[nH]c2ccccc12)C(=O)N[C@H](CCCCN)C(=O)N[C@H](CCCCN)C(=O)N[C@H](Cc1c[nH]c2ccccc12)C(=O)N[C@@H](C(=O)N[C@H](CCCCN)C(N)=O)C(c1ccccc1)c1ccccc1,26.1,NCCCC[C@@H](N)C(=O)N[C@H](CCCCN)C(=O)N[C@H](Cc1c[nH]c2ccccc12)C(=O)N[C@H](Cc1c[nH]c2ccccc12)C(=O)N[C@H](CCCCN)C(=O)N[C@H](CCCCN)C(=O)N[C@H](Cc1c[nH]c2ccccc12)C(=O)N[C@@H](C(=O)N[C@H](CCCCN)C(N)=O)C(c1ccccc1)c1ccccc1,GGAKLYWEFZCVIT-WCRWLLLKSA-N,0,train
CO/N=C(\C)c1ccc2c(c1)c1c3c(c4c(c1n2CC(C)C)CCc1nn(C)cc1-4)C(=O)NC3,0.001,CO/N=C(\C)c1ccc2c(c1)c1c3c(c4c(c1n2CC(C)C)CCc1nn(C)cc1-4)C(=O)NC3,UGGGUUOMJJSLOR-FJEPWZHXSA-N,1,train
NC/C(=C\F)COc1ccc(C(N)=O)cc1,100.0,NC/C(=C\F)COc1ccc(C(N)=O)cc1,CUIDJRZBPVHOGV-VMPITWQZSA-N,0,train
Brc1ccc(-c2c[nH]nn2)cc1Br,2.0,Brc1ccc(-c2c[nH]nn2)cc1Br,QWOZQCRUQWZVGU-UHFFFAOYSA-N,1,train
CC1(C)CCc2c(cc(O)c(C(=O)c3ccc(O)c(O)c3)c2O)O1,0.88,CC1(C)CCc2c(cc(O)c(C(=O)c3ccc(O)c(O)c3)c2O)O1,FXFMNOHBFJIVEH-UHFFFAOYSA-N,1,train
c1cc2[nH]nc(-c3nc4cc(N5CCC(N6CCCCC6)CC5)ccc4[nH]3)c2cc1NCC1CCCCC1,0.22,c1cc2[nH]nc(-c3nc4cc(N5CCC(N6CCCCC6)CC5)ccc4[nH]3)c2cc1NCC1CCCCC1,HMKZBWZSRGIVPM-UHFFFAOYSA-N,1,train
Br.COc1ccc2c(c1)CCc1c(-c3ccccc3)c3n(c1-2)[B-](F)(F)[N+]1=C(c2ccc(OCc4cn(CCC[P+](c5ccccc5)(c5ccccc5)c5ccccc5)nn4)cc2)C(I)=C(c2ccccc2)C1=N3,0.0136999999999999,COc1ccc2c(c1)CCc1c(-c3ccccc3)c3n(c1-2)[B-](F)(F)[N+]1=C(c2ccc(OCc4cn(CCC[P+](c5ccccc5)(c5ccccc5)c5ccccc5)nn4)cc2)C(I)=C(c2ccccc2)C1=N3,RUHADYOVKMGQQG-UHFFFAOYSA-N,1,train
CC(=O)O[C@]12CC=C(C)C(=O)C[C@]13CC[C@H]2[C@@](C)(/C=C/C=C(\C)C(=O)O)OC3=O,10.0,CC(=O)O[C@]12CC=C(C)C(=O)C[C@]13CC[C@H]2[C@@](C)(/C=C/C=C(\C)C(=O)O)OC3=O,UBHOILGODYTXTA-MRFLEFCVSA-N,1,train
O=C(c1cccc(NC(=O)C2CC2)c1)c1ccc2[nH]nc(/C=C/c3ccccn3)c2c1,0.048,O=C(c1cccc(NC(=O)C2CC2)c1)c1ccc2[nH]nc(/C=C/c3ccccn3)c2c1,UWUGPNROWDYDDJ-ZRDIBKRKSA-N,1,train
Cc1ccc(Sc2cncc3sc(C(=O)O)cc23)cc1,68.0,Cc1ccc(Sc2cncc3sc(C(=O)O)cc23)cc1,XMFGQDABHQXFFK-UHFFFAOYSA-N,0,train
N#CC1(NC(=O)[C@H](Cc2cccnc2)NC(=O)c2cccc(-c3ncc[nH]3)c2)CC1,16.0,N#CC1(NC(=O)[C@H](Cc2cccnc2)NC(=O)c2cccc(-c3ncc[nH]3)c2)CC1,QWPJTGULBYJGHB-SFHVURJKSA-N,0,train
O=C(O)/C(Cc1ccccc1[N+](=O)[O-])=N\Nc1nc(-c2ccc(Cl)c(Cl)c2)cs1,67.5,O=C(O)/C(Cc1ccccc1[N+](=O)[O-])=N\Nc1nc(-c2ccc(Cl)c(Cl)c2)cs1,KFRKRECSIYXARE-HMAPJEAMSA-N,0,train
Cc1c(F)c(N)cc(C(=O)Nc2cc(-n3cc(C(=O)NC4CCOCC4)nn3)ccc2N2CCN(C)CC2)c1Cl,100.0,Cc1c(F)c(N)cc(C(=O)Nc2cc(-n3cc(C(=O)NC4CCOCC4)nn3)ccc2N2CCN(C)CC2)c1Cl,WKDPERRTFWPQQI-UHFFFAOYSA-N,0,train
COc1ccc(-c2cc3cc(OC)ccc3nc2Nc2ccc(NC(=O)CN3CCCCC3)cc2)cc1,50.0,COc1ccc(-c2cc3cc(OC)ccc3nc2Nc2ccc(NC(=O)CN3CCCCC3)cc2)cc1,GNKJGMOLXYIYKF-UHFFFAOYSA-N,0,train
NC1=NC(c2ccccc2)Cc2cccc(F)c21,80.0,NC1=NC(c2ccccc2)Cc2cccc(F)c21,OTLLMGWJZKFCGF-UHFFFAOYSA-N,0,train
COc1ccc(/C=C\c2cc(OC)c(OC)c(OC)c2)cc1NC(=O)Oc1ccccc1F,0.18,COc1ccc(/C=C\c2cc(OC)c(OC)c(OC)c2)cc1NC(=O)Oc1ccccc1F,FEBYLVNCPPEEMH-KTKRTIGZSA-N,1,train
COC(=O)Cn1cc(CN2C(=O)[C@H](C)[C@@H]3CC[C@@H](C)[C@@H]4CC[C@@]5(C)OO[C@]43[C@H]2O5)nn1,250.0,COC(=O)Cn1cc(CN2C(=O)[C@H](C)[C@@H]3CC[C@@H](C)[C@@H]4CC[C@@]5(C)OO[C@]43[C@H]2O5)nn1,SHHDBVSWQJAHPJ-JRCQXGDJSA-N,0,train
O=C(Cc1csc2nc3ccccc3n12)Nc1cccc2ccccc12,100.0,O=C(Cc1csc2nc3ccccc3n12)Nc1cccc2ccccc12,YYZPEAOQTDYVEG-UHFFFAOYSA-N,0,train
Cc1nc(N(C)c2ccc(OC(F)(F)F)cc2)c2nc(C)n(C)c2n1,100.0,Cc1nc(N(C)c2ccc(OC(F)(F)F)cc2)c2nc(C)n(C)c2n1,HSYRZVJVBFESAW-UHFFFAOYSA-N,0,train
Nc1ccccc1NC(=O)c1ccc(CNc2cc(-c3cccnc3)ncn2)cc1,42.0,Nc1ccccc1NC(=O)c1ccc(CNc2cc(-c3cccnc3)ncn2)cc1,IWKSOZWUODSTEF-UHFFFAOYSA-N,0,train
CN1c2ccc(F)cc2C(=O)N2CCc3c([nH]c4ccc(O)cc34)[C@H]21,0.016,CN1c2ccc(F)cc2C(=O)N2CCc3c([nH]c4ccc(O)cc34)[C@H]21,PLPWVVCBUWODOH-SFHVURJKSA-N,1,train
COc1cc(-c2nnsc2-c2ccc(F)cc2)cc(OC)c1OC,1.0,COc1cc(-c2nnsc2-c2ccc(F)cc2)cc(OC)c1OC,ULIJCJXRYSKXDE-UHFFFAOYSA-N,1,train
CCOC(=O)/C=C1/C(=O)N(CC(=O)OCC)c2ccc(Br)cc21,10.0,CCOC(=O)/C=C1/C(=O)N(CC(=O)OCC)c2ccc(Br)cc21,YISNRWUJFKMIGC-XYOKQWHBSA-N,1,train
COc1ccc(-c2ccc3c(c2)NC(=O)/C3=C\c2[nH]c3c(c2CCC(=O)O)CCCC3)cc1,0.18,COc1ccc(-c2ccc3c(c2)NC(=O)/C3=C\c2[nH]c3c(c2CCC(=O)O)CCCC3)cc1,IEDHIXOGGAHSLI-JCMHNJIXSA-N,1,train
COc1ccc2c(Oc3ccc(NC(=O)c4c(C)n(CC(C)C)n(-c5ccccc5)c4=O)cc3F)ccnc2c1,0.329,COc1ccc2c(Oc3ccc(NC(=O)c4c(C)n(CC(C)C)n(-c5ccccc5)c4=O)cc3F)ccnc2c1,AROMUEFGOQGFHF-UHFFFAOYSA-N,1,train
COc1cc(/C=N/Nc2nc(-c3cc(C(F)(F)F)cc(C(F)(F)F)c3)cs2)c(Br)c(Br)c1OC,100.0,COc1cc(/C=N/Nc2nc(-c3cc(C(F)(F)F)cc(C(F)(F)F)c3)cs2)c(Br)c(Br)c1OC,ATYHCVIUMHWDBP-HBRQFSJYSA-N,0,train
NC(=O)c1cccc2[nH]c(-c3ccc(C(=O)NC4CCN(c5ccco5)C4)c(F)c3)nc12,67.14,NC(=O)c1cccc2[nH]c(-c3ccc(C(=O)NC4CCN(c5ccco5)C4)c(F)c3)nc12,KFRWKSUNAHGYEF-UHFFFAOYSA-N,0,train
Nc1cc2cc(c1O)Oc1c(Br)cc(cc1Br)CCNC(=O)/C(=N/O)Cc1cc(N)c(O)c(c1)Oc1c(Br)cc(cc1Br)C/C(=N/O)C(=O)NCC2,0.96,Nc1cc2cc(c1O)Oc1c(Br)cc(cc1Br)CCNC(=O)/C(=N/O)Cc1cc(N)c(O)c(c1)Oc1c(Br)cc(cc1Br)C/C(=N/O)C(=O)NCC2,IRCPPALTVAEWTK-OBWYSMLFSA-N,1,train
CCOP(=O)(OCC)C(NC(=O)C(C)Oc1ccc2c(c1O)C(=O)c1ccccc1C2=O)c1cccc2ccccc12,40.5,CCOP(=O)(OCC)C(NC(=O)C(C)Oc1ccc2c(c1O)C(=O)c1ccccc1C2=O)c1cccc2ccccc12,IFYHDNAFNWCGPV-UHFFFAOYSA-N,0,train
O=C1Nc2ccc(F)cc2/C1=C/c1ccc(-c2cn(-c3ccc(Cl)c(C(F)(F)F)c3)nn2)cc1,20.0,O=C1Nc2ccc(F)cc2/C1=C/c1ccc(-c2cn(-c3ccc(Cl)c(C(F)(F)F)c3)nn2)cc1,BJSDFJONOHASER-NVMNQCDNSA-N,0,train
CCOC(=O)/C=C/c1c(C)oc2ccc(O)cc12,27.6,CCOC(=O)/C=C/c1c(C)oc2ccc(O)cc12,KMRNCEAZTRYYNM-FNORWQNLSA-N,0,train
CC(C)c1ccc2c(c1)CC[C@H]1[C@](C)(C/N=C/c3cc(C(C)(C)C)cc(C(C)(C)C)c3O)CCC[C@]21C,41.0,CC(C)c1ccc2c(c1)CC[C@H]1[C@](C)(C/N=C/c3cc(C(C)(C)C)cc(C(C)(C)C)c3O)CCC[C@]21C,CFNHPIQSUXHYAG-ZWTZKACTSA-N,0,train
CCn1nc(C)cc1C(=O)Nc1cccc(Oc2ccc3c(/C=C/c4ccccc4)n[nH]c3c2)c1,0.029,CCn1nc(C)cc1C(=O)Nc1cccc(Oc2ccc3c(/C=C/c4ccccc4)n[nH]c3c2)c1,FLJFVPZELCLKOC-NTCAYCPXSA-N,1,train
CCCCCCC1CC(C/C=C\Cl)OO1,6.13,CCCCCCC1CC(C/C=C\Cl)OO1,IRLIDHUFSWPAJH-TWGQIWQCSA-N,1,train
N#CC1=C(N)Oc2c(N)cc3nc4ccccc4nc3c2C12C(=O)N(Cc1cnnn1-c1ccc([N+](=O)[O-])cc1[N+](=O)[O-])c1ccccc12,50.0,N#CC1=C(N)Oc2c(N)cc3nc4ccccc4nc3c2C12C(=O)N(Cc1cnnn1-c1ccc([N+](=O)[O-])cc1[N+](=O)[O-])c1ccccc12,VBSDILFNOBVBAR-UHFFFAOYSA-N,0,train
Cc1ccc(NC(=O)[C@]23CC[C@@H](C)[C@H](C)[C@H]2C2=CC(=O)[C@@H]4[C@@]5(C)C[C@@H](O)[C@H](O)[C@@](C)(CO)[C@@H]5CC[C@@]4(C)[C@]2(C)CC3)cc1,100.0,Cc1ccc(NC(=O)[C@]23CC[C@@H](C)[C@H](C)[C@H]2C2=CC(=O)[C@@H]4[C@@]5(C)C[C@@H](O)[C@H](O)[C@@](C)(CO)[C@@H]5CC[C@@]4(C)[C@]2(C)CC3)cc1,RCQQLBKTURGHQV-FPEVDAAFSA-N,0,train
CCN(CC)CCCN1/C(=C/c2cc(/C=C/c3c[nH]c4ccccc34)[n+](C)c3ccccc23)Sc2ccccc21.[I-],14.5,CCN(CC)CCCN1/C(=C/c2cc(/C=C/c3c[nH]c4ccccc34)[n+](C)c3ccccc23)Sc2ccccc21,DAYHKXKPNBCOSO-BGDIREAQSA-O,0,train
COc1cc2nccc(Oc3ccc4c(C(N)=O)cccc4c3)c2cc1OC,0.0021,COc1cc2nccc(Oc3ccc4c(C(N)=O)cccc4c3)c2cc1OC,FNVQWFPDIYQCSF-UHFFFAOYSA-N,1,train
C=CCOC(=O)/C=C/c1coc2ccccc2c1=O,251.0,C=CCOC(=O)/C=C/c1coc2ccccc2c1=O,MAFKZABXOKSJJZ-BQYQJAHWSA-N,0,train
Cc1cccc(C(=O)Nc2ccc(Nc3ccc([N+](=O)[O-])c4ncnc(O)c34)cc2)c1,47.0,Cc1cccc(C(=O)Nc2ccc(Nc3ccc([N+](=O)[O-])c4ncnc(O)c34)cc2)c1,WOODRZRUSTVIRV-UHFFFAOYSA-N,0,train
COc1ccc2c(c1)CCc1c(-c3ccccc3)c3n(c1-2)[B-](F)(F)[N+]1=C(c2ccc(OCc4cn(CCCNC(=O)c5c(F)c(F)c(F)c(F)c5F)nn4)cc2)C(I)=C(c2ccccc2)C1=N3,0.219,COc1ccc2c(c1)CCc1c(-c3ccccc3)c3n(c1-2)[B-](F)(F)[N+]1=C(c2ccc(OCc4cn(CCCNC(=O)c5c(F)c(F)c(F)c(F)c5F)nn4)cc2)C(I)=C(c2ccccc2)C1=N3,KNZWJDQVPUVGRX-UHFFFAOYSA-N,1,train
COC(=O)Oc1cc2c(cc1OC)[C@H]1CC[C@]3(C)C(=O)CC[C@H]3[C@@H]1CC2,32.87,COC(=O)Oc1cc2c(cc1OC)[C@H]1CC[C@]3(C)C(=O)CC[C@H]3[C@@H]1CC2,VPNCZLQFIHTDBF-WMGWYHAVSA-N,0,train
CC[C@H](C)n1ncn(-c2ccc(N3CCN(c4ccc(OC[C@H]5CO[C@@](C)(c6ccc(Cl)cc6Cl)O5)cc4)CC3)cc2)c1=O,78.3,CC[C@H](C)n1ncn(-c2ccc(N3CCN(c4ccc(OC[C@H]5CO[C@@](C)(c6ccc(Cl)cc6Cl)O5)cc4)CC3)cc2)c1=O,DSUBUDBDRUEAAT-WEAUAQJVSA-N,0,train
O=C(c1cccc(NC(=O)c2ccccn2)c1)c1ccc2c(/C=C/c3ccccn3)n[nH]c2c1,0.001,O=C(c1cccc(NC(=O)c2ccccn2)c1)c1ccc2c(/C=C/c3ccccn3)n[nH]c2c1,REMLFRXUYLTAHC-ACCUITESSA-N,1,train
CCOC(=O)C1ON(c2ccccc2)C(c2ccc([N+](=O)[O-])cc2)C12C(=O)Nc1ccccc12,217.0,CCOC(=O)C1ON(c2ccccc2)C(c2ccc([N+](=O)[O-])cc2)C12C(=O)Nc1ccccc12,PTFRBCBIJXGCCE-UHFFFAOYSA-N,0,train
CC=C1CC[C@H]2[C@@H]3CCc4cc(O)c(OC)cc4[C@H]3CC[C@]12C,0.26,CC=C1CC[C@H]2[C@@H]3CCc4cc(O)c(OC)cc4[C@H]3CC[C@]12C,YCOIXZXLPKORPQ-ONFYXGJMSA-N,1,train
CC(C)c1cccc(-n2cc(CN3C(=O)[C@H](C)[C@@H]4CC[C@@H](C)[C@@H]5CC[C@@]6(C)OO[C@]54[C@H]3O6)nn2)c1,30.0,CC(C)c1cccc(-n2cc(CN3C(=O)[C@H](C)[C@@H]4CC[C@@H](C)[C@@H]5CC[C@@]6(C)OO[C@]54[C@H]3O6)nn2)c1,AISGVOIQQHKSCN-PPZWFELCSA-N,0,train
CC(C)CNC(=N)NC(=N)Nc1ccc(C(F)(F)F)cc1,8.5,CC(C)CNC(=N)NC(=N)Nc1ccc(C(F)(F)F)cc1,JXOHSFOLTWPYFM-UHFFFAOYSA-N,1,train
COc1cc(C(=O)c2c(N)oc3c(O)c(OC)ccc23)cc(OC)c1OC,0.0019,COc1cc(C(=O)c2c(N)oc3c(O)c(OC)ccc23)cc(OC)c1OC,WHIZKSTYGYPORO-UHFFFAOYSA-N,1,train
COc1cc2c(c(OC)c1OC)-c1ccc(OC)c(=O)cc1[C@@H](N)CC2,0.034,COc1cc2c(c(OC)c1OC)-c1ccc(OC)c(=O)cc1[C@@H](N)CC2,HFPMXDMZJUJZBX-AWEZNQCLSA-N,1,train
COC1=C(Cc2ccc(OC)cc2)C(=O)C2=C(NCCS2(=O)=O)C1=O,17.9,COC1=C(Cc2ccc(OC)cc2)C(=O)C2=C(NCCS2(=O)=O)C1=O,UZHWVXOSIYKPMU-UHFFFAOYSA-N,0,train
COc1ccc2[nH]c(COc3cccc(OCC4CCOCC4)c3)c(C)c(=O)c2c1,10.0,COc1ccc2[nH]c(COc3cccc(OCC4CCOCC4)c3)c(C)c(=O)c2c1,QNAHKNKLDYYZQN-UHFFFAOYSA-N,1,train
Cc1cc(=O)oc2cc(OCCOc3no[n+]([O-])c3S(=O)(=O)c3ccccc3)ccc12,0.034,Cc1cc(=O)oc2cc(OCCOc3no[n+]([O-])c3S(=O)(=O)c3ccccc3)ccc12,LXAIPMNZUHIOOZ-UHFFFAOYSA-N,1,train
CNC(=O)c1ccc(O[C@H]2CC[C@H](NC(=O)Nc3ccc(OC(F)(F)F)cc3)CC2)cc1,25.0,CNC(=O)c1ccc(O[C@H]2CC[C@H](NC(=O)Nc3ccc(OC(F)(F)F)cc3)CC2)cc1,JNPWHXLRBKEIPP-RZDIXWSQSA-N,0,train
COc1ccc2c(C(=O)c3cc(OC)c(OC)c(OC)c3)c(Br)oc2c1,0.309,COc1ccc2c(C(=O)c3cc(OC)c(OC)c(OC)c3)c(Br)oc2c1,UOSNIQFPVNZJES-UHFFFAOYSA-N,1,train
CCC(C)n1ncn(-c2ccc(N3CCN(c4ccc(OC[C@@H]5CO[C@@](Cn6nnnc6C)(c6ccc(Cl)cc6Cl)O5)cc4)CC3)cc2)c1=O,0.101,CCC(C)n1ncn(-c2ccc(N3CCN(c4ccc(OC[C@@H]5CO[C@@](Cn6nnnc6C)(c6ccc(Cl)cc6Cl)O5)cc4)CC3)cc2)c1=O,XTFQFJIAVRCMPW-CEAPFGRNSA-N,1,train
CCOC(=O)C(=O)N(Cc1ccc(F)c(F)c1)c1ccc2c(c1)OC(C)(COc1ccc(C(=N)N)cc1)CN2C,6.7,CCOC(=O)C(=O)N(Cc1ccc(F)c(F)c1)c1ccc2c(c1)OC(C)(COc1ccc(C(=N)N)cc1)CN2C,QLNHOCKNFPMCPS-UHFFFAOYSA-N,1,train
O=C(CN1CCCC1)Nc1ccc(Nc2nc(-c3ccc(O)cc3)cc(-c3ccc(O)cc3)n2)cc1,7.0,O=C(CN1CCCC1)Nc1ccc(Nc2nc(-c3ccc(O)cc3)cc(-c3ccc(O)cc3)n2)cc1,BYQVEUMZJFWYKF-UHFFFAOYSA-N,1,train
Cc1ccc(S(=O)(=O)Nc2ccc(/C=C/C(=O)Nc3ccccc3N)cc2)cc1,37.0,Cc1ccc(S(=O)(=O)Nc2ccc(/C=C/C(=O)Nc3ccccc3N)cc2)cc1,WBGXKEVRNQTTMO-XNTDXEJSSA-N,0,train
C=CCc1cc(-c2ccc(OC)cc2OC)ccc1O,100.0,C=CCc1cc(-c2ccc(OC)cc2OC)ccc1O,CAKCQBZDZFWGBS-UHFFFAOYSA-N,0,train
Nc1ccccc1NC(=O)c1ccc(CNc2nccc(-c3cnccn3)n2)cc1,23.0,Nc1ccccc1NC(=O)c1ccc(CNc2nccc(-c3cnccn3)n2)cc1,TUFXIENZRKTCAF-UHFFFAOYSA-N,0,train
CC(CC[C@H]1/C(=C/c2ccc(I)cc2)CC[C@H]2C(C)(C)CCC[C@]12C)CC(=O)O,100.0,CC(CC[C@H]1/C(=C/c2ccc(I)cc2)CC[C@H]2C(C)(C)CCC[C@]12C)CC(=O)O,LSFFLLISRSQMBG-KDWPZALGSA-N,0,train
COc1ccc(-c2csc(NC(C)=O)n2)cc1OC,10.0,COc1ccc(-c2csc(NC(C)=O)n2)cc1OC,JPXJNNWMFNBEHD-UHFFFAOYSA-N,1,train
CSc1cc(CSc2ncccc2C(=O)Nc2cc(C)cc(C)c2)ccn1,0.1,CSc1cc(CSc2ncccc2C(=O)Nc2cc(C)cc(C)c2)ccn1,MIUXRMJWAADAQH-UHFFFAOYSA-N,1,train
CCOP(=O)(OCC)c1c(-c2ccc(Cl)cc2)oc2c1C(=O)c1cccnc1C2=O,0.11,CCOP(=O)(OCC)c1c(-c2ccc(Cl)cc2)oc2c1C(=O)c1cccnc1C2=O,BRHDACMGILWOCD-UHFFFAOYSA-N,1,train
COC(=O)C1=CC[C@@]23CC[C@@H]([C@@](C)(/C=C/C=C(\C)C(=O)O)OC2=O)[C@@]3(OC(=O)c2ccccc2)CC1,5.0,COC(=O)C1=CC[C@@]23CC[C@@H]([C@@](C)(/C=C/C=C(\C)C(=O)O)OC2=O)[C@@]3(OC(=O)c2ccccc2)CC1,FYFLNWVNUDIWHZ-DSCYRWMBSA-N,1,train
Nc1nc(-c2ccc(Br)cc2)cn1/N=C/c1cc2ccccc2nc1Cl,11.94,Nc1nc(-c2ccc(Br)cc2)cn1/N=C/c1cc2ccccc2nc1Cl,UGRVWDKUGHGWAE-AUEPDCJTSA-N,0,train
O=C1CCC(N2C(=O)C(c3ccccc3)=C(c3ccccc3)C2=O)C(=O)N1,50.0,O=C1CCC(N2C(=O)C(c3ccccc3)=C(c3ccccc3)C2=O)C(=O)N1,UYSWKDCMTOFDLN-UHFFFAOYSA-N,0,train
N#Cc1cccc(-n2cc(-c3ccc(/C=C4\C(=O)Nc5ccccc54)cc3)nn2)c1,20.0,N#Cc1cccc(-n2cc(-c3ccc(/C=C4\C(=O)Nc5ccccc54)cc3)nn2)c1,MJOXUFHUQRZZLV-BKUYFWCQSA-N,0,train
COc1ccc2oc(C(N)=O)c(OC(C)C)c2c1,5.0,COc1ccc2oc(C(N)=O)c(OC(C)C)c2c1,MMKNKHIEUJNORL-UHFFFAOYSA-N,1,train
CN(C)c1ccc(/C=C2/CC[C@@]3(C)[C@@H](CC[C@@H]3c3ccc4ccncc4c3)C2)cc1,15.0,CN(C)c1ccc(/C=C2/CC[C@@]3(C)[C@@H](CC[C@@H]3c3ccc4ccncc4c3)C2)cc1,RJCWTZDREAFWPD-XDUOHMMSSA-N,0,train
COc1ccc(Nc2nc3cc(Oc4ncnc5c4cnn5C)ccc3n2C)cc1,90.89,COc1ccc(Nc2nc3cc(Oc4ncnc5c4cnn5C)ccc3n2C)cc1,BCKTZGUDDOOVSO-UHFFFAOYSA-N,0,train
CCCNCCn1cc(CN(c2ccc(OC)c(OC)c2)c2nc3ccc(CC)cc3s2)nn1,6.15,CCCNCCn1cc(CN(c2ccc(OC)c(OC)c2)c2nc3ccc(CC)cc3s2)nn1,JQRPJLAPKHULJH-UHFFFAOYSA-N,1,train
CC(Nc1ccccc1Oc1ccc(N)cc1)=C1C(=O)CC(c2ccccc2)CC1=O,0.047,CC(Nc1ccccc1Oc1ccc(N)cc1)=C1C(=O)CC(c2ccccc2)CC1=O,LAKAYQQZZSOOBZ-UHFFFAOYSA-N,1,train
CN1CCN(Cc2cc(Nc3nc4cc(Oc5ccnc6[nH]ccc56)ccc4[nH]3)ccc2Cl)CC1,0.143,CN1CCN(Cc2cc(Nc3nc4cc(Oc5ccnc6[nH]ccc56)ccc4[nH]3)ccc2Cl)CC1,GXVPRRQXIWVLPD-UHFFFAOYSA-N,1,train
C=C1C(=O)C=C[C@]2(C)[C@@H]1CC[C@@]13CC(=O)N(Cc4ccccc4)[C@@](C)(CC[C@H]12)C3,6.8,C=C1C(=O)C=C[C@]2(C)[C@@H]1CC[C@@]13CC(=O)N(Cc4ccccc4)[C@@](C)(CC[C@H]12)C3,LSEWOWYZGMWDKD-ZTMZBBTCSA-N,1,train
COC(=O)Nc1cc2c(cc1OC)[C@H]1CC[C@]3(C)C(=O)CC[C@H]3[C@@H]1CC2,8.22,COC(=O)Nc1cc2c(cc1OC)[C@H]1CC[C@]3(C)C(=O)CC[C@H]3[C@@H]1CC2,WBUWPVCZVHZLGO-WMGWYHAVSA-N,1,train
COc1cc2ncnc(Oc3ccc4c(C(=O)Nc5ccc(Cl)cc5)cccc4c3)c2cc1OC,0.002,COc1cc2ncnc(Oc3ccc4c(C(=O)Nc5ccc(Cl)cc5)cccc4c3)c2cc1OC,CGYFTXHGLOCTTK-UHFFFAOYSA-N,1,train
Cc1cc(O)c2c3c4c(cc(O)c13)C(C)(C)C(=O)c1c(O)c(CN(CC(=O)O)CC(=O)O)c(O)c(c1-4)C2=O,34.3,Cc1cc(O)c2c3c4c(cc(O)c13)C(C)(C)C(=O)c1c(O)c(CN(CC(=O)O)CC(=O)O)c(O)c(c1-4)C2=O,XFRIHUQGAFZMCI-UHFFFAOYSA-N,0,train
COc1ccc(/C=C2\COc3cc(OC)c(OC)c(OC)c3C2=O)cc1OCc1ccccc1,16.0,COc1ccc(/C=C2\COc3cc(OC)c(OC)c(OC)c3C2=O)cc1OCc1ccccc1,RSJSJMLUSOYUEW-XDHOZWIPSA-N,0,train
CC(C)(Nc1nc(NO)nc(Nc2ccc3ncsc3c2)n1)c1ccccc1,0.84,CC(C)(Nc1nc(NO)nc(Nc2ccc3ncsc3c2)n1)c1ccccc1,DOXJXXFTEWRETQ-UHFFFAOYSA-N,1,train
Cn1ncc2c(Oc3ccc4c(c3)nc(Nc3ccc(C(F)(F)F)cc3)n4C)ncnc21,12.56,Cn1ncc2c(Oc3ccc4c(c3)nc(Nc3ccc(C(F)(F)F)cc3)n4C)ncnc21,DWMGBIWNTXVRQW-UHFFFAOYSA-N,0,train
COc1ccc(Oc2ccccc2NC(C)=C2C(=O)CC(c3ccccc3)CC2=O)cc1OC,0.14,COc1ccc(Oc2ccccc2NC(C)=C2C(=O)CC(c3ccccc3)CC2=O)cc1OC,JYHZXWRVJCHCBP-UHFFFAOYSA-N,1,train
Nc1ccc(-c2cccs2)cc1NC(=O)c1ccc(-c2cn(CCc3ccccn3)nn2)cc1,4.35,Nc1ccc(-c2cccs2)cc1NC(=O)c1ccc(-c2cn(CCc3ccccn3)nn2)cc1,YKRBAGNCPWIGQG-UHFFFAOYSA-N,1,train
OCCN1CCN(CCCN2c3ccccc3Sc3ccc(Cl)cc32)CC1,97.76,OCCN1CCN(CCCN2c3ccccc3Sc3ccc(Cl)cc32)CC1,RGCVKNLCSQQDEP-UHFFFAOYSA-N,0,train
CN1CCC(Cc2cccc(CNC3(c4ccc(F)cc4)CCCC3)c2)CC1(C)C,30.0,CN1CCC(Cc2cccc(CNC3(c4ccc(F)cc4)CCCC3)c2)CC1(C)C,SKZIZWUODRZXFE-UHFFFAOYSA-N,0,train
O=S(=O)(Cc1ccccc1)Nc1cccc(CNc2ncnc3c2cnn3CCc2ccccc2)c1,50.73,O=S(=O)(Cc1ccccc1)Nc1cccc(CNc2ncnc3c2cnn3CCc2ccccc2)c1,FAASTMSXLOAGEV-UHFFFAOYSA-N,0,train
Cc1ccccc1NC(=O)CCC(=O)OCCCCCCSc1ccc([N+](=O)[O-])c2nonc12,1.41,Cc1ccccc1NC(=O)CCC(=O)OCCCCCCSc1ccc([N+](=O)[O-])c2nonc12,WUJVTMVDVOILKL-UHFFFAOYSA-N,1,train
CN1C(=O)N(c2cc(Cl)cc(Cl)c2)C(=O)[C@]12CN(c1ncc(C(=O)O)s1)C[C@H]2c1ccc(C#N)cc1,0.005,CN1C(=O)N(c2cc(Cl)cc(Cl)c2)C(=O)[C@]12CN(c1ncc(C(=O)O)s1)C[C@H]2c1ccc(C#N)cc1,BFZWHXBQAYWTFR-MHECFPHRSA-N,1,train
O=C(Nc1ccc(Cl)cc1)c1cccnc1SCc1ccncc1,0.23,O=C(Nc1ccc(Cl)cc1)c1cccnc1SCc1ccncc1,RJHSHBLFZBDOTN-UHFFFAOYSA-N,1,train
COc1ccc(/C=C\c2cc(OC)c(OC)c(OC)c2)cc1N,0.0113,COc1ccc(/C=C\c2cc(OC)c(OC)c(OC)c2)cc1N,QSAMWSFELUCKOA-WAYWQWQTSA-N,1,train
FC(F)(F)c1cc(NC2=NCc3c([nH]c4ccccc34)S2)cc(C(F)(F)F)c1,49.6,FC(F)(F)c1cc(NC2=NCc3c([nH]c4ccccc34)S2)cc(C(F)(F)F)c1,HGTZICPMJVMEBF-UHFFFAOYSA-N,0,train
CC(C)(C)c1ocnc1/C=c1\[nH]c(=O)/c(=C/c2cccc(F)c2)[nH]c1=O,0.01,CC(C)(C)c1ocnc1/C=c1\[nH]c(=O)/c(=C/c2cccc(F)c2)[nH]c1=O,KDIORCLKTIMSOG-SFGFDRCGSA-N,1,train
CC(C)=CCC[C@@]1(C)Oc2c(c(O)cc(O)c2C(=O)C(C)C)C[C@@H]1O,23.4,CC(C)=CCC[C@@]1(C)Oc2c(c(O)cc(O)c2C(=O)C(C)C)C[C@@H]1O,OTCGNFYHXWMHCW-OXJNMPFZSA-N,0,train
COc1ccc(CC(=O)Nc2ccc3oc(-c4ccc(OC)cc4)nc3c2)cc1,63.57,COc1ccc(CC(=O)Nc2ccc3oc(-c4ccc(OC)cc4)nc3c2)cc1,SONUYGMWICYRPC-UHFFFAOYSA-N,0,train
Fc1ccc(/C=N/Nc2nc(-c3cc(C(F)(F)F)cc(C(F)(F)F)c3)cs2)cc1F,100.0,Fc1ccc(/C=N/Nc2nc(-c3cc(C(F)(F)F)cc(C(F)(F)F)c3)cs2)cc1F,CYNOGIKKPGIECM-OAHLVZFQSA-N,0,train
COc1ccc(CC(=O)Nc2ccc3[nH]c(-c4ccc(Cl)cc4)nc3c2)cc1,1.47,COc1ccc(CC(=O)Nc2ccc3[nH]c(-c4ccc(Cl)cc4)nc3c2)cc1,KCTJYVYNPGEMBL-UHFFFAOYSA-N,1,train
NCCCC[C@H](NC(=O)[C@@H](NC(=O)[C@H](Cc1c[nH]c2ccccc12)NC(=O)[C@H](CCCCN)NC(=O)[C@H](CCCCN)NC(=O)[C@H](Cc1c[nH]c2ccccc12)NC(=O)[C@H](Cc1c[nH]c2ccccc12)NC(=O)[C@H](CCCCN)NC(=O)[C@@H](N)CCCCN)C(c1ccccc1)c1ccccc1)C(N)=O,45.4,NCCCC[C@H](NC(=O)[C@@H](NC(=O)[C@H](Cc1c[nH]c2ccccc12)NC(=O)[C@H](CCCCN)NC(=O)[C@H](CCCCN)NC(=O)[C@H](Cc1c[nH]c2ccccc12)NC(=O)[C@H](Cc1c[nH]c2ccccc12)NC(=O)[C@H](CCCCN)NC(=O)[C@@H](N)CCCCN)C(c1ccccc1)c1ccccc1)C(N)=O,GGAKLYWEFZCVIT-TVEKFXMRSA-N,0,train
CCCCCCCCCCCCCCN(NC(=O)COC)C(=O)OC(C)(C)C,12.2,CCCCCCCCCCCCCCN(NC(=O)COC)C(=O)OC(C)(C)C,HWMAKEHQLDBIHD-UHFFFAOYSA-N,0,train
Cc1c(OCC(F)(F)F)ccnc1C[S+]([O-])c1nc2ccccc2[nH]1,100.0,Cc1c(OCC(F)(F)F)ccnc1C[S+]([O-])c1nc2ccccc2[nH]1,MJIHNNLFOKEZEW-UHFFFAOYSA-N,0,train
COc1cc(/C=C2\CCCn3c2nc2ccc(I)cc2c3=O)cc(OC)c1O,20.0,COc1cc(/C=C2\CCCn3c2nc2ccc(I)cc2c3=O)cc(OC)c1O,VYTLVTWAPWEINU-MDWZMJQESA-N,0,train
CC[C@H](C)[C@@H]1NC(=O)[C@@H]2CCCN2C(=O)[C@H](CCCCN)NC(=O)CNC(=O)[C@H](CC(N)=O)NC(=O)[C@H](CCCCN)NC(=O)[C@H](Cc2ccc(O)cc2)NC(=O)[C@H](CS)NC(=O)[C@H](CC(C)C)NC(=O)[C@H](C(C)C)NC(=O)[C@H](CCCNC(=N)N)NC(=O)[C@H](CCCCN)NC(=O)CNC(=O)[C@@H]2CSSC[C@@H]3NC(=O)[C@H]([C@@H](C)O)NC(=O)[C@H](CCC(=O)O)NC(=O)CNC(=O)[C@H](CSSC[C@H](NC(=O)CNC(=O)[C@@H]4CCCN4C(=O)[C@H]([C@@H](C)O)NC(=O)[C@H](Cc4ccc(O)cc4)NC(=O)[C@H](CS)NC(=O)[C@H](CCCCN)NC(=O)CNC(=O)[C@H](CC(C)C)NC(=O)[C@H](CC(C)C)NC3=O)C(=O)N[C@@H]([C@@H](C)O)C(=O)N2)NC1=O,2.8,CC[C@H](C)[C@@H]1NC(=O)[C@@H]2CCCN2C(=O)[C@H](CCCCN)NC(=O)CNC(=O)[C@H](CC(N)=O)NC(=O)[C@H](CCCCN)NC(=O)[C@H](Cc2ccc(O)cc2)NC(=O)[C@H](CS)NC(=O)[C@H](CC(C)C)NC(=O)[C@H](C(C)C)NC(=O)[C@H](CCCNC(=N)N)NC(=O)[C@H](CCCCN)NC(=O)CNC(=O)[C@@H]2CSSC[C@@H]3NC(=O)[C@H]([C@@H](C)O)NC(=O)[C@H](CCC(=O)O)NC(=O)CNC(=O)[C@H](CSSC[C@H](NC(=O)CNC(=O)[C@@H]4CCCN4C(=O)[C@H]([C@@H](C)O)NC(=O)[C@H](Cc4ccc(O)cc4)NC(=O)[C@H](CS)NC(=O)[C@H](CCCCN)NC(=O)CNC(=O)[C@H](CC(C)C)NC(=O)[C@H](CC(C)C)NC3=O)C(=O)N[C@@H]([C@@H](C)O)C(=O)N2)NC1=O,UIHWDNARDUBWAO-MOPAQVBSSA-N,1,train
CN(C(=O)c1c(O)nc2ccccc2c1O)c1ccccc1,6.55,CN(C(=O)c1c(O)nc2ccccc2c1O)c1ccccc1,ZZCUZAQEHJPLGL-UHFFFAOYSA-N,1,train
O=C1c2c(O)cc(O)cc2O[C@H](c2ccc(O)c(O)c2)[C@H]1O,12.0,O=C1c2c(O)cc(O)cc2O[C@H](c2ccc(O)c(O)c2)[C@H]1O,CXQWRCVTCMQVQX-LSDHHAIUSA-N,0,train
OC[C@H]1NC[C@H](O)[C@@H](O)[C@@H]1O,2.0,OC[C@H]1NC[C@H](O)[C@@H](O)[C@@H]1O,LXBIFEVIBLOUGU-JGWLITMVSA-N,1,train
COc1ccc2c(c1)c(OC(C)C)c(C(N)=O)n2C,3.7,COc1ccc2c(c1)c(OC(C)C)c(C(N)=O)n2C,ROLQDOBEVNFAJW-UHFFFAOYSA-N,1,train
CC(=O)O[C@@H]1C(=O)C=COC=C1COC(=O)c1ccccc1,9.9,CC(=O)O[C@@H]1C(=O)C=COC=C1COC(=O)c1ccccc1,WSNISKVPPPGLFK-HNNXBMFYSA-N,1,train
N#CC1=C(N)Oc2c(N)cc3nc4ccccc4nc3c2C12C(=O)N(Cc1cnnn1-c1ccc(F)cc1)c1ccccc12,50.0,N#CC1=C(N)Oc2c(N)cc3nc4ccccc4nc3c2C12C(=O)N(Cc1cnnn1-c1ccc(F)cc1)c1ccccc12,LEOFHMICANSBIJ-UHFFFAOYSA-N,0,train
CC(C)CNC(=O)c1c(-c2ccc(COC(=O)c3ccc(O)cc3)cc2)oc2ccccc12,100.0,CC(C)CNC(=O)c1c(-c2ccc(COC(=O)c3ccc(O)cc3)cc2)oc2ccccc12,LXHWQLYEVHCUNS-UHFFFAOYSA-N,0,train
COc1cc2ccc(=O)oc2cc1OCC(O)CN1CCCCC1,24.2,COc1cc2ccc(=O)oc2cc1OCC(O)CN1CCCCC1,WUZSUNSKAZHKRW-UHFFFAOYSA-N,0,train
CN1CCC(Cc2cccc(CNC3(c4ccc(F)cc4)CCCC3)c2)C(F)(F)C1,30.0,CN1CCC(Cc2cccc(CNC3(c4ccc(F)cc4)CCCC3)c2)C(F)(F)C1,IGKMEBLWCRZVHW-UHFFFAOYSA-N,0,train
CCN(CC)CCOc1ccc(-n2c3c(c4ccc(O)cc4c2=O)C(=O)c2cc(O)ccc2-3)cc1,1.8,CCN(CC)CCOc1ccc(-n2c3c(c4ccc(O)cc4c2=O)C(=O)c2cc(O)ccc2-3)cc1,SHHHKAVMEUEQFF-UHFFFAOYSA-N,1,train
NC(=O)c1nnn([C@@H]2O[C@H](CO)[C@@H](O)[C@H]2O)c1C#Cc1ccccc1,1000.0,NC(=O)c1nnn([C@@H]2O[C@H](CO)[C@@H](O)[C@H]2O)c1C#Cc1ccccc1,MSKLUFSDQZDCCZ-XKVFNRALSA-N,0,train
COc1cc2c(cc1OC)-c1[nH]nc(-c3ccccc3)c1C2,1.39,COc1cc2c(cc1OC)-c1[nH]nc(-c3ccccc3)c1C2,CUYQVBGLYMCQNE-UHFFFAOYSA-N,1,train
O=C(Nc1ccc(-c2ccnc3[nH]ccc23)cc1)Nc1cccc(Cl)c1,32.56,O=C(Nc1ccc(-c2ccnc3[nH]ccc23)cc1)Nc1cccc(Cl)c1,QEFTYAGRDLPLHG-UHFFFAOYSA-N,0,train
CNC(=O)c1cc(Oc2ccc3oc(Nc4ccc(Cl)c(CN5CCOCC5)c4)nc3c2)ccn1,0.117,CNC(=O)c1cc(Oc2ccc3oc(Nc4ccc(Cl)c(CN5CCOCC5)c4)nc3c2)ccn1,IZZRHCWIFSXPGK-UHFFFAOYSA-N,1,train
NC1=NC(c2ccc(F)cc2)Cc2ccccc21,40.0,NC1=NC(c2ccc(F)cc2)Cc2ccccc21,KWMGDJOVVNCHIR-UHFFFAOYSA-N,0,train
COc1cc(O)cc2c1C(=O)[C@H](Cc1ccc(O)cc1)CO2,100.0,COc1cc(O)cc2c1C(=O)[C@H](Cc1ccc(O)cc1)CO2,COVYMSXAVAIXCI-LLVKDONJSA-N,0,train
COc1cc(OC)c2c(c1)OC/C(=C\c1ccc(OC)c(O)c1)C2=O,15.0,COc1cc(OC)c2c(c1)OC/C(=C\c1ccc(OC)c(O)c1)C2=O,XGLGMCQFRREUJA-WUXMJOGZSA-N,0,train
CCOC(=O)c1cc2c(nc1C(F)(F)F)nn1c(-c3ccc(F)cc3)cc(-c3ccc(OC)cc3)nc21,86.4,CCOC(=O)c1cc2c(nc1C(F)(F)F)nn1c(-c3ccc(F)cc3)cc(-c3ccc(OC)cc3)nc21,FPMHUZYJEFQSQM-UHFFFAOYSA-N,0,train
Oc1nc(NCc2ccccc2)nc(Nc2ccc3ncsc3c2)n1,30.0,Oc1nc(NCc2ccccc2)nc(Nc2ccc3ncsc3c2)n1,CQVHGVPCTLRAMT-UHFFFAOYSA-N,0,train
Cc1ccc(Sc2cncc3sc(C(N)=O)cc23)cc1C,100.0,Cc1ccc(Sc2cncc3sc(C(N)=O)cc23)cc1C,CHZNMKYYVJKVAE-UHFFFAOYSA-N,0,train
CCN(CC)c1ccc2c(C#N)c(C(C)=O)c(=O)oc2c1,70.0,CCN(CC)c1ccc2c(C#N)c(C(C)=O)c(=O)oc2c1,KSRBRVUTCWORHX-UHFFFAOYSA-N,0,train
Cc1ccc(Sc2cncc3sc(C(=O)NCC(O)CO)cc23)cc1,74.0,Cc1ccc(Sc2cncc3sc(C(=O)NCC(O)CO)cc23)cc1,BIPSSPQUWRNOHP-UHFFFAOYSA-N,0,train
Oc1ccc(CNC2(c3ccccc3F)CCCC2)cc1CN1CCNCC1,100.0,Oc1ccc(CNC2(c3ccccc3F)CCCC2)cc1CN1CCNCC1,ZQLZYCXUQYDJAI-UHFFFAOYSA-N,0,train
Cn1ccc2ncnc(Oc3ccc(NC(=O)Nc4cccc(C(F)(F)F)c4)cc3Cl)c21,0.039,Cn1ccc2ncnc(Oc3ccc(NC(=O)Nc4cccc(C(F)(F)F)c4)cc3Cl)c21,JGJXEXJECKFFGZ-UHFFFAOYSA-N,1,train
O=C(Nc1cccc(Nc2ccc([N+](=O)[O-])c3ncnc(O)c23)c1)c1cccc(F)c1,74.2,O=C(Nc1cccc(Nc2ccc([N+](=O)[O-])c3ncnc(O)c23)c1)c1cccc(F)c1,MBMLKWZCDOFLHK-UHFFFAOYSA-N,0,train
O=C(Cc1cc(F)cc(F)c1)Nc1cccc(C(=O)c2ccc3c(/C=C/c4ccccn4)n[nH]c3c2)c1,0.00045,O=C(Cc1cc(F)cc(F)c1)Nc1cccc(C(=O)c2ccc3c(/C=C/c4ccccn4)n[nH]c3c2)c1,DMLADFIBZHNUSJ-CSKARUKUSA-N,1,train
O=C(CNC(=O)c1cccc(C(F)(F)F)c1)N[C@@H]1CCN(CCC2CCN(C(=O)c3ccccc3F)CC2)C1,10.0,O=C(CNC(=O)c1cccc(C(F)(F)F)c1)N[C@@H]1CCN(CCC2CCN(C(=O)c3ccccc3F)CC2)C1,XSXFFJJDVGJPJE-JOCHJYFZSA-N,1,train
COc1cc2c(Nc3ccc(C)cc3F)ncnc2cc1OCC1CCN(C)CC1,5.0,COc1cc2c(Nc3ccc(C)cc3F)ncnc2cc1OCC1CCN(C)CC1,WPCUQWCGLJALCN-UHFFFAOYSA-N,1,train
CC[C@H](C)[C@H](N)C(=O)N[C@@H](CCCCN)C(=O)N[C@H](C(=O)N1CCC[C@H]1C(=O)N[C@@H](CO)C(=O)N[C@@H](Cc1ccccc1)C(=O)N[C@@H](Cc1ccccc1)C(=O)N[C@H](CCCNC(=N)N)C(=O)N[C@@H](CC(N)=O)C(=O)N[C@H](C(=O)N[C@@H](CC(C)C)C(=O)N[C@@H](CCCCN)C(=O)N[C@@H](CCCCN)C(=O)N[C@H](C(=O)NCC(=O)N[C@@H](CCCCN)C(=O)N[C@@H](CCC(=O)O)C(=O)N[C@@H](C)C(=O)N[C@H](C(=O)N[C@@H](CO)C(=O)N[C@@H](CC(C)C)C(=O)N[C@H](C(=O)N[C@@H](C)C(=O)NCC(=O)N[C@@H](C)C(=O)N[C@@H](CC(C)C)C(=O)N[C@@H](CCCCN)C(=O)N[C@@H](CCC(N)=O)C(=O)N[C@@H](CO)C(=O)O)[C@@H](C)CC)C(C)C)C(C)C)[C@@H](C)CC)[C@@H](C)CC,27.0,CC[C@H](C)[C@H](N)C(=O)N[C@@H](CCCCN)C(=O)N[C@H](C(=O)N1CCC[C@H]1C(=O)N[C@@H](CO)C(=O)N[C@@H](Cc1ccccc1)C(=O)N[C@@H](Cc1ccccc1)C(=O)N[C@H](CCCNC(=N)N)C(=O)N[C@@H](CC(N)=O)C(=O)N[C@H](C(=O)N[C@@H](CC(C)C)C(=O)N[C@@H](CCCCN)C(=O)N[C@@H](CCCCN)C(=O)N[C@H](C(=O)NCC(=O)N[C@@H](CCCCN)C(=O)N[C@@H](CCC(=O)O)C(=O)N[C@@H](C)C(=O)N[C@H](C(=O)N[C@@H](CO)C(=O)N[C@@H](CC(C)C)C(=O)N[C@H](C(=O)N[C@@H](C)C(=O)NCC(=O)N[C@@H](C)C(=O)N[C@@H](CC(C)C)C(=O)N[C@@H](CCCCN)C(=O)N[C@@H](CCC(N)=O)C(=O)N[C@@H](CO)C(=O)O)[C@@H](C)CC)C(C)C)C(C)C)[C@@H](C)CC)[C@@H](C)CC,XPHONCHZKJGTQM-JDZZYHCZSA-N,0,train
COc1ccccc1-c1csc(N/N=C/c2cc(OC)c(OC)c(Br)c2Br)n1,100.0,COc1ccccc1-c1csc(N/N=C/c2cc(OC)c(OC)c(Br)c2Br)n1,JTTBHYFNBIDIND-LSFURLLWSA-N,0,train
O=C(O)c1ccc(Nc2nccc(-c3cc4ccccc4s3)n2)cc1,50.0,O=C(O)c1ccc(Nc2nccc(-c3cc4ccccc4s3)n2)cc1,INMHCULNPFRWOZ-UHFFFAOYSA-N,0,train
CCS(=O)(=O)c1ccc(OC)c(Nc2nccc(Nc3ccc4c(C)n[nH]c4c3)n2)c1,0.13,CCS(=O)(=O)c1ccc(OC)c(Nc2nccc(Nc3ccc4c(C)n[nH]c4c3)n2)c1,ALQFBYVDVDYXAA-UHFFFAOYSA-N,1,train
CC1CN(C)CCC1CC[C@@H](C)[C@H]1CC[C@@H]2[C@]1(C)CCC1=CC3=CC[C@@H](N(C)C)C[C@]34CC[C@@]12O4,0.45,CC1CN(C)CCC1CC[C@@H](C)[C@H]1CC[C@@H]2[C@]1(C)CCC1=CC3=CC[C@@H](N(C)C)C[C@]34CC[C@@]12O4,NHQQBQFKOMCHDG-FCFSTLODSA-N,1,train
Cc1ccc(COc2cccc3ccc(C(=O)NCc4ccc(C(=O)NO)cc4)nc23)cc1,50.0,Cc1ccc(COc2cccc3ccc(C(=O)NCc4ccc(C(=O)NO)cc4)nc23)cc1,XERRUFOXNBPZPF-UHFFFAOYSA-N,0,train
c1ccc(-c2ncc3c(n2)-c2cccnc2SC3)cc1,17.1,c1ccc(-c2ncc3c(n2)-c2cccnc2SC3)cc1,ZGTPJYNFEKPHPY-UHFFFAOYSA-N,0,train
Nc1ccc(-c2cccs2)cc1NC(=O)c1ccc(-c2cn(C[S+]([O-])c3ccccc3)nn2)cc1,10.0,Nc1ccc(-c2cccs2)cc1NC(=O)c1ccc(-c2cn(C[S+]([O-])c3ccccc3)nn2)cc1,BNXCWWNDNKACGS-UHFFFAOYSA-N,1,train
O=C1CCc2cc(N3CC[C@](O)(C(=O)NCc4c(F)ccc(F)c4F)C3=O)ccc2N1,0.17,O=C1CCc2cc(N3CC[C@](O)(C(=O)NCc4c(F)ccc(F)c4F)C3=O)ccc2N1,UOFJQQCRNHPHCG-NRFANRHFSA-N,1,train
Cc1[nH]ncc1-c1nc2ccccc2s1,25.0,Cc1[nH]ncc1-c1nc2ccccc2s1,PPOOTNRMCWWUBN-UHFFFAOYSA-N,0,train
CC(C)(C)c1cc(O)cc(C2C=CCCC2)c1O,11.6,CC(C)(C)c1cc(O)cc(C2C=CCCC2)c1O,UIEVFBAOFXVLCE-UHFFFAOYSA-N,0,train
Nc1cc(-c2cccnc2)nc(NCc2ccc(C(=O)Nc3ccccc3N)cc2)n1,14.0,Nc1cc(-c2cccnc2)nc(NCc2ccc(C(=O)Nc3ccccc3N)cc2)n1,WIJFJYQZPKKYEV-UHFFFAOYSA-N,0,train
COc1cc2ncnc(Oc3ccc(NC(=O)Nc4cnn(C(C)C)c4)c4ccccc34)c2cc1OC,0.63,COc1cc2ncnc(Oc3ccc(NC(=O)Nc4cnn(C(C)C)c4)c4ccccc34)c2cc1OC,BJZSLXYKBNRKHE-UHFFFAOYSA-N,1,train
COC(=O)c1oc2cc(OC)ccc2c1Nc1cc(OC)c(OC)c(OC)c1,0.75,COC(=O)c1oc2cc(OC)ccc2c1Nc1cc(OC)c(OC)c(OC)c1,FUUIBLHTNALKRL-UHFFFAOYSA-N,1,train
CCN(CC)CCNC(=O)c1c(C)[nH]c(/C=C2\C(=O)N(CCCN(C)C)c3ccc(F)cc32)c1C.Cl.Cl,0.71,CCN(CC)CCNC(=O)c1c(C)[nH]c(/C=C2\C(=O)N(CCCN(C)C)c3ccc(F)cc32)c1C,CXEXMSKREPBSRD-XLNRJJMWSA-N,1,train
O=C1C=C(C2C=CCCC2)C(=O)c2ccccc21,26.7,O=C1C=C(C2C=CCCC2)C(=O)c2ccccc21,NURJDXOSNFTBPO-UHFFFAOYSA-N,0,train
Cc1c(CNC[C@@H]2CCCN3CCCC[C@H]23)cc(-c2ccccc2)n1Nc1ccnc2cc(Cl)ccc12,13.451,Cc1c(CNC[C@@H]2CCCN3CCCC[C@H]23)cc(-c2ccccc2)n1Nc1ccnc2cc(Cl)ccc12,JXXMYXNMLBKOAF-QABMSTFYSA-N,0,train
C[C@]1(c2nc3c(C(N)=O)cccc3[nH]2)CCCN1,100.0,C[C@]1(c2nc3c(C(N)=O)cccc3[nH]2)CCCN1,JNAHVYVRKWKWKQ-CYBMUJFWSA-N,0,train
Cc1[nH]c2ccccc2c1CCNC(=O)CCCNCc1cc(Cl)c2cccnc2c1O,50.0,Cc1[nH]c2ccccc2c1CCNC(=O)CCCNCc1cc(Cl)c2cccnc2c1O,WPNHTKMCALCYSY-UHFFFAOYSA-N,0,train
COc1cccc(C2CC(=O)C(=C(C)Nc3ccccc3C)C(=O)C2)c1,0.67,COc1cccc(C2CC(=O)C(=C(C)Nc3ccccc3C)C(=O)C2)c1,VMVCAMSVZRGSOE-UHFFFAOYSA-N,1,train
Cc1ccc(C(=O)/C=C/c2cc3cccc(C)c3nc2Cl)s1,0.14472,Cc1ccc(C(=O)/C=C/c2cc3cccc(C)c3nc2Cl)s1,IMDQDLJNLOBBQK-BQYQJAHWSA-N,1,train
C=C1OC(=O)C2=C1[C@H]1CC[C@]34C[C@](C)(CC[C@H]3[C@]1(C)CC2)C(=O)C4=C,7.1,C=C1OC(=O)C2=C1[C@H]1CC[C@]34C[C@](C)(CC[C@H]3[C@]1(C)CC2)C(=O)C4=C,ZQEDULVAPLEMJQ-KZYCEEORSA-N,1,train
O=c1c(-c2ccc(O)cc2)coc2cc(O)cc(O)c12,88.0,O=c1c(-c2ccc(O)cc2)coc2cc(O)cc(O)c12,TZBJGXHYKVUXJN-UHFFFAOYSA-N,0,train
Nc1ccc(-c2cc(C(=O)NCCCCCCC(=O)NO)no2)cc1,1.0,Nc1ccc(-c2cc(C(=O)NCCCCCCC(=O)NO)no2)cc1,LPYYNHVPYNFJMU-UHFFFAOYSA-N,1,train
COc1ccc2c(Oc3ccc(OCCN4CCCCC4)cc3)c(-c3ccc(F)cc3)c(=O)oc2c1,13.57,COc1ccc2c(Oc3ccc(OCCN4CCCCC4)cc3)c(-c3ccc(F)cc3)c(=O)oc2c1,AWWXSBHFBPEZDB-UHFFFAOYSA-N,0,train
CC(C)Oc1cc2ncnc(Oc3ccc(NC(=O)Nc4cc(C(F)(F)F)ccc4F)cc3)c2c2c1OCCO2,0.0042,CC(C)Oc1cc2ncnc(Oc3ccc(NC(=O)Nc4cc(C(F)(F)F)ccc4F)cc3)c2c2c1OCCO2,MSRVUAFGIKKCJT-UHFFFAOYSA-N,1,train
CC(=O)c1ccc(NC(=O)Nc2ccc(N(C)c3ccnc(Nc4cccc(CS(C)(=O)=O)c4)n3)cc2)cc1,0.002,CC(=O)c1ccc(NC(=O)Nc2ccc(N(C)c3ccnc(Nc4cccc(CS(C)(=O)=O)c4)n3)cc2)cc1,GJRXTJDKSVWHHF-UHFFFAOYSA-N,1,train
CCNC(=O)[C@]1(C)[C@@H]2CC[C@]3(C)[C@H](C(=O)C=C4[C@@H]5[C@@H](C)[C@H](C)CC[C@]5(C)CC[C@]43C)[C@@]2(C)CC[C@H]1OC(C)=O,100.0,CCNC(=O)[C@]1(C)[C@@H]2CC[C@]3(C)[C@H](C(=O)C=C4[C@@H]5[C@@H](C)[C@H](C)CC[C@]5(C)CC[C@]43C)[C@@]2(C)CC[C@H]1OC(C)=O,MXDJYHVUSSYCRC-FCCIQPQPSA-N,0,train
Cc1c(CC(=O)N2CCN(Cc3ccccc3)CC2)c(=O)oc2cc(OCCOc3no[n+]([O-])c3S(=O)(=O)c3ccccc3)ccc12,5.2,Cc1c(CC(=O)N2CCN(Cc3ccccc3)CC2)c(=O)oc2cc(OCCOc3no[n+]([O-])c3S(=O)(=O)c3ccccc3)ccc12,KJUINBOXJVICCR-UHFFFAOYSA-N,1,train
CCO/N=C(\C)c1ccc2[nH]c3c4c(c5c(c3c2c1)CNC5=O)-c1cn(C)nc1CC4,0.004,CCO/N=C(\C)c1ccc2[nH]c3c4c(c5c(c3c2c1)CNC5=O)-c1cn(C)nc1CC4,MQCFWAKOIXTUQK-KVSWJAHQSA-N,1,train
COc1cc(OC)c(-c2coc3cc(OCc4ccc(C(F)(F)F)cc4)ccc3c2=O)cc1OC,10.0,COc1cc(OC)c(-c2coc3cc(OCc4ccc(C(F)(F)F)cc4)ccc3c2=O)cc1OC,IPVGJWZDIXMOHW-UHFFFAOYSA-N,1,train
CC[C@@H](CO)Nc1nc(NCc2cccc(OC)c2O)c2ncn(C(C)C)c2n1,2.85,CC[C@@H](CO)Nc1nc(NCc2cccc(OC)c2O)c2ncn(C(C)C)c2n1,RZRAYJQSPLLFCR-AWEZNQCLSA-N,1,train
O=C(Nc1ccc(Nc2ccc([N+](=O)[O-])c3ncnc(O)c23)cc1)c1cccc(F)c1,38.9,O=C(Nc1ccc(Nc2ccc([N+](=O)[O-])c3ncnc(O)c23)cc1)c1cccc(F)c1,ZZTHDYCBBTXPHQ-UHFFFAOYSA-N,0,train
C=Cc1c(C)c2cc3nc(c(CC(=O)O)c4[nH]c(cc5nc(cc1[nH]2)C(C)=C5CC)c(C)c4C(=O)NCCCC(=O)N[C@@H](CCCCN)C(=O)N[C@@H](CCCCN)C(=O)N[C@@H](CCCCN)C(=O)N[C@@H](CCCNC(=N)N)C(=O)N[C@@H](CC(C)C)C(=O)N[C@@H](CC(N)=O)C(=O)N[C@H](C(=O)NCC(=O)NCC(=O)N[C@H](C(=O)N[C@@H](Cc1ccc(O)cc1)C(=O)N[C@@H](Cc1ccccc1)C(=O)N[C@@H](CC(C)C)C(=O)N[C@H](C(=O)N[C@H](C(=O)N[C@@H](CCCNC(=N)N)C(=O)N[C@@H](CCC(N)=O)C(=O)O)[C@@H](C)O)[C@@H](C)O)[C@@H](C)O)C(C)C)[C@@H](CCC(=O)O)[C@@H]3C,0.38,C=Cc1c(C)c2cc3nc(c(CC(=O)O)c4[nH]c(cc5nc(cc1[nH]2)C(C)=C5CC)c(C)c4C(=O)NCCCC(=O)N[C@@H](CCCCN)C(=O)N[C@@H](CCCCN)C(=O)N[C@@H](CCCCN)C(=O)N[C@@H](CCCNC(=N)N)C(=O)N[C@@H](CC(C)C)C(=O)N[C@@H](CC(N)=O)C(=O)N[C@H](C(=O)NCC(=O)NCC(=O)N[C@H](C(=O)N[C@@H](Cc1ccc(O)cc1)C(=O)N[C@@H](Cc1ccccc1)C(=O)N[C@@H](CC(C)C)C(=O)N[C@H](C(=O)N[C@H](C(=O)N[C@@H](CCCNC(=N)N)C(=O)N[C@@H](CCC(N)=O)C(=O)O)[C@@H](C)O)[C@@H](C)O)[C@@H](C)O)C(C)C)[C@@H](CCC(=O)O)[C@@H]3C,NPJAWYYONKNFNY-CGMLZMJHSA-N,1,train
O=C(Nc1cccc(Nc2ccc([N+](=O)[O-])c3ncnc(O)c23)c1)c1ccc(Cl)cc1,73.8,O=C(Nc1cccc(Nc2ccc([N+](=O)[O-])c3ncnc(O)c23)c1)c1ccc(Cl)cc1,ABEJTAPVBJLGQW-UHFFFAOYSA-N,0,train
CC1CN(C)CCC1CC[C@@H](C)[C@H]1CC[C@@H]2[C@]1(C)CCC1C=C3C=C[C@@H](N(C)C)C[C@]34CC[C@@]12O4,1.9,CC1CN(C)CCC1CC[C@@H](C)[C@H]1CC[C@@H]2[C@]1(C)CCC1C=C3C=C[C@@H](N(C)C)C[C@]34CC[C@@]12O4,XFSWOZQLQIDCLY-ITVDFSPISA-N,1,train
CN1CCN(CCOc2ccc(C(N)=O)cc2/C=C/c2ccc(Cl)cc2)CC1,9.5,CN1CCN(CCOc2ccc(C(N)=O)cc2/C=C/c2ccc(Cl)cc2)CC1,GRHCBBLQXFWVKH-GORDUTHDSA-N,1,train
COc1cc2c(cc1C(N)=O)CC[C@@H]1[C@@H]2CC[C@]2(C)CCC[C@@H]12,1.19,COc1cc2c(cc1C(N)=O)CC[C@@H]1[C@@H]2CC[C@]2(C)CCC[C@@H]12,ZGDJPKSRBXRBSD-ACNBBOPNSA-N,1,train
CCC(C)n1ncn(-c2ccc(N3CCN(c4ccc(OC[C@@H]5CO[C@@](Cn6ccnc6)(c6ccc(Cl)cc6Cl)O5)cn4)CC3)c(F)c2)c1=O,0.068,CCC(C)n1ncn(-c2ccc(N3CCN(c4ccc(OC[C@@H]5CO[C@@](Cn6ccnc6)(c6ccc(Cl)cc6Cl)O5)cn4)CC3)c(F)c2)c1=O,XEQQVGOZJFJZSK-QVTKJIEPSA-N,1,train
CCN(CC)c1ccc(/C=C2\Oc3ccc(OC(C)=O)cc3C2=O)cc1,0.23,CCN(CC)c1ccc(/C=C2\Oc3ccc(OC(C)=O)cc3C2=O)cc1,NAAMMDAESYYPMS-NDENLUEZSA-N,1,train
C[C@@H]1CC[C@H]2[C@@H](C)C(OCCn3nncc3-c3ccc(Br)c(Br)c3)O[C@@H]3O[C@@]4(C)CC[C@@H]1[C@]32OO4,26.0,C[C@@H]1CC[C@H]2[C@@H](C)C(OCCn3nncc3-c3ccc(Br)c(Br)c3)O[C@@H]3O[C@@]4(C)CC[C@@H]1[C@]32OO4,TYQLVWOOPWVZBJ-ACMGZTHPSA-N,0,train
[O-][S+](CC#Cc1ccccc1C#CCO)c1ccccc1,66.2,[O-][S+](CC#Cc1ccccc1C#CCO)c1ccccc1,CRYMKIHJCMWFEX-UHFFFAOYSA-N,0,train
Cc1ccc(C(=O)Nc2ccc(Oc3ccc4nc(NC(=O)C5CC5)cn4c3)c(F)c2)c(=O)n1-c1ccccc1.Cl,0.0018,Cc1ccc(C(=O)Nc2ccc(Oc3ccc4nc(NC(=O)C5CC5)cn4c3)c(F)c2)c(=O)n1-c1ccccc1,WXOGYBWIHWKUMA-UHFFFAOYSA-N,1,train
CN(C)[C@H]1C[C@@]23CC[C@@]4(O2)C(=CC[C@@]2(C)[C@H]4C[C@H](O)[C@@H]2c2cccc4ccncc24)C=C3[C@@H](O)[C@@H]1O,1.1,CN(C)[C@H]1C[C@@]23CC[C@@]4(O2)C(=CC[C@@]2(C)[C@H]4C[C@H](O)[C@@H]2c2cccc4ccncc24)C=C3[C@@H](O)[C@@H]1O,BUTORDZKSKJBAT-KMWHWPCOSA-N,1,train
O=C(Nc1cccc(C(=O)c2ccc3c(-c4nc5cccnc5[nH]4)n[nH]c3c2)c1)c1ccccc1,0.044,O=C(Nc1cccc(C(=O)c2ccc3c(-c4nc5cccnc5[nH]4)n[nH]c3c2)c1)c1ccccc1,TWHFSFMHMFBJRP-UHFFFAOYSA-N,1,train
CC(=O)Nc1cc(CSc2ncccc2C(=O)Nc2ccc(OC(F)(F)F)cc2)ccn1,0.0039,CC(=O)Nc1cc(CSc2ncccc2C(=O)Nc2ccc(OC(F)(F)F)cc2)ccn1,ICMBEICBXCICCM-UHFFFAOYSA-N,1,train
COc1ccc(CC(=O)Nc2ccc3oc(-c4ccccc4Cl)nc3c2)cc1OC,20.15,COc1ccc(CC(=O)Nc2ccc3oc(-c4ccccc4Cl)nc3c2)cc1OC,CGBUPYHLRMEPQZ-UHFFFAOYSA-N,0,train
COc1cc(NS(=O)(=O)c2ccc(C)cc2)c2nc(C)ccc2c1,10.0,COc1cc(NS(=O)(=O)c2ccc(C)cc2)c2nc(C)ccc2c1,KLMFRGYXBZFEPX-UHFFFAOYSA-N,1,train
Cn1cc2c(n1)CCc1c-2c2c(c3c4cc(C5CCCCO5)ccc4n(CCCO)c13)CNC2=O,0.05,Cn1cc2c(n1)CCc1c-2c2c(c3c4cc(C5CCCCO5)ccc4n(CCCO)c13)CNC2=O,PMUHQDLLPQQYNK-UHFFFAOYSA-N,1,train
Cc1ccc(-c2cc(=O)c3ccccc3n2C)cc1,100.0,Cc1ccc(-c2cc(=O)c3ccccc3n2C)cc1,UZSOZWCPXLJSBF-UHFFFAOYSA-N,0,train
CNC(=O)c1cc(Oc2ccc(NC(=O)NC34CC5CC(CC(C5)C3)C4)cc2)ccn1,25.0,CNC(=O)c1cc(Oc2ccc(NC(=O)NC34CC5CC(CC(C5)C3)C4)cc2)ccn1,DRRLHDVXGXINDY-UHFFFAOYSA-N,0,train
COc1ncc(-c2ccc3ncc(C(=O)NCCN4CCOCC4)n3c2)cc1NS(=O)(=O)c1ccc(F)cc1F,2.94,COc1ncc(-c2ccc3ncc(C(=O)NCCN4CCOCC4)n3c2)cc1NS(=O)(=O)c1ccc(F)cc1F,AOFNYCXYCYLTJD-UHFFFAOYSA-N,1,train
NC1=NC(c2cccs2)Cc2ccccc21,8.0,NC1=NC(c2cccs2)Cc2ccccc21,CDRBKBGYXOOEBB-UHFFFAOYSA-N,1,train
C[C@H]1[C@@H](O)O[C@@H]2O[C@@]3(C)CC[C@H]4[C@H](C)CC[C@@H]1[C@@]24OO3,1.4,C[C@H]1[C@@H](O)O[C@@H]2O[C@@]3(C)CC[C@H]4[C@H](C)CC[C@@H]1[C@@]24OO3,BJDCWCLMFKKGEE-ISOSDAIHSA-N,1,train
CO[C@H]1[C@@H]([C@@]2(C)O[C@@H]2CC=C(C)C)[C@]2(CC[C@H]1OC(=O)N1CCC(C(=O)O)CC1)CO2,0.0013,CO[C@H]1[C@@H]([C@@]2(C)O[C@@H]2CC=C(C)C)[C@]2(CC[C@H]1OC(=O)N1CCC(C(=O)O)CC1)CO2,BGHTVZDZACAUFT-QHZMACHJSA-N,1,train
COc1cc2c(cc1O)CC[C@@H]1[C@@H]2CC[C@]2(C)C(C(=O)O)CC[C@@H]12,35.9,COc1cc2c(cc1O)CC[C@@H]1[C@@H]2CC[C@]2(C)C(C(=O)O)CC[C@@H]12,NWIKBYQQDVKUJB-GIVGKIPPSA-N,0,train
COc1ccc(N(C)c2nc(C)nc3c2ncn3C)cc1,9.2,COc1ccc(N(C)c2nc(C)nc3c2ncn3C)cc1,GHLIJGIGDMEUBV-UHFFFAOYSA-N,1,train
Cc1cc(C(=O)Nc2cc(C(=O)c3ccc4c(/C=C/c5ccccn5)n[nH]c4c3)ccc2C)n(C)n1,0.0039,Cc1cc(C(=O)Nc2cc(C(=O)c3ccc4c(/C=C/c5ccccn5)n[nH]c4c3)ccc2C)n(C)n1,BENCNLIUOYEYIQ-ZRDIBKRKSA-N,1,train
COc1ccc2c(c1)[C@]1(C[C@H]1c1ccc3c(/C=C/c4ccc(CN5CCOCC5)cc4)n[nH]c3c1)C(=O)N2C,30.0,COc1ccc2c(c1)[C@]1(C[C@H]1c1ccc3c(/C=C/c4ccc(CN5CCOCC5)cc4)n[nH]c3c1)C(=O)N2C,CFVRISSXNGRSCL-PPDHBDSZSA-N,0,train
C=C1C(=O)C=C[C@]2(C)[C@@H]1CC[C@]13C[C@](C)(CC[C@@H]21)C(=O)[C@H]3CN(C)C,5.9,C=C1C(=O)C=C[C@]2(C)[C@@H]1CC[C@]13C[C@](C)(CC[C@@H]21)C(=O)[C@H]3CN(C)C,GNCQFDXHFQNUAW-VNUCSJNSSA-N,1,train
C=CC(=O)Nc1ccc(Cn2cnc3c(-c4cccs4)ncnc32)cc1,77.19,C=CC(=O)Nc1ccc(Cn2cnc3c(-c4cccs4)ncnc32)cc1,ZGQVGBIOCZBGDY-UHFFFAOYSA-N,0,train
O=C(O)c1c(O)c(-c2ccc(Cl)cc2)nc2c(Cl)cccc12,22.0,O=C(O)c1c(O)c(-c2ccc(Cl)cc2)nc2c(Cl)cccc12,CXLWGHIVYZAREC-UHFFFAOYSA-N,0,train
Cc1c(C(=O)NCCS(C)(=O)=O)sc2ncnc(Oc3ccc(NC(=O)C4(C(=O)Nc5ccc(F)cc5)CC4)cc3F)c12,0.086,Cc1c(C(=O)NCCS(C)(=O)=O)sc2ncnc(Oc3ccc(NC(=O)C4(C(=O)Nc5ccc(F)cc5)CC4)cc3F)c12,HTYQIJDCGZYOPT-UHFFFAOYSA-N,1,train
COC(=O)C1=CC[C@@]23CC[C@@H]([C@@](C)(/C=C/C=C(\C)C(=O)Nc4cccc(O)c4)OC2=O)[C@@]3(OC(C)=O)CC1,5.0,COC(=O)C1=CC[C@@]23CC[C@@H]([C@@](C)(/C=C/C=C(\C)C(=O)Nc4cccc(O)c4)OC2=O)[C@@]3(OC(C)=O)CC1,UAYSVKCLIAMAMY-SYTQJVIASA-N,1,train
N#CC1=C(N)Oc2c(N)cc3nc4ccccc4nc3c2C12C(=O)N(Cc1cnnn1-c1ccc(Cl)cc1[N+](=O)[O-])c1ccccc12,50.0,N#CC1=C(N)Oc2c(N)cc3nc4ccccc4nc3c2C12C(=O)N(Cc1cnnn1-c1ccc(Cl)cc1[N+](=O)[O-])c1ccccc12,AQRHRSYYEQHZGW-UHFFFAOYSA-N,0,train
CN(C)c1ccc(-c2cccc3c(C(=O)O)c(O)c(-c4ccc(Cl)cc4)nc23)cc1,20.0,CN(C)c1ccc(-c2cccc3c(C(=O)O)c(O)c(-c4ccc(Cl)cc4)nc23)cc1,JPDCNGFRGJXOHZ-UHFFFAOYSA-N,0,train
CN(CCOc1ccc(CC2SC(=O)NC2=O)cc1)c1ccccn1,1.1,CN(CCOc1ccc(CC2SC(=O)NC2=O)cc1)c1ccccn1,YASAKCUCGLMORW-UHFFFAOYSA-N,1,train
Cc1csc(CNC(=O)[C@@]2(O)CCN(c3ccccc3)C2=O)c1,5.2,Cc1csc(CNC(=O)[C@@]2(O)CCN(c3ccccc3)C2=O)c1,ANPHNJXCKYCPNS-KRWDZBQOSA-N,1,train
Cc1cc(Br)cc(C(=O)Nc2cnc3ccccc3c2)c1O,0.0189,Cc1cc(Br)cc(C(=O)Nc2cnc3ccccc3c2)c1O,WTRGZQWCALKIIF-UHFFFAOYSA-N,1,train
CCOc1ccc(Nc2ncc3c(n2)-c2ccc(OC)cc2NC(=O)C3)cc1,1.1,CCOc1ccc(Nc2ncc3c(n2)-c2ccc(OC)cc2NC(=O)C3)cc1,YOYKFXWWRVKLLS-UHFFFAOYSA-N,1,train
CCCC[C@@H](NC(=O)[C@@H](N)Cc1c[nH]c2ccccc12)C(=O)N[C@@H](CCC(=O)O)C(=O)N[C@@H](C)C(=O)N[C@@H](C)C(=O)N[C@@H](Cc1ccc(O)cc1)C(=O)N[C@@H](CCC(N)=O)C(=O)N[C@H](CCCCNC(=O)CCCC(=O)OCC(=O)[C@]1(O)Cc2c(O)c3c(c(O)c2[C@@H](O[C@H]2C[C@H](N)[C@H](O)[C@H](C)O2)C1)C(=O)c1c(OC)cccc1C3=O)C(=O)N[C@@H](Cc1ccccc1)C(=O)N[C@@H](CC(C)C)C(N)=O,50.9,CCCC[C@@H](NC(=O)[C@@H](N)Cc1c[nH]c2ccccc12)C(=O)N[C@@H](CCC(=O)O)C(=O)N[C@@H](C)C(=O)N[C@@H](C)C(=O)N[C@@H](Cc1ccc(O)cc1)C(=O)N[C@@H](CCC(N)=O)C(=O)N[C@H](CCCCNC(=O)CCCC(=O)OCC(=O)[C@]1(O)Cc2c(O)c3c(c(O)c2[C@@H](O[C@H]2C[C@H](N)[C@H](O)[C@H](C)O2)C1)C(=O)c1c(OC)cccc1C3=O)C(=O)N[C@@H](Cc1ccccc1)C(=O)N[C@@H](CC(C)C)C(N)=O,DHPSTSLWEXRWFN-OZCFSMTNSA-N,0,train
COc1cc2c(cc1NC(C)=O)CC[C@@H]1[C@@H]2CC[C@]2(C)CCC[C@@H]12,1.68,COc1cc2c(cc1NC(C)=O)CC[C@@H]1[C@@H]2CC[C@]2(C)CCC[C@@H]12,CVTDFTMSSWIUMC-HPNQWNLUSA-N,1,train
CCOC(=O)C1C(c2ccc([N+](=O)[O-])cc2)N(c2ccccc2)OC12C(=O)Nc1ccccc12,217.0,CCOC(=O)C1C(c2ccc([N+](=O)[O-])cc2)N(c2ccccc2)OC12C(=O)Nc1ccccc12,QVWNIVGEFNMABY-UHFFFAOYSA-N,0,train
O=C(CCCCCCCNc1nn2c(=O)c3cc(F)ccc3nc2c2ccccc12)NO,1.28,O=C(CCCCCCCNc1nn2c(=O)c3cc(F)ccc3nc2c2ccccc12)NO,JHZIKTKGIMISPY-UHFFFAOYSA-N,1,train
COc1ccc(-c2nc(Cl)c(-c3ccccc3)c(Nc3ccc(NC(=O)CN(C)C)cc3)n2)cc1,10.35,COc1ccc(-c2nc(Cl)c(-c3ccccc3)c(Nc3ccc(NC(=O)CN(C)C)cc3)n2)cc1,WTCANHYPDDGXND-UHFFFAOYSA-N,0,train
COc1ccc(-c2cc3cc(OC)ccc3nc2Nc2ccc(NC(=O)CN3CCCC3)cc2)cc1,13.1,COc1ccc(-c2cc3cc(OC)ccc3nc2Nc2ccc(NC(=O)CN3CCCC3)cc2)cc1,FBBMNNZTIFPCJF-UHFFFAOYSA-N,0,train
O=C(Nc1cnc2ccccc2c1)c1ccccc1,0.068,O=C(Nc1cnc2ccccc2c1)c1ccccc1,XZXJACMRMJRBMY-UHFFFAOYSA-N,1,train
N=C(N)SCc1c2ccccc2c(Br)c2ccccc12,20.3,N=C(N)SCc1c2ccccc2c(Br)c2ccccc12,BUHSDJNZEGCMED-UHFFFAOYSA-N,0,train
COc1ccc(CC2COc3cc(O)c(OC)c(O)c3C2=O)cc1O,0.38,COc1ccc(CC2COc3cc(O)c(OC)c(O)c3C2=O)cc1O,DSTDMPAJBBOFCE-UHFFFAOYSA-N,1,train
O=C1CCC(N2C(=O)c3cccc4cc([N+](=O)[O-])cc(c34)C2=O)C(=O)N1,50.0,O=C1CCC(N2C(=O)c3cccc4cc([N+](=O)[O-])cc(c34)C2=O)C(=O)N1,HOOZLOYFWZBRPS-UHFFFAOYSA-N,0,train
CC(=O)O[C@H]1C(=O)[C@@]2(C)[C@H]([C@H](OC(=O)c3ccccc3)[C@]3(O)C[C@H](OC(=O)[C@H](OC(=O)CCCCCN4C(=O)CC(SC[C@H](NC(=O)[C@H](CCCCN)NC(=O)[C@H](CCCCN)NC(=O)[C@H](CC(C)C)NC(=O)[C@H](CCCCN)NC(=O)[C@H](CCCNC(=N)N)NC(=O)[C@H](Cc5ccccc5)NC(=O)[C@H](Cc5ccccc5)NC(=O)[C@H](CCCCN)NC(=O)[C@H](CCCCN)NC(=O)[C@H](Cc5ccccc5)NC(=O)[C@H](CCCNC(=N)N)NC(=O)[C@H](CCCCN)NC(=O)[C@@H](NC(=O)[C@H](CC(C)C)NC(=O)CC[C@H](NC(=O)c5ccc(NCc6cnc7nc(N)[nH]c(=O)c7n6)cc5)C(=O)O)C(C)C)C(=O)N[C@H](C(=O)N[C@@H](CC(C)C)C(=O)N[C@@H](CC(C)C)C(N)=O)C(C)C)C4=O)[C@@H](NC(=O)c4ccccc4)c4ccccc4)C(C)=C1C3(C)C)[C@]1(OC(C)=O)CO[C@@H]1C[C@@H]2O,48.55,CC(=O)O[C@H]1C(=O)[C@@]2(C)[C@H]([C@H](OC(=O)c3ccccc3)[C@]3(O)C[C@H](OC(=O)[C@H](OC(=O)CCCCCN4C(=O)CC(SC[C@H](NC(=O)[C@H](CCCCN)NC(=O)[C@H](CCCCN)NC(=O)[C@H](CC(C)C)NC(=O)[C@H](CCCCN)NC(=O)[C@H](CCCNC(=N)N)NC(=O)[C@H](Cc5ccccc5)NC(=O)[C@H](Cc5ccccc5)NC(=O)[C@H](CCCCN)NC(=O)[C@H](CCCCN)NC(=O)[C@H](Cc5ccccc5)NC(=O)[C@H](CCCNC(=N)N)NC(=O)[C@H](CCCCN)NC(=O)[C@@H](NC(=O)[C@H](CC(C)C)NC(=O)CC[C@H](NC(=O)c5ccc(NCc6cnc7nc(N)[nH]c(=O)c7n6)cc5)C(=O)O)C(C)C)C(=O)N[C@H](C(=O)N[C@@H](CC(C)C)C(=O)N[C@@H](CC(C)C)C(N)=O)C(C)C)C4=O)[C@@H](NC(=O)c4ccccc4)c4ccccc4)C(C)=C1C3(C)C)[C@]1(OC(C)=O)CO[C@@H]1C[C@@H]2O,DAAVNUFLGLBZAG-FLEUDODYSA-N,0,train
Nc1ncnc(Oc2ccc(NC(=O)C3(C(=O)Nc4ccc(F)cc4)CC3)cc2F)c1/C=N/OCC(O)CN1CCOCC1,0.72,Nc1ncnc(Oc2ccc(NC(=O)C3(C(=O)Nc4ccc(F)cc4)CC3)cc2F)c1/C=N/OCC(O)CN1CCOCC1,QEHJQNGVEMNSQK-YRJKAGBCSA-N,1,train
O=C(Nc1cnc2ccccc2c1)c1cccc(Cl)c1O,0.0283999999999999,O=C(Nc1cnc2ccccc2c1)c1cccc(Cl)c1O,AKKSWUMRPICRGP-UHFFFAOYSA-N,1,train
C(=C/c1n[nH]c2cc(Sc3ccccc3)ccc12)\c1ccccc1,0.28,C(=C/c1n[nH]c2cc(Sc3ccccc3)ccc12)\c1ccccc1,DKHVKMQAOLEJKJ-SDNWHVSQSA-N,1,train
COc1ccc(/C=C\c2cc(OC)c(OC)c(OC)c2)cc1NC(=O)Nc1cccc(Br)c1,2.0,COc1ccc(/C=C\c2cc(OC)c(OC)c(OC)c2)cc1NC(=O)Nc1cccc(Br)c1,BTIZBIYFMXKPJT-HJWRWDBZSA-N,1,train
COC(=O)C1=CO[C@@H](O[C@@H]2O[C@H](CO)[C@@H](O)[C@H](O)[C@H]2O)[C@@H]2CO[C@@H](OC(=O)/C=C/c3ccccc3)C[C@H]12,49.3,COC(=O)C1=CO[C@@H](O[C@@H]2O[C@H](CO)[C@@H](O)[C@H](O)[C@H]2O)[C@@H]2CO[C@@H](OC(=O)/C=C/c3ccccc3)C[C@H]12,NCIXFPJYFWHIGK-APQPYVDZSA-N,0,train
NC(=O)CCC(C(=O)O)N1C(=O)c2cccc3cc([N+](=O)[O-])cc(c23)C1=O,50.0,NC(=O)CCC(C(=O)O)N1C(=O)c2cccc3cc([N+](=O)[O-])cc(c23)C1=O,WGDHFVRKINOMFE-UHFFFAOYSA-N,0,train
COc1cccc(NC(=O)Nc2ccc(Oc3ncnc4cc(OC)c5c(c34)OCCO5)cc2)c1,0.003,COc1cccc(NC(=O)Nc2ccc(Oc3ncnc4cc(OC)c5c(c34)OCCO5)cc2)c1,OAICBADCKDBOKM-UHFFFAOYSA-N,1,train
COc1cc2nccc(CN3CCc4c(C(=O)Nc5cccc(C(F)(F)F)c5)cccc4C3=O)c2cc1OC,0.006,COc1cc2nccc(CN3CCc4c(C(=O)Nc5cccc(C(F)(F)F)c5)cccc4C3=O)c2cc1OC,QDTRRZNAFLCROX-UHFFFAOYSA-N,1,train
O=C1C(=O)c2c(oc3cc(O)c(O)cc23)-c2oc3cc(O)c(O)cc3c21,7.6,O=C1C(=O)c2c(oc3cc(O)c(O)cc23)-c2oc3cc(O)c(O)cc3c21,ZWDDWFGODIIHBZ-UHFFFAOYSA-N,1,train
COc1cc(/C=N/Nc2nc(-c3cc(C(F)(F)F)cc(C(F)(F)F)c3)cs2)cc(Br)c1OC,100.0,COc1cc(/C=N/Nc2nc(-c3cc(C(F)(F)F)cc(C(F)(F)F)c3)cs2)cc(Br)c1OC,DMZXPXLRWHQDDI-YLKCYHHESA-N,0,train
O=C(NCc1cc(F)cc(Cl)c1)[C@@]1(O)CCN(c2ccc3[nH]ncc3c2)C1=O,0.03,O=C(NCc1cc(F)cc(Cl)c1)[C@@]1(O)CCN(c2ccc3[nH]ncc3c2)C1=O,RJYQONUBHSBQJP-IBGZPJMESA-N,1,train
C=CCONC(=O)c1ccccc1Sc1ccc2c(/C=C/c3ccccn3)n[nH]c2c1,0.0015,C=CCONC(=O)c1ccccc1Sc1ccc2c(/C=C/c3ccccn3)n[nH]c2c1,TZQAKNXOFLTLSW-JLHYYAGUSA-N,1,train
COc1cc(F)ccc1C1(NCc2ccc(F)c(CC3CCN(C)CC3)c2)CCCC1,30.0,COc1cc(F)ccc1C1(NCc2ccc(F)c(CC3CCN(C)CC3)c2)CCCC1,HUFKDQOSMPIAIF-UHFFFAOYSA-N,0,train
CC(=O)O[C@@H]1CC[C@@]2(C)[C@@H](CC[C@]3(C)[C@@H]2C(=O)C=C2[C@@H]4[C@@H](C)[C@H](C)CC[C@]4(C)CC[C@]23C)[C@@]1(C)C(=O)N1CCOCC1,100.0,CC(=O)O[C@@H]1CC[C@@]2(C)[C@@H](CC[C@]3(C)[C@@H]2C(=O)C=C2[C@@H]4[C@@H](C)[C@H](C)CC[C@]4(C)CC[C@]23C)[C@@]1(C)C(=O)N1CCOCC1,QLXYGWGLOZWKGR-BNWOMLOISA-N,0,train
Cc1[nH]nc(N)c1-c1nc2cc(F)c(S(=O)(=O)NCc3ccncc3)cc2s1,11.7,Cc1[nH]nc(N)c1-c1nc2cc(F)c(S(=O)(=O)NCc3ccncc3)cc2s1,AYMNDSCQMZZEPC-UHFFFAOYSA-N,0,train
COc1ccc(C2CCCC2c2cc(OC)c(OC)c(OC)c2)cc1O,1.75,COc1ccc(C2CCCC2c2cc(OC)c(OC)c(OC)c2)cc1O,DJMJJPBYLZSEBH-UHFFFAOYSA-N,1,train
CCOC(=O)/C=C1/C(=O)N(CC(=O)OC)c2ccccc21,70.0,CCOC(=O)/C=C1/C(=O)N(CC(=O)OC)c2ccccc21,FURUJUPNQBEXRN-DHZHZOJOSA-N,0,train
CN(C)CCCN1C(=O)C(=C(c2ccccc2)c2ccccc2)c2cc(F)ccc21.Cl,8.42,CN(C)CCCN1C(=O)C(=C(c2ccccc2)c2ccccc2)c2cc(F)ccc21,COUGLQGPTLUFKX-UHFFFAOYSA-N,1,train
Clc1ccc(Nc2cc3nc4ccccc4n(-c4ccc(Cl)cc4)c-3c/c2=N/CC[C@@H]2CCCN3CCCC[C@H]23)cc1,2.5,Clc1ccc(Nc2cc3nc4ccccc4n(-c4ccc(Cl)cc4)c-3c/c2=N/CC[C@@H]2CCCN3CCCC[C@H]23)cc1,GXEWQRAKFSZMRC-QTNBRDDOSA-N,1,train
Cc1cccc(NC(=O)Nc2ccc(Oc3ncnc4ccn(C)c34)cc2)c1,0.062,Cc1cccc(NC(=O)Nc2ccc(Oc3ncnc4ccn(C)c34)cc2)c1,FAICIPSJBXCWEZ-UHFFFAOYSA-N,1,train
Cc1ccc(Oc2ccc3nc(NC(=O)C4CC4)nn3c2)cc1NC(=O)c1ccnn1C,0.0099,Cc1ccc(Oc2ccc3nc(NC(=O)C4CC4)nn3c2)cc1NC(=O)c1ccnn1C,NPDQZXLVCOBLAS-UHFFFAOYSA-N,1,train
COc1ccc(C(N)=O)cc1/C=C/c1ccc(C#N)cc1,3.1,COc1ccc(C(N)=O)cc1/C=C/c1ccc(C#N)cc1,WXYCZZZJJJJDIG-VOTSOKGWSA-N,1,train
Nc1nc(NCc2ccc(C(=O)Nc3ccccc3N)cc2)nc(N2Cc3ccccc3C2)n1,50.0,Nc1nc(NCc2ccc(C(=O)Nc3ccccc3N)cc2)nc(N2Cc3ccccc3C2)n1,AVXOGOQOFUDWQN-UHFFFAOYSA-N,0,train
C[C@@H](C(N)=O)c1ccccc1CCc1nc(Nc2cnn(C3CCN(C)CC3)c2)ncc1C(F)(F)F,0.518,C[C@@H](C(N)=O)c1ccccc1CCc1nc(Nc2cnn(C3CCN(C)CC3)c2)ncc1C(F)(F)F,RJUAJPXDDBGVQP-MRXNPFEDSA-N,1,train
CCOP(=O)(OCC)C1CC(Cn2c(=O)n(Cc3ccccc3)c(=O)c3ccccc32)ON1C,222.0,CCOP(=O)(OCC)C1CC(Cn2c(=O)n(Cc3ccccc3)c(=O)c3ccccc32)ON1C,DZXWVEFEOJISCG-UHFFFAOYSA-N,0,train
COc1c(C)cnc(C[S+]([O-])c2nnc(-c3cccs3)o2)c1C,3.0,COc1c(C)cnc(C[S+]([O-])c2nnc(-c3cccs3)o2)c1C,IYCAGWMCVFCGHR-UHFFFAOYSA-N,1,train
Nc1ncnc2occ(-c3ccc(NC(=O)Nc4cc(C(F)(F)F)ccc4F)cc3)c12,0.0026,Nc1ncnc2occ(-c3ccc(NC(=O)Nc4cc(C(F)(F)F)ccc4F)cc3)c12,KNDPXYAMINMLED-UHFFFAOYSA-N,1,train
CNc1cc(Oc2ccc3c(C(=O)Nc4ccc(Cl)cc4)cccc3c2)ccn1,0.14,CNc1cc(Oc2ccc3c(C(=O)Nc4ccc(Cl)cc4)cccc3c2)ccn1,SXZVWFITJZXSHV-UHFFFAOYSA-N,1,train
Nc1ccccc1NC(=O)c1ccc(CNc2nc3ccccc3[nH]2)cc1,27.0,Nc1ccccc1NC(=O)c1ccc(CNc2nc3ccccc3[nH]2)cc1,XDBOAFOJZRJJBV-UHFFFAOYSA-N,0,train
CC(C)(O)c1ccc(-c2ccnc(NCc3ccc(C(=O)Nc4ccccc4N)cc3)n2)cn1,38.0,CC(C)(O)c1ccc(-c2ccnc(NCc3ccc(C(=O)Nc4ccccc4N)cc3)n2)cn1,HYNNNJMXSVQVCA-UHFFFAOYSA-N,0,train
Nc1ccccc1NC(=O)c1ccc(CSc2nc3ccc(NCc4ccccn4)cc3s2)cc1,8.0,Nc1ccccc1NC(=O)c1ccc(CSc2nc3ccc(NCc4ccccn4)cc3s2)cc1,JSFUWUVMPZEHJW-UHFFFAOYSA-N,1,train
COc1ccc(C(N)=O)cc1COc1ccc(Cl)c(C)c1,0.64,COc1ccc(C(N)=O)cc1COc1ccc(Cl)c(C)c1,XNBFGFLZZUGNGC-UHFFFAOYSA-N,1,train
COc1cc2c(Oc3ccc4[nH]c(C)cc4c3F)ncnc2cc1OCCCN1CCCC1,0.0012,COc1cc2c(Oc3ccc4[nH]c(C)cc4c3F)ncnc2cc1OCCCN1CCCC1,XXJWYDDUDKYVKI-UHFFFAOYSA-N,1,train
O=S(=O)(Nc1cc(Sc2ncnc3nc[nH]c23)c(O)c2ccccc12)c1ccc(C(F)(F)F)cc1,6.39,O=S(=O)(Nc1cc(Sc2ncnc3nc[nH]c23)c(O)c2ccccc12)c1ccc(C(F)(F)F)cc1,HJPDXFIHCYPEKU-UHFFFAOYSA-N,1,train
CN1CCN(c2ccc(-c3ccnc(NCc4ccc(C(=O)Nc5ccccc5N)cc4)n3)cn2)CC1,5.0,CN1CCN(c2ccc(-c3ccnc(NCc4ccc(C(=O)Nc5ccccc5N)cc4)n3)cn2)CC1,FAXVPGVAXAHKSU-UHFFFAOYSA-N,1,train
C=CCc1ccc(OC)c(-c2ccc(OC)c(CC=C)c2)c1,100.0,C=CCc1ccc(OC)c(-c2ccc(OC)c(CC=C)c2)c1,GDCJELDNRAWYTE-UHFFFAOYSA-N,0,train
CCC[C@]1(O)C[C@H](O)[C@@H](C)[C@H]([C@H](C)[C@@H]2C/C=C/C=C/[C@H](O)C(=O)/C(C)=C/C=C/C(C)=C/[C@@H](O)/C(C)=C/CC(=O)O2)O1,20.0,CCC[C@]1(O)C[C@H](O)[C@@H](C)[C@H]([C@H](C)[C@@H]2C/C=C/C=C/[C@H](O)C(=O)/C(C)=C/C=C/C(C)=C/[C@@H](O)/C(C)=C/CC(=O)O2)O1,VBMHBEBBOYSDHS-UCXQCCCXSA-N,0,train
COc1ccc(Cc2cn(CCNC(=O)Nc3ccccc3)nn2)cc1,200.0,COc1ccc(Cc2cn(CCNC(=O)Nc3ccccc3)nn2)cc1,AWVLDVHVQPQFTI-UHFFFAOYSA-N,0,train
COc1ccc(-c2cc3cc(OC)ccc3nc2Nc2ccc(NC(=O)CN3CCOCC3)cc2)cc1,50.0,COc1ccc(-c2cc3cc(OC)ccc3nc2Nc2ccc(NC(=O)CN3CCOCC3)cc2)cc1,GJJVIYXAWFQFGO-UHFFFAOYSA-N,0,train
CCn1nc(C)cc1C(=O)Nc1cccc(C(=O)c2ccc3c(/C=C/c4ccccn4)n[nH]c3c2)c1,0.0004799999999999,CCn1nc(C)cc1C(=O)Nc1cccc(C(=O)c2ccc3c(/C=C/c4ccccn4)n[nH]c3c2)c1,AMZNBJDLFWYTNW-ACCUITESSA-N,1,train
Brc1ccc(-c2nc3ccc(Br)cn3n2)cc1,300.0,Brc1ccc(-c2nc3ccc(Br)cn3n2)cc1,METAKUVFAGUKGU-UHFFFAOYSA-N,0,train
CCOP(=O)(CCn1cc(CN2C(=O)c3cccc4cccc(c34)C2=O)nn1)OCC,250.0,CCOP(=O)(CCn1cc(CN2C(=O)c3cccc4cccc(c34)C2=O)nn1)OCC,XKGSEJDYJJDJEY-UHFFFAOYSA-N,0,train
Cc1ccc(-c2nc3ccccc3[nH]2)cc1NC(=S)NCc1ccc2c(c1)OCO2,10.0,Cc1ccc(-c2nc3ccccc3[nH]2)cc1NC(=S)NCc1ccc2c(c1)OCO2,NFFBXEPXZVVNCJ-UHFFFAOYSA-N,1,train
COc1ccc(NC(=S)OCCNC(=O)C(C)(C)Oc2ccc(Cl)cc2)cc1,615.5,COc1ccc(NC(=S)OCCNC(=O)C(C)(C)Oc2ccc(Cl)cc2)cc1,HBWYMLYRYLLDCS-UHFFFAOYSA-N,0,train
C[C@H]1[C@@H](Oc2ccccc2)O[C@@H]2O[C@]3(C)CC[C@H]4[C@H](C)CC[C@@H]1[C@@]24OO3,33.81,C[C@H]1[C@@H](Oc2ccccc2)O[C@@H]2O[C@]3(C)CC[C@H]4[C@H](C)CC[C@@H]1[C@@]24OO3,SHZUNUYDQNHQJR-UIDINZOYSA-N,0,train
N#CC1=C(N)Oc2c(c3nc4ccccc4nc3c3ccccc23)C12C(=O)N(Cc1cnnn1-c1cccc(Br)c1)c1ccccc12,50.0,N#CC1=C(N)Oc2c(c3nc4ccccc4nc3c3ccccc23)C12C(=O)N(Cc1cnnn1-c1cccc(Br)c1)c1ccccc12,KGOIUQAHULZWDW-UHFFFAOYSA-N,0,train
CCOP(=O)(Cn1cc(CN2C(=O)c3cccc4cccc(c34)C2=O)nn1)OCC,250.0,CCOP(=O)(Cn1cc(CN2C(=O)c3cccc4cccc(c34)C2=O)nn1)OCC,ZQGRIDXDDJMWHQ-UHFFFAOYSA-N,0,train
COc1cc(C(=O)c2cc3cc(N)cc(OC)c3s2)cc(OC)c1OC,5.5,COc1cc(C(=O)c2cc3cc(N)cc(OC)c3s2)cc(OC)c1OC,MPZVMPIHHOVIEC-UHFFFAOYSA-N,1,train
CC(=O)n1ncc2c1[C@](C)(C(=O)O)[C@@H]1CC[C@]3(C)[C@H](C(=O)C=C4[C@@H]5[C@@H](C)[C@H](C)CC[C@]5(C)CC[C@]43C)[C@@]1(C)C2,9.27,CC(=O)n1ncc2c1[C@](C)(C(=O)O)[C@@H]1CC[C@]3(C)[C@H](C(=O)C=C4[C@@H]5[C@@H](C)[C@H](C)CC[C@]5(C)CC[C@]43C)[C@@]1(C)C2,MNOJENKRKZSIJR-AGTAJGTISA-N,1,train
CNC(=O)c1ccc(Nc2ncc(C(F)(F)F)c(NCc3ccc(Br)cc3)n2)cc1,20.0,CNC(=O)c1ccc(Nc2ncc(C(F)(F)F)c(NCc3ccc(Br)cc3)n2)cc1,SGUSOGLAMYNKBI-UHFFFAOYSA-N,0,train
Nc1ncnc2c1c(-c1ccc(Cl)cc1)nn2-c1cccc(-c2cnnn2Cc2cccc(-c3ccccc3)c2)c1,4.3,Nc1ncnc2c1c(-c1ccc(Cl)cc1)nn2-c1cccc(-c2cnnn2Cc2cccc(-c3ccccc3)c2)c1,UHIZYQVRKSWIFO-UHFFFAOYSA-N,1,train
COc1ccccc1NC(C)=C1C(=O)CC(c2ccc(F)cc2)CC1=O,1.8,COc1ccccc1NC(C)=C1C(=O)CC(c2ccc(F)cc2)CC1=O,ZTLZQOJNXVTQSL-UHFFFAOYSA-N,1,train
O=C(O)[C@H]1O[C@@H](Oc2cc3oc(-c4ccccc4)cc(=O)c3c(O)c2O)[C@H](O)[C@@H](O)[C@@H]1O,1000.0,O=C(O)[C@H]1O[C@@H](Oc2cc3oc(-c4ccccc4)cc(=O)c3c(O)c2O)[C@H](O)[C@@H](O)[C@@H]1O,IKIIZLYTISPENI-ZFORQUDYSA-N,0,train
CC12C(=O)C(C)(C(c3ccccc3)=C1c1ccccc1)C1C(=O)N(CCCCN3CCN(c4cccc(Cl)c4)CC3)C(=O)C12,21.93,CC12C(=O)C(C)(C(c3ccccc3)=C1c1ccccc1)C1C(=O)N(CCCCN3CCN(c4cccc(Cl)c4)CC3)C(=O)C12,YDTHKQISEOGROC-UHFFFAOYSA-N,0,train
CON(C(=O)c1ccccc1Sc1ccc2c(/C=C/c3ccccn3)n[nH]c2c1)C1CC1,0.0046,CON(C(=O)c1ccccc1Sc1ccc2c(/C=C/c3ccccn3)n[nH]c2c1)C1CC1,AVLCNUIOUWUNLV-NTEUORMPSA-N,1,train
Cc1ccc(Sc2cncc3sc(C(=O)NN)cc23)cc1,82.0,Cc1ccc(Sc2cncc3sc(C(=O)NN)cc23)cc1,FTUONNQXYRDSJJ-UHFFFAOYSA-N,0,train
COC(=O)[C@]1(C)[C@@H]2CC[C@]3(C)/C(=C(C)\C=C\C=C(/C)C(/C=C/C(C)(C)O)OC)C(=O)C[C@H]3[C@@]2(C)CC[C@H]1OC(C)=O,1.1,COC(=O)[C@]1(C)[C@@H]2CC[C@]3(C)/C(=C(C)\C=C\C=C(/C)C(/C=C/C(C)(C)O)OC)C(=O)C[C@H]3[C@@]2(C)CC[C@H]1OC(C)=O,QIHQIMPZPQVOJO-ZWZVHUMJSA-N,1,train
C=CCNC1=C2C[C@@H](C)C[C@H](OC)[C@H](O)[C@@H](C)/C=C(\C)[C@H](OC(N)=O)[C@@H](OC)/C=C\C=C(/C)C(=O)NC(=C(C)C1=O)C2=O,20.0,C=CCNC1=C2C[C@@H](C)C[C@H](OC)[C@H](O)[C@@H](C)/C=C(\C)[C@H](OC(N)=O)[C@@H](OC)/C=C\C=C(/C)C(=O)NC(=C(C)C1=O)C2=O,BMVOZLNYIKNSKD-AQVOFMRCSA-N,0,train
CCOC(=O)COC1CCN(C(=O)[C@H](C)NC(=O)c2ccc(/C(N)=N/O)cc2)CC1,50.0,CCOC(=O)COC1CCN(C(=O)[C@H](C)NC(=O)c2ccc(/C(N)=N/O)cc2)CC1,WBNUCLPUOSXSNJ-ZDUSSCGKSA-N,0,train
CN1CCN(CC(=O)Nc2ccc(C(=O)O[C@@H]3C[C@]4(C)[C@@H](O)CC[C@H]4[C@@H]4CCc5cc(O)ccc5[C@H]43)cc2)CC1,36.95,CN1CCN(CC(=O)Nc2ccc(C(=O)O[C@@H]3C[C@]4(C)[C@@H](O)CC[C@H]4[C@@H]4CCc5cc(O)ccc5[C@H]43)cc2)CC1,GEEMMPAISCQJEG-FCLURFJZSA-N,0,train
CCc1ccc2nc(N(CCN3CCCC3)c3ccc(OC)c(OC)c3)sc2c1,6.33,CCc1ccc2nc(N(CCN3CCCC3)c3ccc(OC)c(OC)c3)sc2c1,VIWSIQJFJNOXGJ-UHFFFAOYSA-N,1,train
O=C(Nc1cccc(C(=O)c2ccc3c(/C=C/c4ccccn4)n[nH]c3c2)c1)c1ccnc(Cl)c1,0.01,O=C(Nc1cccc(C(=O)c2ccc3c(/C=C/c4ccccn4)n[nH]c3c2)c1)c1ccnc(Cl)c1,BRHJXYQUULFLJC-CSKARUKUSA-N,1,train
CC[C@H](C)[C@H](NC(=O)OC(C)(C)C)C(=O)O[C@H]1c2cc3c(cc2[C@@H](c2cc(OC)c(OC)c(OC)c2)[C@H]2C(=O)OC[C@@H]21)OCO3,4.479,CC[C@H](C)[C@H](NC(=O)OC(C)(C)C)C(=O)O[C@H]1c2cc3c(cc2[C@@H](c2cc(OC)c(OC)c(OC)c2)[C@H]2C(=O)OC[C@@H]21)OCO3,RAYITJKPEDUDRS-OXJCGDFZSA-N,1,train
COC(=O)[C@@H](O)[C@@](C)(O)[C@@]12O[C@]13c1cc(O)c4c(c1N[C@H]2C#C/C=C\C#C[C@H]3O)C(=O)c1c(ccc(OC)c1O)C4=O,0.0004,COC(=O)[C@@H](O)[C@@](C)(O)[C@@]12O[C@]13c1cc(O)c4c(c1N[C@H]2C#C/C=C\C#C[C@H]3O)C(=O)c1c(ccc(OC)c1O)C4=O,IEVSIHHPTPATHO-WUGZBENHSA-N,1,train
N#Cc1ccccc1N1CC[C@](O)(C(=O)NCc2cc(F)cc(Cl)c2)C1=O,29.0,N#Cc1ccccc1N1CC[C@](O)(C(=O)NCc2cc(F)cc(Cl)c2)C1=O,DUJJENQXRPYECK-IBGZPJMESA-N,0,train
Cc1cc(C)cc(NC(=O)c2cccnc2SCc2ccncc2)c1,0.0062,Cc1cc(C)cc(NC(=O)c2cccnc2SCc2ccncc2)c1,YSQHUPMZDBCVFQ-UHFFFAOYSA-N,1,train
Cc1ccc(C2=N[C@@H](CC(=O)Nc3ccc(/C=C/C(=O)NO)cc3)c3nnc(C)n3-c3ccccc32)cc1,0.63,Cc1ccc(C2=N[C@@H](CC(=O)Nc3ccc(/C=C/C(=O)NO)cc3)c3nnc(C)n3-c3ccccc32)cc1,FSFIRPVUAKTSBJ-VLSFKVKESA-N,1,train
C/C=C/C[C@@H](C)[C@@H](O)[C@H](NC(=O)[C@@H]1CCCN1C(=O)C(C)(C)NC(=O)CCCCCCCCC)C(=O)NC(C)(C)C(=O)N[C@@H](CCC(N)=O)C(=O)N[C@@H](CCC(N)=O)C(=O)NC(C)(C)C(=O)NC(C)(C)C(=O)N[C@@H](CCC(N)=O)C(=O)N[C@H](C(=O)N[C@H](CO)CC(C)C)C(C)C,8.0,C/C=C/C[C@@H](C)[C@@H](O)[C@H](NC(=O)[C@@H]1CCCN1C(=O)C(C)(C)NC(=O)CCCCCCCCC)C(=O)NC(C)(C)C(=O)N[C@@H](CCC(N)=O)C(=O)N[C@@H](CCC(N)=O)C(=O)NC(C)(C)C(=O)NC(C)(C)C(=O)N[C@@H](CCC(N)=O)C(=O)N[C@H](C(=O)N[C@H](CO)CC(C)C)C(C)C,SIIRGYXKTQZYMV-DGPRMSGASA-N,1,train
COc1ccc(/C=C2\COc3cc(OC(C)=O)cc(O)c3C2=O)cc1O,26.0,COc1ccc(/C=C2\COc3cc(OC(C)=O)cc(O)c3C2=O)cc1O,CESSZWKEFWLHGT-LFYBBSHMSA-N,0,train
CC(=O)N(C)c1cc(CSc2ncccc2C(=O)Nc2cc(C)cc(C)c2)ccn1,0.065,CC(=O)N(C)c1cc(CSc2ncccc2C(=O)Nc2cc(C)cc(C)c2)ccn1,GFKVOQBTSPFNPD-UHFFFAOYSA-N,1,train
N#CC1=C(N)Oc2c(cc(Cl)c3cccnc23)C1c1ccc(Cl)cc1,7.65,N#CC1=C(N)Oc2c(cc(Cl)c3cccnc23)C1c1ccc(Cl)cc1,STKSKZVSSSOCNT-UHFFFAOYSA-N,1,train
O=C(Nc1ccc(Cl)cc1)c1cccnc1NCc1ccncc1,0.008,O=C(Nc1ccc(Cl)cc1)c1cccnc1NCc1ccncc1,NOSWLVYNWMYEPM-UHFFFAOYSA-N,1,train
Cc1[nH]c(/C=C2\C(=O)N(CCCN(C)C)c3ccc(F)cc32)c(C)c1C(=O)N(C)C.Cl,5.23,Cc1[nH]c(/C=C2\C(=O)N(CCCN(C)C)c3ccc(F)cc32)c(C)c1C(=O)N(C)C,UHNBTTJWGMZPMV-AQTBWJFISA-N,1,train
O=C(O)c1c(O)c(-c2ccc(Cl)cc2)nc2c(-c3ccccc3)cccc12,4.5,O=C(O)c1c(O)c(-c2ccc(Cl)cc2)nc2c(-c3ccccc3)cccc12,OXHYIGFIYVMDLI-UHFFFAOYSA-N,1,train
CC(N)c1ccc(Nc2ncc(Cl)c(CCc3ccccc3C3(C(N)=O)CC3)n2)cc1,0.209,CC(N)c1ccc(Nc2ncc(Cl)c(CCc3ccccc3C3(C(N)=O)CC3)n2)cc1,QCOBLDQZJWXXDC-UHFFFAOYSA-N,1,train
CN(C)CCNC(=O)Nc1ccc(N(C)c2ccnc(Nc3cccc(CS(C)(=O)=O)c3)n2)cc1,0.53,CN(C)CCNC(=O)Nc1ccc(N(C)c2ccnc(Nc3cccc(CS(C)(=O)=O)c3)n2)cc1,ZHOYAULWNHDIJV-UHFFFAOYSA-N,1,train
CCOC(=O)c1cc2c(nc1C(F)(F)F)nn1c(-c3ccc(F)cc3)cc(-c3cccs3)nc21,85.9,CCOC(=O)c1cc2c(nc1C(F)(F)F)nn1c(-c3ccc(F)cc3)cc(-c3cccs3)nc21,DXHXTYKBVMKVRQ-UHFFFAOYSA-N,0,train
C[C@H]1[C@@H](OCC(O)CO[C@@H]2C[C@@H]3CC[C@@H](C)[C@@H]4CC[C@@]5(C)OO[C@@]34[C@H](O2)O5)O[C@@H]2O[C@@]3(C)CC[C@H]4[C@H](C)CC[C@@H]1[C@@]24OO3,1.8,C[C@H]1[C@@H](OCC(O)CO[C@@H]2C[C@@H]3CC[C@@H](C)[C@@H]4CC[C@@]5(C)OO[C@@]34[C@H](O2)O5)O[C@@H]2O[C@@]3(C)CC[C@H]4[C@H](C)CC[C@@H]1[C@@]24OO3,WMQKSJCXJIBIIT-KXOHHESVSA-N,1,train
COc1ccc(C2C(C#N)=C(N)Oc3c2ccc2cccnc32)c(OC)c1OC,10.0,COc1ccc(C2C(C#N)=C(N)Oc3c2ccc2cccnc32)c(OC)c1OC,HJGJTSJZHOYNHM-UHFFFAOYSA-N,1,train
CC[C@H]1OC(=O)[C@H](C)[C@@H](O)[C@H](C)[C@@H](O[C@@H]2O[C@H](C)C[C@H](N(C)Cc3ccc(-c4cn(CCCCCCCC(=O)NO)nn4)cc3)[C@H]2O)[C@](C)(O)C[C@@H](C)CN(C)[C@H](C)[C@@H](O)[C@]1(C)O,10.0,CC[C@H]1OC(=O)[C@H](C)[C@@H](O)[C@H](C)[C@@H](O[C@@H]2O[C@H](C)C[C@H](N(C)Cc3ccc(-c4cn(CCCCCCCC(=O)NO)nn4)cc3)[C@H]2O)[C@](C)(O)C[C@@H](C)CN(C)[C@H](C)[C@@H](O)[C@]1(C)O,PZRNFCUOQPZHIA-MQAZABNTSA-N,1,train
O=C(c1cccc(NC(=O)c2ccno2)c1)c1ccc2c(/C=C/c3ccccc3)n[nH]c2c1,0.0022,O=C(c1cccc(NC(=O)c2ccno2)c1)c1ccc2c(/C=C/c3ccccc3)n[nH]c2c1,UYJNQIOSRYNOIV-FMIVXFBMSA-N,1,train
O=C(Nc1cccc(Oc2ccc3c(/C=C/c4ccco4)n[nH]c3c2)c1)c1ccccc1,0.0025,O=C(Nc1cccc(Oc2ccc3c(/C=C/c4ccco4)n[nH]c3c2)c1)c1ccccc1,DWKBKZYNVMDRPR-WYMLVPIESA-N,1,train
CN(C)CCOc1ccc(-c2nc(-c3ccncc3)c(-c3ccc4c(c3)CC/C4=N\O)[nH]2)cc1,1.1,CN(C)CCOc1ccc(-c2nc(-c3ccncc3)c(-c3ccc4c(c3)CC/C4=N\O)[nH]2)cc1,MLSAQOINCGAULQ-QFMPWRQOSA-N,1,train
O=c1c(Cl)c(COc2cccc(OCC3CCOCC3)c2)[nH]c2ccccc12,0.012,O=c1c(Cl)c(COc2cccc(OCC3CCOCC3)c2)[nH]c2ccccc12,TWFAWXIRDXPGBL-UHFFFAOYSA-N,1,train
CC(C)C[C@H](NC(=O)[C@H](CCCNC(=N)N)NC(=O)[C@H](CC(C)C)NC(=O)[C@H](CC(C)C)NC(=O)[C@H](CCCNC(=N)N)NC(=O)[C@H](CCCNC(=N)N)NC(=O)[C@H](CC(C)C)NC(=O)[C@H](CCCNC(=N)N)NC(=O)[C@H](CC(C)C)NC(=O)[C@H](CC(C)C)NC(=O)[C@H](CCCNC(=N)N)NC(=O)[C@H](CC(C)C)NC(=O)[C@H](CC(C)C)NC(=O)[C@H](CCCNC(=N)N)NC(=O)CNC(=O)CNC(=O)[C@@H](N)Cc1cnc[nH]1)C(N)=O,19.0,CC(C)C[C@H](NC(=O)[C@H](CCCNC(=N)N)NC(=O)[C@H](CC(C)C)NC(=O)[C@H](CC(C)C)NC(=O)[C@H](CCCNC(=N)N)NC(=O)[C@H](CCCNC(=N)N)NC(=O)[C@H](CC(C)C)NC(=O)[C@H](CCCNC(=N)N)NC(=O)[C@H](CC(C)C)NC(=O)[C@H](CC(C)C)NC(=O)[C@H](CCCNC(=N)N)NC(=O)[C@H](CC(C)C)NC(=O)[C@H](CC(C)C)NC(=O)[C@H](CCCNC(=N)N)NC(=O)CNC(=O)CNC(=O)[C@@H](N)Cc1cnc[nH]1)C(N)=O,HWRYECDDYMGXSJ-RXGRUPDLSA-N,0,train
COc1ccc2c(c1)C(=O)c1c-2n(-c2ccc(OCCCN3CCOCC3)cc2)c(=O)c2cc(OC)ccc12,100.0,COc1ccc2c(c1)C(=O)c1c-2n(-c2ccc(OCCCN3CCOCC3)cc2)c(=O)c2cc(OC)ccc12,RBROTPDJDWLLAK-UHFFFAOYSA-N,0,train
Cc1ccc(NC(=O)Cn2cc(-c3ccc4c(NC(=O)c5ccc(NC(=O)CCCCCCCC(=O)N[C@H](C(=O)N6C[C@H](O)C[C@H]6C(=O)NCc6ccc(-c7scnc7C)cc6)C(C)(C)C)cc5)n[nH]c4c3)cn2)cc1C(F)(F)F,50.0,Cc1ccc(NC(=O)Cn2cc(-c3ccc4c(NC(=O)c5ccc(NC(=O)CCCCCCCC(=O)N[C@H](C(=O)N6C[C@H](O)C[C@H]6C(=O)NCc6ccc(-c7scnc7C)cc6)C(C)(C)C)cc5)n[nH]c4c3)cn2)cc1C(F)(F)F,NFWQAJIASJIBNX-ORZXESOZSA-N,0,train
CC(C)=CCc1cc(C(=O)/C=C/c2ccc(O)cc2)c(O)c(CC=C(C)C)c1O,20.26,CC(C)=CCc1cc(C(=O)/C=C/c2ccc(O)cc2)c(O)c(CC=C(C)C)c1O,RWWHVUOFLZULHS-NTEUORMPSA-N,0,train
CCn1c(=O)n(Cc2ccc(C(=O)Nc3ccccc3N)cc2)c(=O)c2ccccc21,25.0,CCn1c(=O)n(Cc2ccc(C(=O)Nc3ccccc3N)cc2)c(=O)c2ccccc21,LTTVDXWGUVFJHX-UHFFFAOYSA-N,0,train
COc1cc(Sc2c(-c3cc[nH]c3)[nH]c3ccccc23)cc(OC)c1OC,0.03,COc1cc(Sc2c(-c3cc[nH]c3)[nH]c3ccccc23)cc(OC)c1OC,XISVEIOXCSGBQZ-UHFFFAOYSA-N,1,train
Cc1ccc(Nc2cc(-c3ccc(C)cc3)nc3ccccc23)cc1.Cl,36.0,Cc1ccc(Nc2cc(-c3ccc(C)cc3)nc3ccccc23)cc1,MRVJFLZAEMRHPX-UHFFFAOYSA-N,0,train
COc1c(C)cnc(Cn2cnc3c(Cl)nc(N)nc32)c1C,1.42,COc1c(C)cnc(Cn2cnc3c(Cl)nc(N)nc32)c1C,QULDDKSCVCJTPV-UHFFFAOYSA-N,1,train
COc1ccc(Cc2cn(CCNC(=O)Nc3cccc(Cl)c3)nn2)cc1,200.0,COc1ccc(Cc2cn(CCNC(=O)Nc3cccc(Cl)c3)nn2)cc1,VDFYRQLUHDZMNK-UHFFFAOYSA-N,0,train
Cc1cc(C(=O)Nc2cccc(Oc3ccc4nc(NC(=O)C5CC5)cn4n3)c2C)n(C)n1,0.097,Cc1cc(C(=O)Nc2cccc(Oc3ccc4nc(NC(=O)C5CC5)cn4n3)c2C)n(C)n1,CKFGBDPRYSAZQN-UHFFFAOYSA-N,1,train
CCOC(=O)C1ON(c2ccccc2)C(c2cccc(C)c2)C12C(=O)Nc1ccc(F)cc12,45.0,CCOC(=O)C1ON(c2ccccc2)C(c2cccc(C)c2)C12C(=O)Nc1ccc(F)cc12,YSEOUPAPFYERDD-UHFFFAOYSA-N,0,train
CCOP(=O)(OCC)c1c(-c2ccc(F)cc2)oc2c1C(=O)c1ncccc1C2=O,1.0,CCOP(=O)(OCC)c1c(-c2ccc(F)cc2)oc2c1C(=O)c1ncccc1C2=O,JFTXQAZOJSLOGD-UHFFFAOYSA-N,1,train
NC(=S)N/N=C(/c1cccc(Br)c1)c1cccc(OP(=O)([O-])[O-])c1.[Na+].[Na+],20.2,NC(=S)N/N=C(/c1cccc(Br)c1)c1cccc(OP(=O)(O)O)c1,GETVJLDKITVTOO-LGMDPLHJSA-N,0,train
CCN1CCC(Nc2ccc3c(c2)C(=C(c2ccc(OC)cc2)c2nc4ccccc4[nH]2)C(=O)N3)CC1,0.013,CCN1CCC(Nc2ccc3c(c2)C(=C(c2ccc(OC)cc2)c2nc4ccccc4[nH]2)C(=O)N3)CC1,OAFIHAHWHDARSB-UHFFFAOYSA-N,1,train
Cl.NCCc1cn(Cc2ccc(-c3cccc(C(F)(F)F)c3)cc2)c2ccc(OCCc3ccc(O)cc3)cc12,1.98,NCCc1cn(Cc2ccc(-c3cccc(C(F)(F)F)c3)cc2)c2ccc(OCCc3ccc(O)cc3)cc12,KVZGXHXBYQNWHP-UHFFFAOYSA-N,1,train
CCN(CC)CCCn1c2c(c3ccccc3c1=O)C(=O)C(=O)c1cc(C)oc1-2,2.52,CCN(CC)CCCn1c2c(c3ccccc3c1=O)C(=O)C(=O)c1cc(C)oc1-2,WFDKMAMSXDSEQB-UHFFFAOYSA-N,1,train
Cc1ccc(CC(=O)Nc2ccc3oc(-c4ccccc4F)nc3c2)cc1,12.75,Cc1ccc(CC(=O)Nc2ccc3oc(-c4ccccc4F)nc3c2)cc1,YOALCOQOSYCTDZ-UHFFFAOYSA-N,0,train
COc1cc(O)c2c(c1)OC[C@]1(Cc3c1cc(OC)c(OC)c3OC)C2=O,100.0,COc1cc(O)c2c(c1)OC[C@]1(Cc3c1cc(OC)c(OC)c3OC)C2=O,RWSCIOKDSXDRFY-FQEVSTJZSA-N,0,train
COC(=O)c1cc2cc(NCc3cc(NC(=O)c4ccc5c(c4)OCO5)ccc3C)cnc2[nH]1,0.298,COC(=O)c1cc2cc(NCc3cc(NC(=O)c4ccc5c(c4)OCO5)ccc3C)cnc2[nH]1,FWMUEYIPJVTZHQ-UHFFFAOYSA-N,1,train
C(=N/n1cnnc1)\c1cn(Cc2ccccc2)c2ccccc12,14.9,C(=N/n1cnnc1)\c1cn(Cc2ccccc2)c2ccccc12,BLLNHWPEWLAAOP-UFFVCSGVSA-N,0,train
CC[C@H]1OC(=O)[C@H](C)[C@@H](O)[C@H](C)[C@@H](O[C@@H]2O[C@H](C)C[C@H](N(C)Cc3ccc(-c4cn(CCCCCC(=O)NO)nn4)cc3)[C@H]2O)[C@](C)(OC)C[C@@H](C)C(=O)[C@H](C)[C@@H](O)[C@]1(C)O,10.0,CC[C@H]1OC(=O)[C@H](C)[C@@H](O)[C@H](C)[C@@H](O[C@@H]2O[C@H](C)C[C@H](N(C)Cc3ccc(-c4cn(CCCCCC(=O)NO)nn4)cc3)[C@H]2O)[C@](C)(OC)C[C@@H](C)C(=O)[C@H](C)[C@@H](O)[C@]1(C)O,VUESUWSIZHBRFK-SHZYLCPASA-N,1,train
O=C(CCCCCCC(=O)Nc1ccccc1)NO,0.12,O=C(CCCCCCC(=O)Nc1ccccc1)NO,WAEXFXRVDQXREF-UHFFFAOYSA-N,1,train
Cc1ccc(CC(=O)N[C@@H](Cc2ccc(OCc3ccccc3)cc2)C(=O)NS(=O)(=O)c2ccc(NCCCc3ccccc3)c([N+](=O)[O-])c2)cc1,50.0,Cc1ccc(CC(=O)N[C@@H](Cc2ccc(OCc3ccccc3)cc2)C(=O)NS(=O)(=O)c2ccc(NCCCc3ccccc3)c([N+](=O)[O-])c2)cc1,PIIWCHCFSUCMHL-QNGWXLTQSA-N,0,train
CCOP(=O)(OCC)[C@@H]1C[C@@H](Cn2c(=O)n(C(=O)c3ccccc3F)c(=O)c3ccccc32)ON1C,250.0,CCOP(=O)(OCC)[C@@H]1C[C@@H](Cn2c(=O)n(C(=O)c3ccccc3F)c(=O)c3ccccc32)ON1C,WQWTWLVWOSMELQ-HRAATJIYSA-N,0,train
CC(=O)O[C@@H]1CC[C@@]2(C)[C@@H](CC[C@]3(C)[C@@H]2CC=C2[C@@H]4[C@@H](C)[C@H](C)CC[C@]4(C)CC[C@]23C)[C@@]1(C)C(=O)O,100.0,CC(=O)O[C@@H]1CC[C@@]2(C)[C@@H](CC[C@]3(C)[C@@H]2CC=C2[C@@H]4[C@@H](C)[C@H](C)CC[C@]4(C)CC[C@]23C)[C@@]1(C)C(=O)O,YJBVHJIKNLBFDX-MQURJEHKSA-N,0,train
CCc1cc2c(cc1OS(N)(=O)=O)CC[C@@H]1[C@@H]2CC[C@]2(C)C(=O)CC[C@@H]12,0.06,CCc1cc2c(cc1OS(N)(=O)=O)CC[C@@H]1[C@@H]2CC[C@]2(C)C(=O)CC[C@@H]12,GTMOGHHWTKSVCD-MQJTVSLUSA-N,1,train
c1ccc(-c2ccccn2)nc1,10.0,c1ccc(-c2ccccn2)nc1,ROFVEXUMMXZLPA-UHFFFAOYSA-N,1,train
CCOc1ccc(Oc2ccc(C3=NN(C4=NC(=O)CS4)C(c4cc(O)c(O)c(Br)c4Br)C3)cc2)cc1,28.29,CCOc1ccc(Oc2ccc(C3=NN(C4=NC(=O)CS4)C(c4cc(O)c(O)c(Br)c4Br)C3)cc2)cc1,SSAVEPMIHHRFHV-UHFFFAOYSA-N,0,train
N[C@H]1CC[C@H](Nc2nc(Nc3ccc(Br)cc3)c3ncn(C4CCCC4)c3n2)CC1,10.062,N[C@H]1CC[C@H](Nc2nc(Nc3ccc(Br)cc3)c3ncn(C4CCCC4)c3n2)CC1,BUBIRDGMXHNBKV-JCNLHEQBSA-N,0,train
O=C(Nc1ccc(Cl)cc1)c1cccc2cc(Oc3ccncc3)ccc12,0.22,O=C(Nc1ccc(Cl)cc1)c1cccc2cc(Oc3ccncc3)ccc12,QJPWZEVJMJTSRW-UHFFFAOYSA-N,1,train
COc1ccc(C(=O)c2c(O)cc3c(c2O)CCC(C)(C)O3)cc1OC,48.0,COc1ccc(C(=O)c2c(O)cc3c(c2O)CCC(C)(C)O3)cc1OC,QQKXGNSQMOBUPB-UHFFFAOYSA-N,0,train
NC(=O)c1nnn([C@@H]2O[C@H](CO)[C@@H](O)[C@H]2O)c1I,70.0,NC(=O)c1nnn([C@@H]2O[C@H](CO)[C@@H](O)[C@H]2O)c1I,PBAWSNYBKZSVBK-UMMCILCDSA-N,0,train
O=C(Nc1ccccc1)Nc1nnc(Sc2ncnc3scc(-c4ccncc4)c23)s1,19.3,O=C(Nc1ccccc1)Nc1nnc(Sc2ncnc3scc(-c4ccncc4)c23)s1,IALFWPBLPIJHSE-UHFFFAOYSA-N,0,train
COc1cc([C@@H]2c3cc4c(cc3[C@@H](O[C@@H]3O[C@@H]5CO[C@@H](c6cccs6)O[C@H]5[C@H](O)[C@H]3OC(=O)CSc3nc5cc(F)ccc5o3)[C@H]3COC(=O)[C@H]23)OCO4)cc(OC)c1O,14.3,COc1cc([C@@H]2c3cc4c(cc3[C@@H](O[C@@H]3O[C@@H]5CO[C@@H](c6cccs6)O[C@H]5[C@H](O)[C@H]3OC(=O)CSc3nc5cc(F)ccc5o3)[C@H]3COC(=O)[C@H]23)OCO4)cc(OC)c1O,WPQDBRSATLBNTE-AYWMBGQKSA-N,0,train
CN(C)CCCNc1[nH]nc(N)c1-c1nc2ccccc2s1,12.8,CN(C)CCCNc1[nH]nc(N)c1-c1nc2ccccc2s1,JDXRQOFYLUYCEK-UHFFFAOYSA-N,0,train
CC[C@H](C)[C@@H]1NC(=O)[C@@H]2CSSC[C@@H]3NC(=O)[C@H](C(C)C)NC(=O)[C@H](CCCCN)NC(=O)[C@H](CC(=O)NN)NC(=O)[C@H](CCCCN)NC(=O)[C@@H]4CSSC[C@H](NC(=O)[C@H](CO)NC(=O)[C@H](CCC(=O)O)NC(=O)CNC(=O)[C@H](CSSC[C@H](NC(=O)CNC(=O)[C@H]([C@@H](C)CC)NC(=O)[C@H](C(C)C)NC(=O)[C@H](CCC(N)=O)NC(=O)[C@H](CO)NC1=O)C(=O)N[C@@H](CCCCN)C(=O)N4)NC(=O)[C@@H]1CCCN1C(=O)[C@H]([C@@H](C)CC)NC(=O)[C@H](C)NC(=O)[C@H](CCCNC(=N)N)NC(=O)[C@H](Cc1ccc(O)cc1)NC3=O)C(=O)N[C@@H](C(C)C)C(=O)N[C@@H](Cc1ccc(O)cc1)C(=O)N[C@@H]([C@@H](C)CC)C(=O)N1CCC[C@H]1C(=O)N2,1.0,CC[C@H](C)[C@@H]1NC(=O)[C@@H]2CSSC[C@@H]3NC(=O)[C@H](C(C)C)NC(=O)[C@H](CCCCN)NC(=O)[C@H](CC(=O)NN)NC(=O)[C@H](CCCCN)NC(=O)[C@@H]4CSSC[C@H](NC(=O)[C@H](CO)NC(=O)[C@H](CCC(=O)O)NC(=O)CNC(=O)[C@H](CSSC[C@H](NC(=O)CNC(=O)[C@H]([C@@H](C)CC)NC(=O)[C@H](C(C)C)NC(=O)[C@H](CCC(N)=O)NC(=O)[C@H](CO)NC1=O)C(=O)N[C@@H](CCCCN)C(=O)N4)NC(=O)[C@@H]1CCCN1C(=O)[C@H]([C@@H](C)CC)NC(=O)[C@H](C)NC(=O)[C@H](CCCNC(=N)N)NC(=O)[C@H](Cc1ccc(O)cc1)NC3=O)C(=O)N[C@@H](C(C)C)C(=O)N[C@@H](Cc1ccc(O)cc1)C(=O)N[C@@H]([C@@H](C)CC)C(=O)N1CCC[C@H]1C(=O)N2,UNLSRZCYGLGYKK-HXFCYQFJSA-N,1,train
COC(=O)C1(O)CC[C@]2(OC(C)=O)[C@H]3CC[C@]2(CC1=O)C(=O)O[C@]3(C)/C=C/C=C(\C)C(=O)O,10.0,COC(=O)C1(O)CC[C@]2(OC(C)=O)[C@H]3CC[C@]2(CC1=O)C(=O)O[C@]3(C)/C=C/C=C(\C)C(=O)O,CBFSAXUGYWUGMT-JAFKYLCTSA-N,1,train
COC(=O)c1cc2cc(COc3cc(NC(=O)c4ccc(CN5CCC(N(C)C)C5)c(C(F)(F)F)c4)ccc3C)cnc2[nH]1,0.426,COC(=O)c1cc2cc(COc3cc(NC(=O)c4ccc(CN5CCC(N(C)C)C5)c(C(F)(F)F)c4)ccc3C)cnc2[nH]1,MYHREBUEUYXJGH-UHFFFAOYSA-N,1,train
O=C1c2ccccc2C(=O)c2c1oc1c2ccc2ccccc21,63.0,O=C1c2ccccc2C(=O)c2c1oc1c2ccc2ccccc21,ALXCRFWBTUYTAV-UHFFFAOYSA-N,0,train
CCC(C)n1ncn(-c2ccc(N3CCN(c4ccc(O)cc4)CC3)cc2)c1=O,100.0,CCC(C)n1ncn(-c2ccc(N3CCN(c4ccc(O)cc4)CC3)cc2)c1=O,FFAQILVGBAELHN-UHFFFAOYSA-N,0,train
O=C1c2oc3cc(O)c(O)cc3c2C(=O)c2oc3cc(O)c(O)cc3c21,3.4,O=C1c2oc3cc(O)c(O)cc3c2C(=O)c2oc3cc(O)c(O)cc3c21,PDICCECAPKBDBB-UHFFFAOYSA-N,1,train
CC(C)c1ccc2c(c1)CC[C@H]1[C@](C)(CNC(=O)c3ncn(C)c3C(=O)O)CCC[C@]21C,32.99,CC(C)c1ccc2c(c1)CC[C@H]1[C@](C)(CNC(=O)c3ncn(C)c3C(=O)O)CCC[C@]21C,OLDFAVNCVUVUEX-YMSRPXOMSA-N,0,train
Clc1ccc(N2CCN(Cc3cc(N4CC5CN(Cc6ccccc6)CC5C4)ccn3)CC2)cc1,50.0,Clc1ccc(N2CCN(Cc3cc(N4CC5CN(Cc6ccccc6)CC5C4)ccn3)CC2)cc1,GIOBHEGZGDMDMK-UHFFFAOYSA-N,0,train
CC(C(N)=O)c1ccccc1CCc1nc(Nc2cnn(C3CCN(C)CC3)c2)ncc1C(F)(F)F,0.394,CC(C(N)=O)c1ccccc1CCc1nc(Nc2cnn(C3CCN(C)CC3)c2)ncc1C(F)(F)F,RJUAJPXDDBGVQP-UHFFFAOYSA-N,1,train
Nc1c(-c2nc3ccc[nH]c-3n2)c(O)nc2ccccc12,0.088,Nc1c(-c2nc3ccc[nH]c-3n2)c(O)nc2ccccc12,HZJFSGCBXSPJTM-UHFFFAOYSA-N,1,train
CC[C@H](C)n1ncn(-c2ccc(N3CCN(c4ccc(OC[C@@H]5CO[C@@](C)(c6ccc(Cl)cc6Cl)O5)cc4)CC3)cc2)c1=O,18.3,CC[C@H](C)n1ncn(-c2ccc(N3CCN(c4ccc(OC[C@@H]5CO[C@@](C)(c6ccc(Cl)cc6Cl)O5)cc4)CC3)cc2)c1=O,DSUBUDBDRUEAAT-CUDUBCGHSA-N,0,train
O=C(c1cccc(NC(=O)c2cccc(Cl)n2)c1)c1ccc2c(/C=C/c3ccccc3)n[nH]c2c1,0.094,O=C(c1cccc(NC(=O)c2cccc(Cl)n2)c1)c1ccc2c(/C=C/c3ccccc3)n[nH]c2c1,FIVFOCIWGZTUTN-NTCAYCPXSA-N,1,train
O=C(Nc1ccc2oc(-c3ccccc3Cl)nc2c1)c1ccc(Br)c(F)c1,50.18,O=C(Nc1ccc2oc(-c3ccccc3Cl)nc2c1)c1ccc(Br)c(F)c1,PUBSLCLRJDXWLN-UHFFFAOYSA-N,0,train
CN1CCN(c2cc(F)c(-c3ccc(C(=O)NCCN4CCOCC4)cc3)cc2Nc2ncnc(Cl)c2N)CC1,100.0,CN1CCN(c2cc(F)c(-c3ccc(C(=O)NCCN4CCOCC4)cc3)cc2Nc2ncnc(Cl)c2N)CC1,PNWAJVNRSZEPFF-UHFFFAOYSA-N,0,train
Cc1nc(C)c(C(=O)NCCCCCCCCCCCCNOC(=O)c2ccc3cc[nH]c3c2)nc1C,3.82,Cc1nc(C)c(C(=O)NCCCCCCCCCCCCNOC(=O)c2ccc3cc[nH]c3c2)nc1C,KYXBHGGFZXJLQW-UHFFFAOYSA-N,1,train
O=S(=O)(Nc1cccc2cccnc12)c1ccccc1,8.0,O=S(=O)(Nc1cccc2cccnc12)c1ccccc1,FEBBZFJWAMUFPI-UHFFFAOYSA-N,1,train
Cc1c(C(C)C)c(=O)oc2cc(OCCOc3no[n+]([O-])c3S(=O)(=O)c3ccccc3)ccc12,5.9,Cc1c(C(C)C)c(=O)oc2cc(OCCOc3no[n+]([O-])c3S(=O)(=O)c3ccccc3)ccc12,HXWGYFQESCKRMF-UHFFFAOYSA-N,1,train
CC1=NN(c2cccc(Cl)c2)C(=O)C12C=CC(=O)C=C2c1ccc(C)cc1,5.41,CC1=NN(c2cccc(Cl)c2)C(=O)C12C=CC(=O)C=C2c1ccc(C)cc1,LSPRACCVMUFTPI-UHFFFAOYSA-N,1,train
CCCn1ncn(-c2ccc(N3CCN(c4ccc(OC[C@@H]5CO[C@@](C)(c6ccc(Cl)cc6Cl)O5)cc4)CC3)cc2)c1=O,26.5,CCCn1ncn(-c2ccc(N3CCN(c4ccc(OC[C@@H]5CO[C@@](C)(c6ccc(Cl)cc6Cl)O5)cc4)CC3)cc2)c1=O,UASDLASFPGUWQT-AKGWNBJDSA-N,0,train
O=C(Nc1ccc2oc(-c3ccc(Cl)c(Br)c3)nc2c1)c1ccc(Cl)c(F)c1,69.31,O=C(Nc1ccc2oc(-c3ccc(Cl)c(Br)c3)nc2c1)c1ccc(Cl)c(F)c1,OHXDZOHZVMGUHK-UHFFFAOYSA-N,0,train
CC[C@H](C)[C@H](NC(=O)[C@H](C)NC(=O)CCc1cccc2c1oc1c(CCNC(=O)[C@H](CC(C)C)NC(=O)[C@H](CCCCN)NC(=O)[C@H](CCSC)NC(=O)[C@H](CCC(N)=O)NC(=O)[C@@H](NC(=O)[C@@H](N)CO)C(C)C)cccc12)C(=O)N[C@H](C(=O)N[C@@H](CCCCN)C(=O)N[C@@H](CC(C)C)C(=O)N[C@@H](CC(N)=O)C(=O)N[C@@H](C)C(=O)O)C(C)C,5.0,CC[C@H](C)[C@H](NC(=O)[C@H](C)NC(=O)CCc1cccc2c1oc1c(CCNC(=O)[C@H](CC(C)C)NC(=O)[C@H](CCCCN)NC(=O)[C@H](CCSC)NC(=O)[C@H](CCC(N)=O)NC(=O)[C@@H](NC(=O)[C@@H](N)CO)C(C)C)cccc12)C(=O)N[C@H](C(=O)N[C@@H](CCCCN)C(=O)N[C@@H](CC(C)C)C(=O)N[C@@H](CC(N)=O)C(=O)N[C@@H](C)C(=O)O)C(C)C,PZPCCVRIWLCJMF-BJCFDAKISA-N,1,train
COC(=O)[C@]1(C)[C@@H]2CC[C@]3(C)[C@H](C(=O)C=C4[C@@H]5[C@@H](C)[C@H](C)CC[C@]5(C)CC[C@]43C)[C@@]2(C)CC[C@H]1OC(C)=O,4.6,COC(=O)[C@]1(C)[C@@H]2CC[C@]3(C)[C@H](C(=O)C=C4[C@@H]5[C@@H](C)[C@H](C)CC[C@]5(C)CC[C@]43C)[C@@]2(C)CC[C@H]1OC(C)=O,LFLJTCVAAOWHTD-XRZGVHHMSA-N,1,train
OC(CN1CCN(CCn2ccc3cc(Br)ccc32)CC1)(Cn1cncn1)c1ccc(F)cc1F,13.97,OC(CN1CCN(CCn2ccc3cc(Br)ccc32)CC1)(Cn1cncn1)c1ccc(F)cc1F,MPJDYOVQYFIADA-UHFFFAOYSA-N,0,train
Cc1cc(CNc2ncc(Br)c(Nc3cc(C)[nH]n3)n2)on1,6.30957,Cc1cc(CNc2ncc(Br)c(Nc3cc(C)[nH]n3)n2)on1,ITMSGQSFXHYWNM-UHFFFAOYSA-N,1,train
COCCOc1cc2ncnc(Nc3cc(O)c(Cl)cc3F)c2cc1OC,0.004,COCCOc1cc2ncnc(Nc3cc(O)c(Cl)cc3F)c2cc1OC,UCSSQROSBFPVKH-UHFFFAOYSA-N,1,train
CCOC(=O)/C=C1/C(=O)N(C(=O)OC)c2ccc(Br)cc21,25.0,CCOC(=O)/C=C1/C(=O)N(C(=O)OC)c2ccc(Br)cc21,RNZNCDXJAJMAQJ-JXMROGBWSA-N,0,train
Nc1ccccc1NC(=O)c1ccc(CNc2nccc(-c3ccn[nH]3)n2)cc1,24.0,Nc1ccccc1NC(=O)c1ccc(CNc2nccc(-c3ccn[nH]3)n2)cc1,IJFMLKFWTKPUEN-UHFFFAOYSA-N,0,train
N=C(N)NCCC[C@H]1NC(=O)CC(=O)N[C@H](CC(=O)O)C(=O)N[C@@H](Cc2ccccc2)CNC1=O,100.0,N=C(N)NCCC[C@H]1NC(=O)CC(=O)N[C@H](CC(=O)O)C(=O)N[C@@H](Cc2ccccc2)CNC1=O,JBCUWZUACLSOTF-ARFHVFGLSA-N,0,train
O=C(O)CCc1c(/C=C2\C(=O)Nc3ccccc32)[nH]c2c1CCCC2,0.002,O=C(O)CCc1c(/C=C2\C(=O)Nc3ccccc32)[nH]c2c1CCCC2,NPNOMACTPXEJJY-PTNGSMBKSA-N,1,train
O=C(NCCC1CCCC1)[C@@]1(O)CCN(c2ccccc2)C1=O,2.5,O=C(NCCC1CCCC1)[C@@]1(O)CCN(c2ccccc2)C1=O,GLQVGHCZPIKTMC-SFHVURJKSA-N,1,train
OCCN1CCC(C2CCN(c3nc(NCc4ccc(F)c(Cl)c4)c4ncn(CC5CC5)c4n3)CC2)CC1,4.26,OCCN1CCC(C2CCN(c3nc(NCc4ccc(F)c(Cl)c4)c4ncn(CC5CC5)c4n3)CC2)CC1,LFXYFFIMEFNDHC-UHFFFAOYSA-N,1,train
C=C[C@]1(C)C=C2C(=O)C(O)=C3[C@@](C)(CO)CC[C@@H](O)[C@]3(C)[C@@]2(O)CC1,29.7,C=C[C@]1(C)C=C2C(=O)C(O)=C3[C@@](C)(CO)CC[C@@H](O)[C@]3(C)[C@@]2(O)CC1,YFSWTQQLSUEQBY-FZIGORSYSA-N,0,train
CCOC(=O)c1cc2c(nc1C(F)(F)F)nn1c(-c3c(F)cc(OC)cc3F)cc(-c3cccs3)nc21,92.8,CCOC(=O)c1cc2c(nc1C(F)(F)F)nn1c(-c3c(F)cc(OC)cc3F)cc(-c3cccs3)nc21,HLECUTCXKYIANY-UHFFFAOYSA-N,0,train
Cc1nc(Nc2ccc(NC(=O)Nc3ccc(F)c(Cl)c3)cc2)c2nc(-c3ccc(OCCCN4CCN(C)CC4)cc3)oc2n1,12.43,Cc1nc(Nc2ccc(NC(=O)Nc3ccc(F)c(Cl)c3)cc2)c2nc(-c3ccc(OCCCN4CCN(C)CC4)cc3)oc2n1,MAHPBQGZCKOMKL-UHFFFAOYSA-N,0,train
CN1CCC(Cc2cc(CNC3(c4ccc(F)cc4)CCCC3)ccc2Cl)CC1,15.38,CN1CCC(Cc2cc(CNC3(c4ccc(F)cc4)CCCC3)ccc2Cl)CC1,KWYVRENGVDAJKV-UHFFFAOYSA-N,0,train
CC(C)=CCC/C(C)=C\Cc1cc(C(=O)/C=C/c2ccc(O)cc2)c(O)c(CC=C(C)C)c1O,37.28,CC(C)=CCC/C(C)=C\Cc1cc(C(=O)/C=C/c2ccc(O)cc2)c(O)c(CC=C(C)C)c1O,YKYOGHVXNQJRMO-MDYMZRMFSA-N,0,train
CC#Cc1c(C(N)=O)nnn1[C@@H]1O[C@H](CO)[C@@H](O)[C@H]1O,1000.0,CC#Cc1c(C(N)=O)nnn1[C@@H]1O[C@H](CO)[C@@H](O)[C@H]1O,JZMHUEFMKXZQIZ-PNHWDRBUSA-N,0,train
O=C(NCc1ccco1)c1ccccc1Sc1ccc2c(/C=C/c3ccccn3)n[nH]c2c1,0.0040999999999999,O=C(NCc1ccco1)c1ccccc1Sc1ccc2c(/C=C/c3ccccn3)n[nH]c2c1,ACBGCLLYLLHHHQ-JLHYYAGUSA-N,1,train
COC(=O)C1=CC[C@@]23CC[C@@H]([C@@](C)(/C=C/C=C(\C)C(=O)O)OC2=O)[C@@]3(OC(=O)Cc2ccc(Cl)cc2)CC1,5.0,COC(=O)C1=CC[C@@]23CC[C@@H]([C@@](C)(/C=C/C=C(\C)C(=O)O)OC2=O)[C@@]3(OC(=O)Cc2ccc(Cl)cc2)CC1,NASCNLSRANKCAV-JOCDDQNKSA-N,1,train
CC(=O)O[C@]12CCC(C(=O)OC(C)C)=CC[C@]13CC[C@H]2[C@@](C)(/C=C/C=C(\C)C(=O)O)OC3=O,0.199,CC(=O)O[C@]12CCC(C(=O)OC(C)C)=CC[C@]13CC[C@H]2[C@@](C)(/C=C/C=C(\C)C(=O)O)OC3=O,UYYDTDGBJFEUKA-XHFMZKHVSA-N,1,train
COc1cc([C@@H]2c3cc4c(cc3[C@@H](O)[C@H]3COC(=O)[C@H]23)OCO4)cc(OC)c1O,19.6,COc1cc([C@@H]2c3cc4c(cc3[C@@H](O)[C@H]3COC(=O)[C@H]23)OCO4)cc(OC)c1O,YVCVYCSAAZQOJI-JHQYFNNDSA-N,0,train
COc1ccc(NC2=NCc3c([nH]c4ccccc34)S2)cc1,51.0,COc1ccc(NC2=NCc3c([nH]c4ccccc34)S2)cc1,UQAZZKXNSBGSCL-UHFFFAOYSA-N,0,train
COc1cccc(Nc2ncc3c(n2)-c2ccc(Cl)cc2SC3)c1,14.17,COc1cccc(Nc2ncc3c(n2)-c2ccc(Cl)cc2SC3)c1,HCXQUCZDLVZPTB-UHFFFAOYSA-N,0,train
CCCCCCCCCc1[nH]c2ccccc2c(=O)c1C,0.0056,CCCCCCCCCc1[nH]c2ccccc2c(=O)c1C,WXEMUKVRWINVJS-UHFFFAOYSA-N,1,train
CCOC(=O)/C=C1/C(=O)Nc2ccccc21,100.0,CCOC(=O)/C=C1/C(=O)Nc2ccccc21,DBCJWPPQXWNERC-VQHVLOKHSA-N,0,train
CN(C)CCN1C(=O)CCC(N2C(=O)c3ccc4ccccc4c3C2=O)C1=O,50.0,CN(C)CCN1C(=O)CCC(N2C(=O)c3ccc4ccccc4c3C2=O)C1=O,NRRIFMPGFBRLCG-UHFFFAOYSA-N,0,train
CCO[C@@H]1C[C@H](O)C2=C3c4cccc(O)c4C(=O)C[C@@H]3c3ccc(O)c1c32,6.9,CCO[C@@H]1C[C@H](O)C2=C3c4cccc(O)c4C(=O)C[C@@H]3c3ccc(O)c1c32,DSVFBOXMAJTYHV-OAUYIBNBSA-N,1,train
c1ccc(CN2CCN(c3ccc(C(c4ccccc4)C45CC6CC(CC(C6)C4)C5)cc3)CC2)cc1,76.76,c1ccc(CN2CCN(c3ccc(C(c4ccccc4)C45CC6CC(CC(C6)C4)C5)cc3)CC2)cc1,WSPLMIUNFMARHE-UHFFFAOYSA-N,0,train
C=CCc1cc(C=O)c(O)c(-c2cc(C=O)c(O)c(CC=C)c2)c1,15.1,C=CCc1cc(C=O)c(O)c(-c2cc(C=O)c(O)c(CC=C)c2)c1,KAPUKVNKQYDBHH-UHFFFAOYSA-N,0,train
Brc1ccc(/C=C/c2nnc(-c3ccc4c(c3)OCCO4)o2)cc1,22.32,Brc1ccc(/C=C/c2nnc(-c3ccc4c(c3)OCCO4)o2)cc1,SCHJQHIDAWSODA-FPYGCLRLSA-N,0,train
CCOC(=O)C1ON(c2ccccc2)C(c2ccc(C)cc2)C12C(=O)Nc1ccccc12,52.0,CCOC(=O)C1ON(c2ccccc2)C(c2ccc(C)cc2)C12C(=O)Nc1ccccc12,YDIIWILSHFBNBM-UHFFFAOYSA-N,0,train
Cc1ccc(NC(=O)Cn2cc(-c3ccc4c(NC(=O)c5ccc(N6CCN(CCCCCC(=O)N[C@H](C(=O)N7C[C@H](O)C[C@H]7C(=O)NCc7ccc(-c8scnc8C)cc7)C(C)(C)C)CC6)cc5)n[nH]c4c3)cn2)cc1C(F)(F)F,50.0,Cc1ccc(NC(=O)Cn2cc(-c3ccc4c(NC(=O)c5ccc(N6CCN(CCCCCC(=O)N[C@H](C(=O)N7C[C@H](O)C[C@H]7C(=O)NCc7ccc(-c8scnc8C)cc7)C(C)(C)C)CC6)cc5)n[nH]c4c3)cn2)cc1C(F)(F)F,VPIMXNDPJSKXSS-ILVTXYBSSA-N,0,train
CCOP(=O)(OCC)C(NC(=O)c1cc(O)c2c(c1)C(=O)c1cccc(O)c1C2=O)c1ccc(F)cc1,100.0,CCOP(=O)(OCC)C(NC(=O)c1cc(O)c2c(c1)C(=O)c1cccc(O)c1C2=O)c1ccc(F)cc1,YQRDOTNIPQWZCX-UHFFFAOYSA-N,0,train
CC(C)(C)c1ccc(Cn2nc(-c3ccccc3)cc2C(=O)N/N=C/c2ccccc2O)cc1,2.23,CC(C)(C)c1ccc(Cn2nc(-c3ccccc3)cc2C(=O)N/N=C/c2ccccc2O)cc1,IWIHLUDBGMPGAG-RDRPBHBLSA-N,1,train
O=C(O)c1ccc(OCCCC2c3ccccc3-c3ccccc32)cc1,23.2,O=C(O)c1ccc(OCCCC2c3ccccc3-c3ccccc32)cc1,HXPAIYGJHWKBPW-UHFFFAOYSA-N,0,train
Cc1cccc2cc(/C=C/C(=O)c3sccc3Cl)c(Cl)nc12,0.0914899999999999,Cc1cccc2cc(/C=C/C(=O)c3sccc3Cl)c(Cl)nc12,JBZJQYDDVZXTFK-AATRIKPKSA-N,1,train
Oc1cc(C2CCCCC2)c(O)cc1C1CCCCC1,8.2,Oc1cc(C2CCCCC2)c(O)cc1C1CCCCC1,OZYDNAYFQHBMOM-UHFFFAOYSA-N,1,train
CN(c1ccc(NC(=O)Nc2ccccc2)cc1)c1ccnc(Nc2cccc(CS(C)(=O)=O)c2)n1,0.0002,CN(c1ccc(NC(=O)Nc2ccccc2)cc1)c1ccnc(Nc2cccc(CS(C)(=O)=O)c2)n1,NJVJUCVNZRPMBF-UHFFFAOYSA-N,1,train
COc1cc(/C=C2\COc3cc(OC)c(OC)c(OC)c3C2=O)ccc1O,6.2,COc1cc(/C=C2\COc3cc(OC)c(OC)c(OC)c3C2=O)ccc1O,YILOFZCQFPOKCK-KPKJPENVSA-N,1,train
COCCOc1cc2ncnc(Nc3ccc(NC(=O)CC(=O)Nc4ccc(F)cc4)cc3F)c2c2c1OCCO2,0.0008,COCCOc1cc2ncnc(Nc3ccc(NC(=O)CC(=O)Nc4ccc(F)cc4)cc3F)c2c2c1OCCO2,RYZPDFHBMIKLBP-UHFFFAOYSA-N,1,train
COc1cc(=O)oc2c3c(ccc12)OC(C)(C)[C@H](OC(=O)C12CCC(C)(C(=O)O1)C2(C)C)[C@@H]3OC(=O)C12CCC(C)(C(=O)O1)C2(C)C,300.0,COc1cc(=O)oc2c3c(ccc12)OC(C)(C)[C@H](OC(=O)C12CCC(C)(C(=O)O1)C2(C)C)[C@@H]3OC(=O)C12CCC(C)(C(=O)O1)C2(C)C,GRHCXLDAKUKKBL-QFSSIGTRSA-N,0,train
O=C1CCC(N2C(=O)c3ccc4ccccc4c3C2=O)C(=O)N1,50.0,O=C1CCC(N2C(=O)c3ccc4ccccc4c3C2=O)C(=O)N1,FRFCSAWULULVRP-UHFFFAOYSA-N,0,train
CCCCCCCCCCCC[N+](C)(C)CCCCCCCC.[Br-],8.69,CCCCCCCCCCCC[N+](C)(C)CCCCCCCC,WIBQZDXLMHDYMQ-UHFFFAOYSA-N,1,train
COc1cc([C@@H]2c3cc4c(cc3[C@@H](Nc3ccc5cccnc5c3)[C@H]3COC(=O)[C@H]23)OCO4)cc(OC)c1OC,73.5,COc1cc([C@@H]2c3cc4c(cc3[C@@H](Nc3ccc5cccnc5c3)[C@H]3COC(=O)[C@H]23)OCO4)cc(OC)c1OC,GPTWOQKYRVCDQY-MHTDFPPDSA-N,0,train
Cc1c(F)c(N)cc(C(=O)Nc2cc(-n3cc(C(=O)N4CCOCC4)nn3)ccc2N2CCN(C)CC2)c1Cl,100.0,Cc1c(F)c(N)cc(C(=O)Nc2cc(-n3cc(C(=O)N4CCOCC4)nn3)ccc2N2CCN(C)CC2)c1Cl,PBPMDBKPPQYRLH-UHFFFAOYSA-N,0,train
Cn1cccc1C(=O)N1CCN(C(=O)c2ccc(-c3nc4c(C(N)=O)cccc4[nH]3)cc2)CC1,100.0,Cn1cccc1C(=O)N1CCN(C(=O)c2ccc(-c3nc4c(C(N)=O)cccc4[nH]3)cc2)CC1,QIQXEAXOPCBNCA-UHFFFAOYSA-N,0,train
CC12C(=O)C(C)(C(c3ccccc3)=C1c1ccccc1)C1C(=O)N(CCCCN3CCN(c4ccccc4Cl)CC3)C(=O)C12,20.64,CC12C(=O)C(C)(C(c3ccccc3)=C1c1ccccc1)C1C(=O)N(CCCCN3CCN(c4ccccc4Cl)CC3)C(=O)C12,AHOOAVKYZNZARG-UHFFFAOYSA-N,0,train
C=CCc1ccc(O)c(-c2ccc(OC(C)C)c(CC=C)c2)c1,70.5,C=CCc1ccc(O)c(-c2ccc(OC(C)C)c(CC=C)c2)c1,HFGOCKMEXJVILJ-UHFFFAOYSA-N,0,train
CCC1=C[C@@H]2CN(C1)[C@H](C(=O)OC)[C@H](C(=O)OC)Cc1c([nH]c3ccccc13)[C@@](C(=O)OC)(c1cc3c(cc1OC)N(C)[C@H]1[C@@](O)(C(=O)OC)[C@H](OC(C)=O)[C@]4(CC)C=CCN5CC[C@]31[C@@H]54)C2,0.0025,CCC1=C[C@@H]2CN(C1)[C@H](C(=O)OC)[C@H](C(=O)OC)Cc1c([nH]c3ccccc13)[C@@](C(=O)OC)(c1cc3c(cc1OC)N(C)[C@H]1[C@@](O)(C(=O)OC)[C@H](OC(C)=O)[C@]4(CC)C=CCN5CC[C@]31[C@@H]54)C2,WVLGMGBTBSCBCV-GFCHHHBMSA-N,1,train
CC(=O)S[C@H]1O[C@@H]2O[C@]3(C)CC[C@H]4[C@H](C)CC[C@@H]([C@H]1C)[C@@]24OO3,4.56,CC(=O)S[C@H]1O[C@@H]2O[C@]3(C)CC[C@H]4[C@H](C)CC[C@@H]([C@H]1C)[C@@]24OO3,ASKLIMGAFGCQAI-MTJGQBADSA-N,1,train
COc1ccc(C(N)=O)cc1/C=C/c1ccc(C(F)(F)F)cc1,0.88,COc1ccc(C(N)=O)cc1/C=C/c1ccc(C(F)(F)F)cc1,KUUFSWNUCVBKEG-GORDUTHDSA-N,1,train
COc1ccc(OC)c(NC(C)=C2C(=O)CC(c3ccccc3)CC2=O)c1,2.6,COc1ccc(OC)c(NC(C)=C2C(=O)CC(c3ccccc3)CC2=O)c1,LVQUQOPINHYDHT-UHFFFAOYSA-N,1,train
COC(=O)c1cc2cc(NCc3cc(NC(=O)c4ccc(CN5CCC(N(C)C)C5)c(C(F)(F)F)c4)ccc3C)cnc2[nH]1,0.689,COC(=O)c1cc2cc(NCc3cc(NC(=O)c4ccc(CN5CCC(N(C)C)C5)c(C(F)(F)F)c4)ccc3C)cnc2[nH]1,DWLCBHORSWVXNK-UHFFFAOYSA-N,1,train
COc1cc2c(cc1O)CC[C@@H]1[C@@H]2CC[C@]2(C)[C@@H](O)[C@H](CO)C[C@@H]12,2.92,COc1cc2c(cc1O)CC[C@@H]1[C@@H]2CC[C@]2(C)[C@@H](O)[C@H](CO)C[C@@H]12,KUVHVAUZZQUZNT-GFGYGTBUSA-N,1,train
CS(=O)(=O)Cc1cccc(Nc2nccc(Oc3ccc4c(C(=O)Nc5ccccc5)cccc4c3)n2)c1,0.0098,CS(=O)(=O)Cc1cccc(Nc2nccc(Oc3ccc4c(C(=O)Nc5ccccc5)cccc4c3)n2)c1,KOFXELGVKHKUJR-UHFFFAOYSA-N,1,train
CC(C)=CC(=O)Nc1cccc(C(=O)c2ccc3c(/C=C/c4ccccn4)n[nH]c3c2)c1,0.0058,CC(C)=CC(=O)Nc1cccc(C(=O)c2ccc3c(/C=C/c4ccccn4)n[nH]c3c2)c1,TUYXMYVLZMCEJF-ZRDIBKRKSA-N,1,train
O=C(OCc1ccc([N+](=O)[O-])o1)c1ccc(C(F)(F)F)cc1[N+](=O)[O-],40.0,O=C(OCc1ccc([N+](=O)[O-])o1)c1ccc(C(F)(F)F)cc1[N+](=O)[O-],UAYMYBLOCIBXOF-UHFFFAOYSA-N,0,train
COc1ccc2nc(NCc3ccc(C(=O)Nc4ccccc4N)cc3)sc2c1,5.0,COc1ccc2nc(NCc3ccc(C(=O)Nc4ccccc4N)cc3)sc2c1,RVNVHIPWKUWMGL-UHFFFAOYSA-N,1,train
Nc1ccccc1NC(=O)c1ccc(CSc2nc3ccccc3[nH]2)cc1,14.0,Nc1ccccc1NC(=O)c1ccc(CSc2nc3ccccc3[nH]2)cc1,HSSLGYDACJZTFW-UHFFFAOYSA-N,0,train
NC(=O)c1cc2c(Sc3ccc(Cl)cc3)cncc2s1,100.0,NC(=O)c1cc2c(Sc3ccc(Cl)cc3)cncc2s1,FEALMGPTNALDDO-UHFFFAOYSA-N,0,train
Clc1ccc2c(NCc3nc(-c4ccccc4)c(CN4CCCC4)s3)ccnc2c1,30.429,Clc1ccc2c(NCc3nc(-c4ccccc4)c(CN4CCCC4)s3)ccnc2c1,VEGMUPYOVNFZCP-UHFFFAOYSA-N,0,train
CC(=O)Cc1c(C)c(O)c2c(c1O)C(=O)CCC2=O,1.8,CC(=O)Cc1c(C)c(O)c2c(c1O)C(=O)CCC2=O,ZQIYBGRIURFSLB-UHFFFAOYSA-N,1,train
Nc1c(-c2nc3ccccc3[nH]2)c(O)nc2sccc12,0.85,Nc1c(-c2nc3ccccc3[nH]2)c(O)nc2sccc12,QFTKAOIMHAWUBL-UHFFFAOYSA-N,1,train
COc1ccc(-c2cnn(C)c2-c2cc(OC)c(OC)c(OC)c2)cc1O,0.068,COc1ccc(-c2cnn(C)c2-c2cc(OC)c(OC)c(OC)c2)cc1O,QEVWVBBDLLQTRP-UHFFFAOYSA-N,1,train
O=C(Oc1ccc(-c2cc(=S)ss2)cc1)c1cccnc1,562.3,O=C(Oc1ccc(-c2cc(=S)ss2)cc1)c1cccnc1,JSYXALZIXFCMPT-UHFFFAOYSA-N,0,train
Cc1cccc(-n2nncc2CN2C(=O)C3(C(C#N)=C(N)Oc4c3c3nc5ccccc5nc3c3ccccc43)c3ccccc32)c1,50.0,Cc1cccc(-n2nncc2CN2C(=O)C3(C(C#N)=C(N)Oc4c3c3nc5ccccc5nc3c3ccccc43)c3ccccc32)c1,TXHYJTAWAGFEAH-UHFFFAOYSA-N,0,train
COc1ncc(-c2ccc3c(c2)N(CCCN2CCOCC2)C(=O)CO3)cc1NS(=O)(=O)c1ccc(F)cc1F,15.6,COc1ncc(-c2ccc3c(c2)N(CCCN2CCOCC2)C(=O)CO3)cc1NS(=O)(=O)c1ccc(F)cc1F,FMUUXEYYENBMNS-UHFFFAOYSA-N,0,train
Cc1ccccc1NC(=O)Nc1ccc(-c2ccnc3[nH]ccc23)cc1,50.0,Cc1ccccc1NC(=O)Nc1ccc(-c2ccnc3[nH]ccc23)cc1,HOIGUQVJPAXKSV-UHFFFAOYSA-N,0,train
CCCCNC(=O)c1ccc2c(c1)C(=C(c1ccccc1)c1nc3ccccc3[nH]1)C(=O)N2,0.145,CCCCNC(=O)c1ccc2c(c1)C(=C(c1ccccc1)c1nc3ccccc3[nH]1)C(=O)N2,XZPCRXOMUZGUNA-UHFFFAOYSA-N,1,train
CCC1=C[C@@H]2CN(/C=C(/C(=O)OC)Cc3c([nH]c4ccccc34)[C@@](C(=O)OC)(c3cc4c(cc3OC)N(C)[C@H]3[C@@](O)(C(=O)OC)[C@H](OC(C)=O)[C@]5(CC)C=CCN6CC[C@]43[C@@H]65)C2)C1,0.25,CCC1=C[C@@H]2CN(/C=C(/C(=O)OC)Cc3c([nH]c4ccccc34)[C@@](C(=O)OC)(c3cc4c(cc3OC)N(C)[C@H]3[C@@](O)(C(=O)OC)[C@H](OC(C)=O)[C@]5(CC)C=CCN6CC[C@]43[C@@H]65)C2)C1,IRMFYALZOGMPTP-WPHLDODYSA-N,1,train
CC[C@H](C)[C@@H]1NC(=O)[C@@H]2CCCN2C(=O)[C@H](CC(C)C)NC(=O)CNC(=O)[C@H](CC(N)=O)NC(=O)[C@H](CCCCN)NC(=O)[C@H](Cc2ccc(O)cc2)NC(=O)[C@@H]2CSSC[C@@H]3NC(=O)[C@H](CCCCN)NC(=O)CNC(=O)[C@H](CC(C)C)NC(=O)[C@H](CC(C)C)NC(=O)[C@@H]4CSSC[C@H](NC(=O)[C@H](CO)NC(=O)[C@H](CSSC[C@H](NC1=O)C(=O)NCC(=O)N[C@@H](CCC(=O)O)C(=O)N[C@@H]([C@@H](C)O)C(=O)N4)NC(=O)CNC(=O)[C@@H]1CCCN1C(=O)[C@H]([C@@H](C)O)NC(=O)[C@H](Cc1ccc(O)cc1)NC3=O)C(=O)N[C@@H](CCCNC(=N)N)C(=O)N[C@@H](CCCNC(=N)N)C(=O)N1CCC[C@H]1C(=O)N[C@@H](C(C)C)C(=O)N2,2.6,CC[C@H](C)[C@@H]1NC(=O)[C@@H]2CCCN2C(=O)[C@H](CC(C)C)NC(=O)CNC(=O)[C@H](CC(N)=O)NC(=O)[C@H](CCCCN)NC(=O)[C@H](Cc2ccc(O)cc2)NC(=O)[C@@H]2CSSC[C@@H]3NC(=O)[C@H](CCCCN)NC(=O)CNC(=O)[C@H](CC(C)C)NC(=O)[C@H](CC(C)C)NC(=O)[C@@H]4CSSC[C@H](NC(=O)[C@H](CO)NC(=O)[C@H](CSSC[C@H](NC1=O)C(=O)NCC(=O)N[C@@H](CCC(=O)O)C(=O)N[C@@H]([C@@H](C)O)C(=O)N4)NC(=O)CNC(=O)[C@@H]1CCCN1C(=O)[C@H]([C@@H](C)O)NC(=O)[C@H](Cc1ccc(O)cc1)NC3=O)C(=O)N[C@@H](CCCNC(=N)N)C(=O)N[C@@H](CCCNC(=N)N)C(=O)N1CCC[C@H]1C(=O)N[C@@H](C(C)C)C(=O)N2,WESIYLYADHINIU-HPZWIGLLSA-N,1,train
Cl.Oc1ccc(CNCc2ccc3c(c2)OCO3)cc1O,200.0,Oc1ccc(CNCc2ccc3c(c2)OCO3)cc1O,QKVYICSVLUGAJE-UHFFFAOYSA-N,0,train
COc1ccc(CC(=O)Nc2ccc3oc(-c4ccccc4Br)nc3c2)cc1,26.17,COc1ccc(CC(=O)Nc2ccc3oc(-c4ccccc4Br)nc3c2)cc1,BWRKDLVEDGNNEI-UHFFFAOYSA-N,0,train
O=C(CNCCCO)Nc1cc(CSc2ncccc2C(=O)Nc2ccc(OC(F)(F)F)cc2)ccn1,0.026,O=C(CNCCCO)Nc1cc(CSc2ncccc2C(=O)Nc2ccc(OC(F)(F)F)cc2)ccn1,WOVVMGFFCUPHES-UHFFFAOYSA-N,1,train
O=S(=O)(Nc1cc(Sc2ncnc3nc[nH]c23)c(O)c2ccccc12)c1cccc2ccccc12,6.73,O=S(=O)(Nc1cc(Sc2ncnc3nc[nH]c23)c(O)c2ccccc12)c1cccc2ccccc12,DRITVMRMHMKWCN-UHFFFAOYSA-N,1,train
Cc1ccc(CCNC(=O)[C@@]2(O)CCN(c3ccccc3)C2=O)s1,2.9,Cc1ccc(CCNC(=O)[C@@]2(O)CCN(c3ccccc3)C2=O)s1,NFUYJRPJQHPWDS-SFHVURJKSA-N,1,train
CCC(=O)c1cc2c(cc1O)CC[C@@H]1[C@@H]2CC[C@]2(C)[C@@H](O)CC[C@@H]12,22.5,CCC(=O)c1cc2c(cc1O)CC[C@@H]1[C@@H]2CC[C@]2(C)[C@@H](O)CC[C@@H]12,ZRMDOZITMKDNBP-SNOUBDJWSA-N,0,train
C[C@]12CCC3=CC4=C(CCCC4=O)O[C@H]3[C@@H]1CC[C@@H]2c1ccc2ccncc2c1,0.035,C[C@]12CCC3=CC4=C(CCCC4=O)O[C@H]3[C@@H]1CC[C@@H]2c1ccc2ccncc2c1,YSQKPPYWORFJOF-USXZWKKNSA-N,1,train
c1ccc(Nc2ncc3c(n2)-c2ccccc2SC3)cc1,2.4,c1ccc(Nc2ncc3c(n2)-c2ccccc2SC3)cc1,AGZSNVJEBZAQKW-UHFFFAOYSA-N,1,train
COc1cc(Nc2nc(Cl)nc(Nc3cccc(NS(C)(=O)=O)c3)n2)cc(OC)c1OC,13.3,COc1cc(Nc2nc(Cl)nc(Nc3cccc(NS(C)(=O)=O)c3)n2)cc(OC)c1OC,GUJIKSRSIMHNDC-UHFFFAOYSA-N,0,train
COc1c(O)ccc(-c2coc3cc(O)cc(O)c3c2=O)c1O,64.0,COc1c(O)ccc(-c2coc3cc(O)cc(O)c3c2=O)c1O,SIWJGAYTMXOGHW-UHFFFAOYSA-N,0,train
C#C[C@@]1(O)[C@@H](CO)O[C@@H](n2cc(Br)c3c(N)ncnc32)[C@@H]1O,0.0045,C#C[C@@]1(O)[C@@H](CO)O[C@@H](n2cc(Br)c3c(N)ncnc32)[C@@H]1O,TWFBNIXTCPAYBH-SEBFSPHVSA-N,1,train
Nc1ccccc1NC(=O)c1ccc(CNc2nc(NC3Cc4ccccc4C3)nc(N3CCOCC3)n2)cc1,50.0,Nc1ccccc1NC(=O)c1ccc(CNc2nc(NC3Cc4ccccc4C3)nc(N3CCOCC3)n2)cc1,MEUFXVQREXAIML-UHFFFAOYSA-N,0,train
NC1=NC(c2ccccc2)Cc2sccc21,9.5,NC1=NC(c2ccccc2)Cc2sccc21,LZAUMHCTCUKFMR-UHFFFAOYSA-N,1,train
Cc1c(Cc2ccccc2)c(=O)oc2cc(OCCOc3no[n+]([O-])c3S(=O)(=O)c3ccccc3)ccc12,0.44,Cc1c(Cc2ccccc2)c(=O)oc2cc(OCCOc3no[n+]([O-])c3S(=O)(=O)c3ccccc3)ccc12,SFFDANIWGSQTMC-UHFFFAOYSA-N,1,train
CC(C)n1ncc2c(Oc3ccc4c(c3)nc(Nc3ccc(OC(F)(F)F)cc3)n4C)ncnc21,5.96,CC(C)n1ncc2c(Oc3ccc4c(c3)nc(Nc3ccc(OC(F)(F)F)cc3)n4C)ncnc21,SNDFUTKRAWAUCR-UHFFFAOYSA-N,1,train
COc1cc([C@@H]2c3cc4c(cc3[C@@H](c3nc5cc(-c6ccccc6)ccc5s3)[C@H]3COC(=O)[C@H]23)OCO4)cc(OC)c1O,54.1,COc1cc([C@@H]2c3cc4c(cc3[C@@H](c3nc5cc(-c6ccccc6)ccc5s3)[C@H]3COC(=O)[C@H]23)OCO4)cc(OC)c1O,NWHRMRXZSAIMMV-MSQCTABJSA-N,0,train
N#C[C@H](COCc1ccccc1)NC(=O)[C@H](CC1CCCCC1)NC(=O)N1CCOCC1,50.0,N#C[C@H](COCc1ccccc1)NC(=O)[C@H](CC1CCCCC1)NC(=O)N1CCOCC1,KPJQLFLWVFCIAV-YADHBBJMSA-N,0,train
Nc1ccccc1NC(=O)c1ccc(CNC(=O)c2cc3ccc(OCc4ccc(Cl)cc4)cc3oc2=O)cc1,100.0,Nc1ccccc1NC(=O)c1ccc(CNC(=O)c2cc3ccc(OCc4ccc(Cl)cc4)cc3oc2=O)cc1,YPTIIDJJCVQWLE-UHFFFAOYSA-N,0,train
Cc1ccc2[nH]c(COc3cccc(OCC4CCOCC4)c3)c(C)c(=O)c2c1,0.038,Cc1ccc2[nH]c(COc3cccc(OCC4CCOCC4)c3)c(C)c(=O)c2c1,HQSQYWFCWHOSNQ-UHFFFAOYSA-N,1,train
COc1ccc2c(c1)CCc1c(-c3ccccc3)c3n(c1-2)[B-](F)(F)[N+]1=C(c2ccc(OCC(=O)NCCCNC(=O)c4c(F)c(F)c(F)c(F)c4F)cc2)C(I)=C(c2ccccc2)C1=N3,0.0557999999999999,COc1ccc2c(c1)CCc1c(-c3ccccc3)c3n(c1-2)[B-](F)(F)[N+]1=C(c2ccc(OCC(=O)NCCCNC(=O)c4c(F)c(F)c(F)c(F)c4F)cc2)C(I)=C(c2ccccc2)C1=N3,MGXUKUWFDOMROR-UHFFFAOYSA-N,1,train
CN1CCN(C2CCN(C(=O)Nc3cc(Oc4ccc(NC(=O)C5(C(=O)Nc6ccc(F)cc6)CC5)c(F)c4)ccn3)CC2)CC1,0.016,CN1CCN(C2CCN(C(=O)Nc3cc(Oc4ccc(NC(=O)C5(C(=O)Nc6ccc(F)cc6)CC5)c(F)c4)ccn3)CC2)CC1,UQRCJCNVNUFYDX-UHFFFAOYSA-N,1,train
COc1ccccc1-c1ccc2c(c1)NC(=O)/C2=C\c1cc2c([nH]1)CCCC2,1.4,COc1ccccc1-c1ccc2c(c1)NC(=O)/C2=C\c1cc2c([nH]1)CCCC2,PFORQVNUDXKNNV-ZHZULCJRSA-N,1,train
Cc1cc(C)cc(-n2nncc2CN2C(=O)C3(C(C#N)=C(N)Oc4c(N)cc5nc6ccccc6nc5c43)c3ccccc32)c1,50.0,Cc1cc(C)cc(-n2nncc2CN2C(=O)C3(C(C#N)=C(N)Oc4c(N)cc5nc6ccccc6nc5c43)c3ccccc32)c1,LQGITKMPUKPKMH-UHFFFAOYSA-N,0,train
CC[C@H](C)[C@H](NC(=O)OC(C)(C)C)C(=O)Oc1cc(CC2COc3cc(OC)c(OC)c(OC)c3C2=O)ccc1OC,100.0,CC[C@H](C)[C@H](NC(=O)OC(C)(C)C)C(=O)Oc1cc(CC2COc3cc(OC)c(OC)c(OC)c3C2=O)ccc1OC,YXCAPBPNBLWMDO-YDBVHHAVSA-N,0,train
O=C1/C(=C\c2ccncc2)C(c2ccccc2)Oc2ccccc21,5.41,O=C1/C(=C\c2ccncc2)C(c2ccccc2)Oc2ccccc21,YQBABXZFWNTIHJ-NBVRZTHBSA-N,1,train
C=CCc1cc(NC(=O)C=C)c(O)c(-c2cc(CC=C)c(O)c(NC(=O)C=C)c2)c1,57.79,C=CCc1cc(NC(=O)C=C)c(O)c(-c2cc(CC=C)c(O)c(NC(=O)C=C)c2)c1,UAXKWPSESYBGBU-UHFFFAOYSA-N,0,train
C[C@H]1[C@H](S)O[C@@H]2O[C@]3(C)CC[C@H]4[C@H](C)CC[C@@H]1[C@@]24OO3,1.29,C[C@H]1[C@H](S)O[C@@H]2O[C@]3(C)CC[C@H]4[C@H](C)CC[C@@H]1[C@@]24OO3,VOTLOEJUXDANOC-CMDXXVQNSA-N,1,train
C[C@H]1[C@H](C)CC[C@]2(C(=O)Nc3cccc(Cl)c3)CC[C@]3(C)C(=CC(=O)[C@@H]4[C@@]5(C)C[C@@H](O)[C@H](O)[C@@](C)(CO)[C@@H]5CC[C@]43C)[C@H]12,100.0,C[C@H]1[C@H](C)CC[C@]2(C(=O)Nc3cccc(Cl)c3)CC[C@]3(C)C(=CC(=O)[C@@H]4[C@@]5(C)C[C@@H](O)[C@H](O)[C@@](C)(CO)[C@@H]5CC[C@]43C)[C@H]12,KPGDTBSZHSWHGF-SUCQNGCESA-N,0,train
O=C(Cn1cc(-c2ccc3c(NC(=O)C4CC4)n[nH]c3c2)cn1)Nc1ccc(Cl)c(C(F)(F)F)c1,1.07,O=C(Cn1cc(-c2ccc3c(NC(=O)C4CC4)n[nH]c3c2)cn1)Nc1ccc(Cl)c(C(F)(F)F)c1,XYHNVPARTPWGNT-UHFFFAOYSA-N,1,train
CCOC(=O)c1oc2cc(OC)ccc2c1Nc1cc(OC)c(OC)c(OC)c1,0.22,CCOC(=O)c1oc2cc(OC)ccc2c1Nc1cc(OC)c(OC)c(OC)c1,MLWGZKCWNNMBND-UHFFFAOYSA-N,1,train
N#CC1=C(N)Oc2c(ccc3cccnc23)C1c1ccccc1,10.0,N#CC1=C(N)Oc2c(ccc3cccnc23)C1c1ccccc1,VNPNHFYNGHHFDS-UHFFFAOYSA-N,1,train
COc1cc2nccc(Oc3ccc4c(C(=O)Nc5ccc(Cl)cc5)cccc4c3)c2cc1OC,0.0076,COc1cc2nccc(Oc3ccc4c(C(=O)Nc5ccc(Cl)cc5)cccc4c3)c2cc1OC,WUBFAXNVDMCVIO-UHFFFAOYSA-N,1,train
CC1(C)CNc2cc(NC(=O)c3cccnc3NCc3ccncc3)ccc21,0.01,CC1(C)CNc2cc(NC(=O)c3cccnc3NCc3ccncc3)ccc21,RAHBGWKEPAQNFF-UHFFFAOYSA-N,1,train
Cc1nc2c([nH]1)C(=O)/C(=N/c1ccc(Cl)cc1Cl)C(Cl)=C2O,0.5,Cc1nc2c([nH]1)C(=O)/C(=N/c1ccc(Cl)cc1Cl)C(Cl)=C2O,LPEIQOPLNJUNLK-KEBDBYFISA-N,1,train
Nc1nc2c(s1)COc1ccccc1-2,10.0,Nc1nc2c(s1)COc1ccccc1-2,NVHFPWSBQGIUJA-UHFFFAOYSA-N,1,train
CN(C)C[C@@H]1CC[C@]2(C)[C@H](CC[C@]34C[C@](C)(CC[C@@H]23)C(=O)[C@H]4CN(C)C)C1=O,20.0,CN(C)C[C@@H]1CC[C@]2(C)[C@H](CC[C@]34C[C@](C)(CC[C@@H]23)C(=O)[C@H]4CN(C)C)C1=O,LBASFLXHHMFVOM-KLSSQJLISA-N,0,train
CO[C@@]12[C@H](COC(N)=O)C3=C(C(=O)C(C)=C(N)C3=O)N1C[C@H]1[C@@H]2N1C(=O)CCCCCCCCC[P+](c1ccccc1)(c1ccccc1)c1ccccc1.[Br-],20.0,CO[C@@]12[C@H](COC(N)=O)C3=C(C(=O)C(C)=C(N)C3=O)N1C[C@H]1[C@@H]2N1C(=O)CCCCCCCCC[P+](c1ccccc1)(c1ccccc1)c1ccccc1,IHJBUTYKGYECJX-ZACIOWMKSA-O,0,train
CCCNc1nn(C)c2cc(Oc3ccnc4cc(OC)c(OC)cc34)ccc12,1.0,CCCNc1nn(C)c2cc(Oc3ccnc4cc(OC)c(OC)cc34)ccc12,MMLCFXQGQIBEIM-UHFFFAOYSA-N,1,train
O=C(CCC(=O)OCCCCCCSc1ccc([N+](=O)[O-])c2nonc12)Nc1ccc(F)c(Cl)c1,2.32,O=C(CCC(=O)OCCCCCCSc1ccc([N+](=O)[O-])c2nonc12)Nc1ccc(F)c(Cl)c1,PACNFLDARSDPAA-UHFFFAOYSA-N,1,train
COc1cc(-c2nccn2-c2ccc3[nH]ccc3c2)cc(OC)c1OC,46.67,COc1cc(-c2nccn2-c2ccc3[nH]ccc3c2)cc(OC)c1OC,XMKUDATXTYNMHH-UHFFFAOYSA-N,0,train
COc1ccc(/C=C\c2cc(OC)c(OC)c(OC)c2)cc1NC(=O)Nc1ccc(C)c(Cl)c1,9.0,COc1ccc(/C=C\c2cc(OC)c(OC)c(OC)c2)cc1NC(=O)Nc1ccc(C)c(Cl)c1,XJVQSZJSDSIDML-FPLPWBNLSA-N,1,train
COc1ccc(CC2COc3cc(OC)c(OC)c(OC)c3C2=O)cc1O,12.0,COc1ccc(CC2COc3cc(OC)c(OC)c(OC)c3C2=O)cc1O,QPXDJAQCABFFAR-UHFFFAOYSA-N,0,train
COc1ccccc1/C=C1\COc2ccccc2C1=O,19.0,COc1ccccc1/C=C1\COc2ccccc2C1=O,XRZKQIKCBJVGTF-JLHYYAGUSA-N,0,train
Cc1ccc2nc(Cl)c(/C=N/n3cc(-c4ccccc4)nc3N)cc2c1,41.46,Cc1ccc2nc(Cl)c(/C=N/n3cc(-c4ccccc4)nc3N)cc2c1,NHEDCYPYBFGLLF-FOKLQQMPSA-N,0,train
CNC(=O)c1cc(Oc2ccc3[nH]c(Nc4ccc(C(F)(F)F)c(OC[C@H]5CCCN5C)c4)nc3c2)ccn1,0.084,CNC(=O)c1cc(Oc2ccc3[nH]c(Nc4ccc(C(F)(F)F)c(OC[C@H]5CCCN5C)c4)nc3c2)ccn1,CNFXCXPJZGOMBX-QGZVFWFLSA-N,1,train
COc1ccc(COc2ccc3cc(C(=O)NCc4ccc(C(=O)Nc5ccccc5N)cc4)c(=O)oc3c2)cc1,100.0,COc1ccc(COc2ccc3cc(C(=O)NCc4ccc(C(=O)Nc5ccccc5N)cc4)c(=O)oc3c2)cc1,BBWKZRYIKXMQTO-UHFFFAOYSA-N,0,train
Brc1ccccc1/C=C/c1nnc(-c2ccc3c(c2)OCCO3)o1,8.89,Brc1ccccc1/C=C/c1nnc(-c2ccc3c(c2)OCCO3)o1,TXQYUAFJACTSLF-SOFGYWHQSA-N,1,train
CNC(=O)c1ccc(Nc2ncc(C(F)(F)F)c(Nc3ccc(OC)cc3)n2)cc1,100.0,CNC(=O)c1ccc(Nc2ncc(C(F)(F)F)c(Nc3ccc(OC)cc3)n2)cc1,HIEOYHSTTUPANT-UHFFFAOYSA-N,0,train
CN(C)CCOc1ccc(C(N)=O)cc1/C=C/c1ccc(Cl)cc1,8.4,CN(C)CCOc1ccc(C(N)=O)cc1/C=C/c1ccc(Cl)cc1,SZYUPZBOBVKUHE-ZZXKWVIFSA-N,1,train
COc1cccc(OC)c1NC(C)=C1C(=O)CC(c2ccccc2)CC1=O,1.4,COc1cccc(OC)c1NC(C)=C1C(=O)CC(c2ccccc2)CC1=O,ANQVXASADHTGNB-UHFFFAOYSA-N,1,train
COc1cc(C(=O)Nc2cccc(C(=O)c3ccc4c(/C=C/c5ccccn5)n[nH]c4c3)c2)cc(Cl)n1,0.0079,COc1cc(C(=O)Nc2cccc(C(=O)c3ccc4c(/C=C/c5ccccn5)n[nH]c4c3)c2)cc(Cl)n1,MMPJCSJYRCWDPX-PKNBQFBNSA-N,1,train
CCOc1ccc(C(N)=O)cc1/C=C/c1ccc(Cl)cc1,0.19,CCOc1ccc(C(N)=O)cc1/C=C/c1ccc(Cl)cc1,WHYQDOYUCRMJGI-ZZXKWVIFSA-N,1,train
CNC(=O)c1cc(Oc2ccc(NC(=O)Nc3ccc(Cl)c(C(F)(F)F)c3)cc2)ccn1,0.0005899999999999,CNC(=O)c1cc(Oc2ccc(NC(=O)Nc3ccc(Cl)c(C(F)(F)F)c3)cc2)ccn1,MLDQJTXFUGDVEO-UHFFFAOYSA-N,1,train
CC(=O)O[C@H]1C(=O)[C@@]2(C)[C@H]([C@H](OC(=O)c3ccccc3)[C@]3(O)C[C@H](OC(=O)[C@H](OC(=O)CCCCCN4C(=O)CC(SC[C@H](NC(=O)[C@H](CCCNC(=N)N)NC(=O)[C@H](CCCNC(=N)N)NC(=O)[C@H](CC(C)C)NC(=O)[C@H](CCCNC(=N)N)NC(=O)[C@H](CCCNC(=N)N)NC(=O)[C@H](Cc5ccccc5)NC(=O)[C@H](Cc5ccccc5)NC(=O)[C@H](CCCNC(=N)N)NC(=O)[C@H](CCCNC(=N)N)NC(=O)[C@H](Cc5ccccc5)NC(=O)[C@H](CCCNC(=N)N)NC(=O)[C@H](CCCNC(=N)N)NC(=O)[C@@H](NC(=O)[C@@H](N)CC(C)C)C(C)C)C(=O)N[C@H](C(=O)N[C@@H](CC(C)C)C(=O)N[C@@H](CC(C)C)C(N)=O)C(C)C)C4=O)[C@@H](NC(=O)c4ccccc4)c4ccccc4)C(C)=C1C3(C)C)[C@]1(OC(C)=O)CO[C@@H]1C[C@@H]2O,37.22,CC(=O)O[C@H]1C(=O)[C@@]2(C)[C@H]([C@H](OC(=O)c3ccccc3)[C@]3(O)C[C@H](OC(=O)[C@H](OC(=O)CCCCCN4C(=O)CC(SC[C@H](NC(=O)[C@H](CCCNC(=N)N)NC(=O)[C@H](CCCNC(=N)N)NC(=O)[C@H](CC(C)C)NC(=O)[C@H](CCCNC(=N)N)NC(=O)[C@H](CCCNC(=N)N)NC(=O)[C@H](Cc5ccccc5)NC(=O)[C@H](Cc5ccccc5)NC(=O)[C@H](CCCNC(=N)N)NC(=O)[C@H](CCCNC(=N)N)NC(=O)[C@H](Cc5ccccc5)NC(=O)[C@H](CCCNC(=N)N)NC(=O)[C@H](CCCNC(=N)N)NC(=O)[C@@H](NC(=O)[C@@H](N)CC(C)C)C(C)C)C(=O)N[C@H](C(=O)N[C@@H](CC(C)C)C(=O)N[C@@H](CC(C)C)C(N)=O)C(C)C)C4=O)[C@@H](NC(=O)c4ccccc4)c4ccccc4)C(C)=C1C3(C)C)[C@]1(OC(C)=O)CO[C@@H]1C[C@@H]2O,WXHIBHYFXIKVDU-SUEZSGFHSA-N,0,train
COc1ccc2c(c1)[C@]1(C[C@H]1c1ccc3c(/C=C/c4ccc(CN5C[C@@H](C)O[C@@H](C)C5)cc4)n[nH]c3c1)C(=O)N2,9.0,COc1ccc2c(c1)[C@]1(C[C@H]1c1ccc3c(/C=C/c4ccc(CN5C[C@@H](C)O[C@@H](C)C5)cc4)n[nH]c3c1)C(=O)N2,DADASRPKWOGKCU-FVTQAUBDSA-N,1,train
O=C(C1CC1)n1ccc2c3c(=O)cc(-c4ccccc4)[nH]c3ccc21,22.1,O=C(C1CC1)n1ccc2c3c(=O)cc(-c4ccccc4)[nH]c3ccc21,QZZUKNCKHDUBAX-UHFFFAOYSA-N,0,train
CNC(=O)c1cc2cc(NCc3cc(NC(=O)c4ccc(CN5CCN(C)CC5)cc4)ccc3C)cnc2[nH]1,1.0,CNC(=O)c1cc2cc(NCc3cc(NC(=O)c4ccc(CN5CCN(C)CC5)cc4)ccc3C)cnc2[nH]1,NMYROWPRLMBSAZ-UHFFFAOYSA-N,1,train
O=C(NCc1cc(F)cc(F)c1)[C@@]1(O)CCN(c2ccc3[nH]ccc3c2)C1=O,0.02,O=C(NCc1cc(F)cc(F)c1)[C@@]1(O)CCN(c2ccc3[nH]ccc3c2)C1=O,WVGGJQVCOTYFPV-FQEVSTJZSA-N,1,train
Clc1cccc(Nc2cncc(-c3cncc(NCCCc4cccnc4)c3)n2)c1,0.086,Clc1cccc(Nc2cncc(-c3cncc(NCCCc4cccnc4)c3)n2)c1,IRNVMUQZQDLZAK-UHFFFAOYSA-N,1,train
CC(C)(C)c1cc(O)c(O)c(C2C=CCCC2)c1,10.0,CC(C)(C)c1cc(O)c(O)c(C2C=CCCC2)c1,VMEQHTSTDNFEMS-UHFFFAOYSA-N,1,train
CNC(=O)c1cc2c(Oc3ccc(-n4ccnc4)cc3)cncc2s1,10.0,CNC(=O)c1cc2c(Oc3ccc(-n4ccnc4)cc3)cncc2s1,LXJBCXBKCCFOCZ-UHFFFAOYSA-N,1,train
COc1ccc(/C=C\c2cc(OC)c(OC)c(OC)c2)cc1NC(=O)Nc1cccc(F)c1,40.0,COc1ccc(/C=C\c2cc(OC)c(OC)c(OC)c2)cc1NC(=O)Nc1cccc(F)c1,JEKSCGOVNFNHCF-HJWRWDBZSA-N,0,train
NC/C(=C\F)COc1ccc(S(N)(=O)=O)cc1,100.0,NC/C(=C\F)COc1ccc(S(N)(=O)=O)cc1,GJRSZKOPZAJCGZ-VMPITWQZSA-N,0,train
COc1cc(Nc2ncc3c(n2)-c2ccccc2SC3)cc(OC)c1OC,1.99,COc1cc(Nc2ncc3c(n2)-c2ccccc2SC3)cc(OC)c1OC,ODOYGARIJCTGDB-UHFFFAOYSA-N,1,train
Cc1ccc(NC(=O)Cn2cc(-c3ccc4c(NC(=O)c5ccc(N6CCN(C(=O)NCCCCC(=O)N[C@H](C(=O)N7C[C@H](O)C[C@H]7C(=O)NCc7ccc(-c8scnc8C)cc7)C(C)(C)C)CC6)cc5)n[nH]c4c3)cn2)cc1C(F)(F)F,100.0,Cc1ccc(NC(=O)Cn2cc(-c3ccc4c(NC(=O)c5ccc(N6CCN(C(=O)NCCCCC(=O)N[C@H](C(=O)N7C[C@H](O)C[C@H]7C(=O)NCc7ccc(-c8scnc8C)cc7)C(C)(C)C)CC6)cc5)n[nH]c4c3)cn2)cc1C(F)(F)F,RYGMLFGNSAPOQM-CPKYMOPRSA-N,0,train
COC(=O)c1cc(CC2COc3cc(OC)c(OC)c(OC)c3C2=O)ccc1OC,17.0,COC(=O)c1cc(CC2COc3cc(OC)c(OC)c(OC)c3C2=O)ccc1OC,ZCVCUVRUPGQUOU-UHFFFAOYSA-N,0,train
CN(C)CCOc1ccc(Nc2nc(-c3ccc(O)cc3)cc(-c3ccc(O)cc3)n2)cc1,4.7,CN(C)CCOc1ccc(Nc2nc(-c3ccc(O)cc3)cc(-c3ccc(O)cc3)n2)cc1,WGYGYNYICVXWQB-UHFFFAOYSA-N,1,train
O=C(Nc1cccc(Oc2ccc3c(/C=C/c4ccccn4)n[nH]c3c2)c1)c1ccccc1,0.0007,O=C(Nc1cccc(Oc2ccc3c(/C=C/c4ccccn4)n[nH]c3c2)c1)c1ccccc1,DPBXOSWKMSZBCC-NTCAYCPXSA-N,1,train
O=C(NCc1ccccn1)c1ccc(F)c(NCc2cnc(Nc3ccccn3)s2)c1,0.053,O=C(NCc1ccccn1)c1ccc(F)c(NCc2cnc(Nc3ccccn3)s2)c1,DYLWWKFXSFUWIY-UHFFFAOYSA-N,1,train
COc1ccc2c(c1)C(=O)c1c-2n(-c2ccc(OCCN3CCCCC3)cc2)c(=O)c2cc(OC)ccc12,100.0,COc1ccc2c(c1)C(=O)c1c-2n(-c2ccc(OCCN3CCCCC3)cc2)c(=O)c2cc(OC)ccc12,UDRLUNALAAPJID-UHFFFAOYSA-N,0,train
c1ccc2[nH]c(-c3n[nH]c4ccccc34)nc2c1,5.9,c1ccc2[nH]c(-c3n[nH]c4ccccc34)nc2c1,JTKFRFMSUBOCIQ-UHFFFAOYSA-N,1,train
N#CC1=C(N)Oc2c(cc(Cl)c3cccnc23)C1c1ccc(Cl)c(Cl)c1,10.0,N#CC1=C(N)Oc2c(cc(Cl)c3cccnc23)C1c1ccc(Cl)c(Cl)c1,MBGZHUPYZCKGHI-UHFFFAOYSA-N,1,train
COc1ccc(C2CC2c2cc(OC)c(OC)c(OC)c2)cc1N,0.0895,COc1ccc(C2CC2c2cc(OC)c(OC)c(OC)c2)cc1N,ITOLSPXRTLZFDI-UHFFFAOYSA-N,1,train
CC(CC[C@H]1/C(=C/c2ccc(Br)cc2)CC[C@H]2C(C)(C)CCC[C@]12C)CC(=O)O,200.0,CC(CC[C@H]1/C(=C/c2ccc(Br)cc2)CC[C@H]2C(C)(C)CCC[C@]12C)CC(=O)O,VEWZEEPWUJSVTL-KDWPZALGSA-N,0,train
COc1cc2c(Nc3ccc(Cl)cc3F)ncnc2cc1OC/C=C/CN1CCCC1.Cl,1.0,COc1cc2c(Nc3ccc(Cl)cc3F)ncnc2cc1OC/C=C/CN1CCCC1,BMEKKWWFQMYXPU-SNAWJCMRSA-N,1,train
COc1ccc2sc(C(N)=O)c(OC(C)C)c2c1,0.39,COc1ccc2sc(C(N)=O)c(OC(C)C)c2c1,YNXSDBVUOOEWIK-UHFFFAOYSA-N,1,train
COc1cc(OC)c(-c2coc3cc(OCc4ccc(Cl)cc4)ccc3c2=O)cc1OC,4.4,COc1cc(OC)c(-c2coc3cc(OCc4ccc(Cl)cc4)ccc3c2=O)cc1OC,BPIWMOVVJOVSFC-UHFFFAOYSA-N,1,train
C=CC(=O)Nc1ccc(C(=O)n2ccc3cc(Br)cnc32)cc1,75.42,C=CC(=O)Nc1ccc(C(=O)n2ccc3cc(Br)cnc32)cc1,HUMCQFQTVIIPAW-UHFFFAOYSA-N,0,train
O=C(Nc1cccc(Cl)c1)Nc1nnc(Sc2ncnc3scc(-c4ccncc4)c23)s1,21.0,O=C(Nc1cccc(Cl)c1)Nc1nnc(Sc2ncnc3scc(-c4ccncc4)c23)s1,HKLSACXFHJXFII-UHFFFAOYSA-N,0,train
COc1cc2nccc(Oc3ccc4c(C(=O)Nc5cccc(F)c5)cccc4c3)c2cc1OC,0.003,COc1cc2nccc(Oc3ccc4c(C(=O)Nc5cccc(F)c5)cccc4c3)c2cc1OC,SUHHULWGFDPFCX-UHFFFAOYSA-N,1,train
CC(=O)N1CCC(NC(=O)NC2CCCCCC2)CC1,0.027,CC(=O)N1CCC(NC(=O)NC2CCCCCC2)CC1,LTDFSPICBQXVRT-UHFFFAOYSA-N,1,train
Nc1ccn([C@@H]2O[C@H](CO)[C@@H](O)C2(F)F)c(=O)n1,0.003,Nc1ccn([C@@H]2O[C@H](CO)[C@@H](O)C2(F)F)c(=O)n1,SDUQYLNIPVEERB-QPPQHZFASA-N,1,train
Cl.c1ccc(Nc2cc3nc4ccccc4n(-c4ccccc4)c-3c/c2=N/CCCCCCC23CCCCN2CCCC3)cc1,1.24,c1ccc(Nc2cc3nc4ccccc4n(-c4ccccc4)c-3c/c2=N/CCCCCCC23CCCCN2CCCC3)cc1,FAEDIFWTJXLJRY-UQQUJRAVSA-N,1,train
O=C(Nc1ccccc1)c1cc2ccccc2nc1O,22.26,O=C(Nc1ccccc1)c1cc2ccccc2nc1O,DZOOMZBMCVCDDF-UHFFFAOYSA-N,0,train
NC(=O)c1cccc2[nH]c(-c3ccc(C(=O)N4CCN(C(=O)c5ccco5)CC4)c(F)c3)nc12,100.0,NC(=O)c1cccc2[nH]c(-c3ccc(C(=O)N4CCN(C(=O)c5ccco5)CC4)c(F)c3)nc12,VBFWUZPUICDYCV-UHFFFAOYSA-N,0,train
C[n+]1c(/C=C/c2cc3ccccc3[nH]2)cc(/C=C2\Sc3ccccc3N2CCCN2CCOCC2)c2ccccc21.[I-],16.6,C[n+]1c(/C=C/c2cc3ccccc3[nH]2)cc(/C=C2\Sc3ccccc3N2CCCN2CCOCC2)c2ccccc21,JRSRBGZKEZUEKQ-CKWSZQMZSA-O,0,train
O=C(O)c1ccc(CC2c3ccccc3-c3ccccc32)cc1,91.2,O=C(O)c1ccc(CC2c3ccccc3-c3ccccc32)cc1,ZZHUJYGTVYLQLA-UHFFFAOYSA-N,0,train
Cc1cc2nc(N/N=C3\CCCc4cccnc43)sc2cc1C,1.076,Cc1cc2nc(N/N=C3\CCCc4cccnc43)sc2cc1C,WCPQOTKWGAFYKQ-KGENOOAVSA-N,1,train
COc1cc(OC)c(-c2coc3cc(OCc4ccccc4)ccc3c2=O)cc1OC,9.75,COc1cc(OC)c(-c2coc3cc(OCc4ccccc4)ccc3c2=O)cc1OC,WQFGUYZQPKLHQW-UHFFFAOYSA-N,1,train
O=C(OCCCOC(=O)c1cc(O)c(O)c(O)c1)c1ccccc1,78.0,O=C(OCCCOC(=O)c1cc(O)c(O)c(O)c1)c1ccccc1,DJFHSBAHORNBGT-UHFFFAOYSA-N,0,train
NCCCCCCNc1nc(Nc2ccc(CN3CCOCC3)cc2)c2ncn(C3CCCC3)c2n1,10.321,NCCCCCCNc1nc(Nc2ccc(CN3CCOCC3)cc2)c2ncn(C3CCCC3)c2n1,PHQLAARCRMCRBQ-UHFFFAOYSA-N,0,train
C[C@H]1[C@H](C)CC[C@]2(C)CC[C@]3(C)C(=CC(=O)[C@@H]4[C@@]5(C)CC/C(=N\O)[C@](C)(C(=O)O)[C@@H]5CC[C@]43C)[C@H]12,10.75,C[C@H]1[C@H](C)CC[C@]2(C)CC[C@]3(C)C(=CC(=O)[C@@H]4[C@@]5(C)CC/C(=N\O)[C@](C)(C(=O)O)[C@@H]5CC[C@]43C)[C@H]12,DAXDAENVDIOFJL-IDZBJVGYSA-N,0,train
CCC(C)n1ncn(-c2ccc(N3CCN(c4ccc(OC[C@@H]5CO[C@@](Cn6cccn6)(c6ccc(Cl)cc6Cl)O5)cc4)CC3)cc2)c1=O,0.307,CCC(C)n1ncn(-c2ccc(N3CCN(c4ccc(OC[C@@H]5CO[C@@](Cn6cccn6)(c6ccc(Cl)cc6Cl)O5)cc4)CC3)cc2)c1=O,LPQKVZVMGMMABV-YOJHGRMCSA-N,1,train
CC(Nc1ccccc1Cl)=C1C(=O)CC(c2ccccc2)CC1=O,0.56,CC(Nc1ccccc1Cl)=C1C(=O)CC(c2ccccc2)CC1=O,CWNBUMZMXKMIAI-UHFFFAOYSA-N,1,train
CC(C)C[C@H]1NC(=O)[C@@H]2CCCN2C(=O)[C@H]([C@@H](O)c2ccccc2)NC(=O)CNC(=O)[C@H](C(C)C)NC(=O)[C@H]2NC(=O)[C@@H](NC(=O)/C=C/c3ccccc3[C@H]3O[C@@H]3C)[C@@H](C)OC(=O)[C@@H](CC(N)=O)NC(=O)[C@H](NC(=O)[C@H](O)NC1=O)[C@@H](O)c1ccc(O)c(c1)Oc1ccc2cc1,8.9,CC(C)C[C@H]1NC(=O)[C@@H]2CCCN2C(=O)[C@H]([C@@H](O)c2ccccc2)NC(=O)CNC(=O)[C@H](C(C)C)NC(=O)[C@H]2NC(=O)[C@@H](NC(=O)/C=C/c3ccccc3[C@H]3O[C@@H]3C)[C@@H](C)OC(=O)[C@@H](CC(N)=O)NC(=O)[C@H](NC(=O)[C@H](O)NC1=O)[C@@H](O)c1ccc(O)c(c1)Oc1ccc2cc1,TYENKFMSQZVWJL-PBAIDHFVSA-N,1,train
Nc1ccccc1NC(=O)c1ccc(CNc2nccc(-c3ccc(C(=O)N4CCOCC4)nc3)n2)cc1,37.0,Nc1ccccc1NC(=O)c1ccc(CNc2nccc(-c3ccc(C(=O)N4CCOCC4)nc3)n2)cc1,PLZZBEPLVKUVRZ-UHFFFAOYSA-N,0,train
CC[C@H](CO)Nc1nc(NCc2ccccc2)c2ncn(C(C)C)c2n1,3.7,CC[C@H](CO)Nc1nc(NCc2ccccc2)c2ncn(C(C)C)c2n1,BTIHMVBBUGXLCJ-OAHLLOKOSA-N,1,train
CCOC(=O)C1C(c2ccc(Cl)cc2)N(c2ccccc2)OC12C(=O)Nc1ccccc12,223.0,CCOC(=O)C1C(c2ccc(Cl)cc2)N(c2ccccc2)OC12C(=O)Nc1ccccc12,SQXYKQJSCXWYIS-UHFFFAOYSA-N,0,train
CC[C@H](C)[C@@H]1NC(=O)[C@@H]2CSSC[C@@H]3NC(=O)[C@H](C(C)C)NC(=O)[C@H](CCCCN)NC(=O)[C@H](CO)NC(=O)[C@H](CCCCN)NC(=O)[C@@H]4CSSC[C@H](NC(=O)[C@H](CO)NC(=O)[C@H](CCC(=O)O)NC(=O)CNC(=O)[C@H](CSSC[C@H](NC(=O)CNC(=O)[C@H](CC(C)C)NC(=O)[C@H](C)NC(=O)[C@H](C)NC(=O)[C@H]([C@@H](C)O)NC1=O)C(=O)N[C@H](CO)C(=O)N4)NC(=O)[C@@H]1CCCN1C(=O)[C@H]([C@@H](C)CC)NC(=O)CNC(=O)[C@H](CC(N)=O)NC(=O)[C@H](CCCNC(=N)N)NC(=O)[C@H](Cc1ccc(O)cc1)NC3=O)C(=O)N[C@@H](C(C)C)C(=O)N[C@@H](Cc1ccc(O)cc1)C(=O)N[C@@H]([C@@H](C)CC)C(=O)N1CCC[C@H]1C(=O)N2,0.4,CC[C@H](C)[C@@H]1NC(=O)[C@@H]2CSSC[C@@H]3NC(=O)[C@H](C(C)C)NC(=O)[C@H](CCCCN)NC(=O)[C@H](CO)NC(=O)[C@H](CCCCN)NC(=O)[C@@H]4CSSC[C@H](NC(=O)[C@H](CO)NC(=O)[C@H](CCC(=O)O)NC(=O)CNC(=O)[C@H](CSSC[C@H](NC(=O)CNC(=O)[C@H](CC(C)C)NC(=O)[C@H](C)NC(=O)[C@H](C)NC(=O)[C@H]([C@@H](C)O)NC1=O)C(=O)N[C@H](CO)C(=O)N4)NC(=O)[C@@H]1CCCN1C(=O)[C@H]([C@@H](C)CC)NC(=O)CNC(=O)[C@H](CC(N)=O)NC(=O)[C@H](CCCNC(=N)N)NC(=O)[C@H](Cc1ccc(O)cc1)NC3=O)C(=O)N[C@@H](C(C)C)C(=O)N[C@@H](Cc1ccc(O)cc1)C(=O)N[C@@H]([C@@H](C)CC)C(=O)N1CCC[C@H]1C(=O)N2,COLNTPYQZNWVBK-WFSGIHPYSA-N,1,train
COc1cc([C@H](CC=C(C)C)OCCC(C)C)c(OC)c2c1/C(=N/O)C=C/C2=N\O,61.9,COc1cc([C@H](CC=C(C)C)OCCC(C)C)c(OC)c2c1/C(=N/O)C=C/C2=N\O,CKZRQKQMASLJKO-KWPRHPNPSA-N,0,train
O=C1CCCC(=O)C1C(=O)c1ccc(C(F)(F)F)cc1[N+](=O)[O-],338.0,O=C1CCCC(=O)C1C(=O)c1ccc(C(F)(F)F)cc1[N+](=O)[O-],OUBCNLGXQFSTLU-UHFFFAOYSA-N,0,train
CCOC(=O)c1cc2c(nc1C(F)(F)F)nn1c(C)cc(C)nc21,99.2,CCOC(=O)c1cc2c(nc1C(F)(F)F)nn1c(C)cc(C)nc21,XXMWVVSCWLJEQF-UHFFFAOYSA-N,0,train
COc1ccc(-c2nn(C)cc2-c2cc(OC)c(OC)c(OC)c2)cc1O,0.256,COc1ccc(-c2nn(C)cc2-c2cc(OC)c(OC)c(OC)c2)cc1O,BPCBWOISZZNGQU-UHFFFAOYSA-N,1,train
CCOC(=O)/C=C1/C(=O)N(C(=O)OC)c2ccc(Cl)cc21,40.0,CCOC(=O)/C=C1/C(=O)N(C(=O)OC)c2ccc(Cl)cc21,KCIICXFZECLBTJ-JXMROGBWSA-N,0,train
C=CCc1ccc(OCC)c(-c2ccc(O)c(CC=C)c2)c1,68.2,C=CCc1ccc(OCC)c(-c2ccc(O)c(CC=C)c2)c1,WSNYCJWIVUTQGA-UHFFFAOYSA-N,0,train
O=C(Nc1ccc(-c2ccnc3[nH]ccc23)cc1)c1ccc(F)cc1,50.0,O=C(Nc1ccc(-c2ccnc3[nH]ccc23)cc1)c1ccc(F)cc1,RVJKQJVPUIYFCS-UHFFFAOYSA-N,0,train
CN1C(=O)N(c2cc(Cl)cc(Cl)c2)C(=O)[C@]12CN(c1nc(C(=O)O)co1)C[C@H]2c1ccc(C#N)cc1,0.058,CN1C(=O)N(c2cc(Cl)cc(Cl)c2)C(=O)[C@]12CN(c1nc(C(=O)O)co1)C[C@H]2c1ccc(C#N)cc1,KYEMYNPDGAAYFU-MHECFPHRSA-N,1,train
O=C1Sc2ccc(OS(=O)(=O)Nc3ccc(O)c4ccccc34)c3cccc1c23,1.0,O=C1Sc2ccc(OS(=O)(=O)Nc3ccc(O)c4ccccc34)c3cccc1c23,RHZXQMIVPBAHBH-UHFFFAOYSA-N,1,train
COc1ccc2c(c1)CCc1sc(NC(C)=O)nc1-2,10.0,COc1ccc2c(c1)CCc1sc(NC(C)=O)nc1-2,GJGNOAUCYMCQAE-UHFFFAOYSA-N,1,train
C=CS(=O)(=O)Nc1ccc(C(=O)Nc2ccc(-c3cc(C)nc4noc(N)c34)cc2)cc1,10.0,C=CS(=O)(=O)Nc1ccc(C(=O)Nc2ccc(-c3cc(C)nc4noc(N)c34)cc2)cc1,RMXMRILSYPFUKR-UHFFFAOYSA-N,1,train
CCOP(=O)(OCC)C(NC(=O)c1cc(O)c2c(c1)C(=O)c1cccc(O)c1C2=O)c1ccccc1Br,100.0,CCOP(=O)(OCC)C(NC(=O)c1cc(O)c2c(c1)C(=O)c1cccc(O)c1C2=O)c1ccccc1Br,BZQYJYBVVMPXAL-UHFFFAOYSA-N,0,train
CC(=O)c1cc2c(cc1O)CC[C@@H]1[C@@H]2CC[C@]2(C)[C@@H](O)CC[C@@H]12,15.64,CC(=O)c1cc2c(cc1O)CC[C@@H]1[C@@H]2CC[C@]2(C)[C@@H](O)CC[C@@H]12,KAJWCJZDMSIJDK-RVIPTACNSA-N,0,train
Cc1[nH]nc(N)c1-c1nc2c(S(=O)(=O)NCCO)c(F)ccc2s1,25.0,Cc1[nH]nc(N)c1-c1nc2c(S(=O)(=O)NCCO)c(F)ccc2s1,QAILLNFYMHQEKZ-UHFFFAOYSA-N,0,train
CCOC(=O)c1cc2c(nc1C(F)(F)F)nn1c(-c3ccccc3)cc(C)nc21,91.1,CCOC(=O)c1cc2c(nc1C(F)(F)F)nn1c(-c3ccccc3)cc(C)nc21,NZWFHPQUXNBVJD-UHFFFAOYSA-N,0,train
CN1CCC(Cc2ccc(O)c(CNC3(c4ccc(F)cc4)CCCC3)c2)CC1,30.0,CN1CCC(Cc2ccc(O)c(CNC3(c4ccc(F)cc4)CCCC3)c2)CC1,HERPZQVPHGGCRX-UHFFFAOYSA-N,0,train
CCOC(=O)C(=O)N(Cc1ccc(F)c(F)c1)c1ccc2c(c1)N(C)CC(C)(COc1ccc(C(=N)N)cc1)O2,8.3,CCOC(=O)C(=O)N(Cc1ccc(F)c(F)c1)c1ccc2c(c1)N(C)CC(C)(COc1ccc(C(=N)N)cc1)O2,AWEMWUWHNYCICC-UHFFFAOYSA-N,1,train
Cc1c(COc2cccc(OCC3CCOCC3)c2)[nH]c2ccc(Br)cc2c1=O,0.023,Cc1c(COc2cccc(OCC3CCOCC3)c2)[nH]c2ccc(Br)cc2c1=O,TXHNPJIYIXRBRG-UHFFFAOYSA-N,1,train
Cc1cc2c(F)c(Oc3ncnn4cc(OC[C@@H](C)O)c(C)c34)ccc2[nH]1,0.618,Cc1cc2c(F)c(Oc3ncnn4cc(OC[C@@H](C)O)c(C)c34)ccc2[nH]1,WCWUXEGQKLTGDX-LLVKDONJSA-N,1,train
CC(=O)O[C@H]1C[C@H]2[C@@H](CC[C@H]3C[C@@H](OS(=O)(=O)[O-])CC[C@@]32C)[C@@H]2CC[C@H]([C@H](C)CCC(=O)N[C@@H]3O[C@H](COS(=O)(=O)[O-])[C@@H](O[C@H]4O[C@H](COS(=O)(=O)[O-])[C@@H](O[C@H]5O[C@H](COS(=O)(=O)[O-])[C@@H](O[C@H]6O[C@H](COS(=O)(=O)[O-])[C@@H](OS(=O)(=O)[O-])[C@H](OS(=O)(=O)[O-])[C@H]6OS(=O)(=O)[O-])[C@H](OS(=O)(=O)[O-])[C@H]5OS(=O)(=O)[O-])[C@H](OS(=O)(=O)[O-])[C@H]4OS(=O)(=O)[O-])[C@H](OS(=O)(=O)[O-])[C@H]3OS(=O)(=O)[O-])[C@@]12C.[Na+].[Na+].[Na+].[Na+].[Na+].[Na+].[Na+].[Na+].[Na+].[Na+].[Na+].[Na+].[Na+].[Na+],50.0,CC(=O)O[C@H]1C[C@H]2[C@@H](CC[C@H]3C[C@@H](OS(=O)(=O)O)CC[C@@]32C)[C@@H]2CC[C@H]([C@H](C)CCC(=O)N[C@@H]3O[C@H](COS(=O)(=O)O)[C@@H](O[C@H]4O[C@H](COS(=O)(=O)O)[C@@H](O[C@H]5O[C@H](COS(=O)(=O)O)[C@@H](O[C@H]6O[C@H](COS(=O)(=O)O)[C@@H](OS(=O)(=O)O)[C@H](OS(=O)(=O)O)[C@H]6OS(=O)(=O)O)[C@H](OS(=O)(=O)O)[C@H]5OS(=O)(=O)O)[C@H](OS(=O)(=O)O)[C@H]4OS(=O)(=O)O)[C@H](OS(=O)(=O)O)[C@H]3OS(=O)(=O)O)[C@@]12C,UAEGWXRHPSXZEC-YVFQFZNASA-N,0,train
CO[C@@H]1[C@H](OC(=O)NCCNC(=O)OCCOCCOCCOCCOCCOCCOC(=O)NCCCC[C@@H]2SC[C@@H]3NC(=O)N[C@@H]32)CC[C@]2(CO2)[C@H]1[C@@]1(C)O[C@@H]1CC=C(C)C,0.06,CO[C@@H]1[C@H](OC(=O)NCCNC(=O)OCCOCCOCCOCCOCCOCCOC(=O)NCCCC[C@@H]2SC[C@@H]3NC(=O)N[C@@H]32)CC[C@]2(CO2)[C@H]1[C@@]1(C)O[C@@H]1CC=C(C)C,ZEHZTKZKPCSXTC-NTVIJESVSA-N,1,train
CCc1ccc2nc(N(CCN(CC)CC)c3ccc(OC)c(OC)c3)sc2c1,13.9,CCc1ccc2nc(N(CCN(CC)CC)c3ccc(OC)c(OC)c3)sc2c1,CUZGRASAHWBOQU-UHFFFAOYSA-N,0,train
CN1CC2(CC(Cc3cccc(CNC4(c5ccc(F)c(F)c5)CCCC4)c3)C2)C1,14.78,CN1CC2(CC(Cc3cccc(CNC4(c5ccc(F)c(F)c5)CCCC4)c3)C2)C1,PHYICEJVXVHALJ-UHFFFAOYSA-N,0,train
Cc1ccc(NC(=O)Cn2cc(-c3ccc4c(NC(=O)c5cnn(C)c5)n[nH]c4c3)cn2)cc1C(F)(F)F,4.41,Cc1ccc(NC(=O)Cn2cc(-c3ccc4c(NC(=O)c5cnn(C)c5)n[nH]c4c3)cn2)cc1C(F)(F)F,FBUQAQFCVKLDNZ-UHFFFAOYSA-N,1,train
COc1cc(-c2nccn2-c2ccc(C)cc2)cc(OC)c1OC,100.0,COc1cc(-c2nccn2-c2ccc(C)cc2)cc(OC)c1OC,JJTAGIRIKQGUDH-UHFFFAOYSA-N,0,train
Nc1onc2nc(-c3ccccc3)cc(-c3ccc(NC(=O)CCc4ccco4)cc3)c12,26.84,Nc1onc2nc(-c3ccccc3)cc(-c3ccc(NC(=O)CCc4ccco4)cc3)c12,UVDPYOAVETXEBG-UHFFFAOYSA-N,0,train
COc1ccnc(CN2CC(=O)N(CC(C)C)c3c(Cl)nc(N)nc32)c1OC,0.24,COc1ccnc(CN2CC(=O)N(CC(C)C)c3c(Cl)nc(N)nc32)c1OC,QJMRAGWVHNQWBM-UHFFFAOYSA-N,1,train
CC(C)NCC(O)COc1cccc2ccccc12,149.0,CC(C)NCC(O)COc1cccc2ccccc12,AQHHHDLHHXJYJD-UHFFFAOYSA-N,0,train
Cc1c(CC2CCCCC2)c(=O)oc2cc(OCCOc3no[n+]([O-])c3S(=O)(=O)c3ccccc3)ccc12,4.7,Cc1c(CC2CCCCC2)c(=O)oc2cc(OCCOc3no[n+]([O-])c3S(=O)(=O)c3ccccc3)ccc12,AWNYGQMUHDMICH-UHFFFAOYSA-N,1,train
Oc1ccc2c(c1)CCc1c(-c3ccc(F)cc3)noc1-2,46.0,Oc1ccc2c(c1)CCc1c(-c3ccc(F)cc3)noc1-2,ROELEZACFNINAZ-UHFFFAOYSA-N,0,train
CC(Cl)C(=O)Nc1ccc(Cn2cnc3c(Cl)ncnc32)cc1,81.78,CC(Cl)C(=O)Nc1ccc(Cn2cnc3c(Cl)ncnc32)cc1,OWRCHUPGWMCPME-UHFFFAOYSA-N,0,train
Brc1cccc(CNc2ncc3c(n2)-c2cccnc2SC3)c1,0.35,Brc1cccc(CNc2ncc3c(n2)-c2cccnc2SC3)c1,GUAMQQKJZIJYCN-UHFFFAOYSA-N,1,train
COc1cc(OC)cc(-c2coc3c4c(ccc3c2=O)OC(C)(C)C=C4)c1,10.0,COc1cc(OC)cc(-c2coc3c4c(ccc3c2=O)OC(C)(C)C=C4)c1,FAZQSDYDVXUOKT-UHFFFAOYSA-N,1,train
O=C(N/N=C/c1cccc(OCc2ccccc2)c1)c1ccc(NC2CCCCC2)c(NCc2ccccc2)c1,0.68,O=C(N/N=C/c1cccc(OCc2ccccc2)c1)c1ccc(NC2CCCCC2)c(NCc2ccccc2)c1,LILAMXWMMDEBFG-XBQJKBNESA-N,1,train
Nc1ccccc1NC(=O)CCCCCCNc1nn2c(=O)c3cc(Br)ccc3nc2c2ccccc12,16.4,Nc1ccccc1NC(=O)CCCCCCNc1nn2c(=O)c3cc(Br)ccc3nc2c2ccccc12,SDBDWFGOZRAMHD-UHFFFAOYSA-N,0,train
COc1ccc(-c2c(-c3cc(OC)c(OC)c(OC)c3)cnn2C)cc1O,0.118,COc1ccc(-c2c(-c3cc(OC)c(OC)c(OC)c3)cnn2C)cc1O,FYBNULBWWUTZFB-UHFFFAOYSA-N,1,train
FC(F)(F)c1cccc(Nc2ncc3c(n2)-c2ccc(Cl)cc2SC3)c1,10.46,FC(F)(F)c1cccc(Nc2ncc3c(n2)-c2ccc(Cl)cc2SC3)c1,YETQINJOKMXYLJ-UHFFFAOYSA-N,0,train
CN1CCCN(c2ccc(C(F)(F)F)c(CN3CCN(c4ccc(C(F)(F)F)cc4)CC3)c2)CC1,9.89,CN1CCCN(c2ccc(C(F)(F)F)c(CN3CCN(c4ccc(C(F)(F)F)cc4)CC3)c2)CC1,LTYQWLAGYMXPFA-UHFFFAOYSA-N,1,train
COc1cccc(NC(=O)Nc2cc(/C=C\c3cc(OC)c(OC)c(OC)c3)ccc2OC)c1,3.5,COc1cccc(NC(=O)Nc2cc(/C=C\c3cc(OC)c(OC)c(OC)c3)ccc2OC)c1,MOITVIQYFDGFGE-KTKRTIGZSA-N,1,train
CN1CCCN(c2ccnc(CN3CCN(c4ccc(C(F)(F)F)cc4)CC3)c2)CC1,50.0,CN1CCCN(c2ccnc(CN3CCN(c4ccc(C(F)(F)F)cc4)CC3)c2)CC1,QPJGBMTTZSAXLN-UHFFFAOYSA-N,0,train
N=C(N)NCCC[C@H](NC(=O)c1sccc1NS(=O)(=O)c1cccc2nsnc12)C(=O)O,23.0,N=C(N)NCCC[C@H](NC(=O)c1sccc1NS(=O)(=O)c1cccc2nsnc12)C(=O)O,ZWWMEDURALZMEV-NSHDSACASA-N,0,train
COc1c(O)cc2oc(-c3ccccc3)cc(=O)c2c1O,61.0,COc1c(O)cc2oc(-c3ccccc3)cc(=O)c2c1O,LKOJGSWUMISDOF-UHFFFAOYSA-N,0,train
CCOP(=O)(OCC)C(NC(=O)C(C)Oc1ccc2c(c1O)C(=O)c1ccccc1C2=O)c1cccc(Cl)c1,70.81,CCOP(=O)(OCC)C(NC(=O)C(C)Oc1ccc2c(c1O)C(=O)c1ccccc1C2=O)c1cccc(Cl)c1,TURUXYRZXZQFMF-UHFFFAOYSA-N,0,train
CN1C(=O)N(c2cc(Cl)cc(Cl)c2)C(=O)[C@]12CN(Cc1ccccc1)C[C@H]2c1ccc(C#N)cc1,0.015,CN1C(=O)N(c2cc(Cl)cc(Cl)c2)C(=O)[C@]12CN(Cc1ccccc1)C[C@H]2c1ccc(C#N)cc1,XYVGXDQZIPFLPB-RPLLCQBOSA-N,1,train
COc1cc2nccc(Oc3ccc4c(C(=O)Nc5ccc(Cl)cc5)ccnc4c3)c2cc1OC,0.01,COc1cc2nccc(Oc3ccc4c(C(=O)Nc5ccc(Cl)cc5)ccnc4c3)c2cc1OC,RRBXHERNTPHTQX-UHFFFAOYSA-N,1,train
Oc1ccc2c(c1)CCc1c(-c3ccc(O)c(O)c3)noc1-2,0.42,Oc1ccc2c(c1)CCc1c(-c3ccc(O)c(O)c3)noc1-2,CLADDPQXBLSTPP-UHFFFAOYSA-N,1,train
COc1ccc(CC(=O)Nc2ccc3oc(-c4ccc(Cl)cc4)nc3c2)cc1OC,11.36,COc1ccc(CC(=O)Nc2ccc3oc(-c4ccc(Cl)cc4)nc3c2)cc1OC,KSHKNYSFVBTJJI-UHFFFAOYSA-N,0,train
O=c1[nH]c(=O)n(C2CCCO2)cc1F,1.0,O=c1[nH]c(=O)n(C2CCCO2)cc1F,WFWLQNSHRPWKFK-UHFFFAOYSA-N,1,train
CN(C)CCCNc1nn2c(=O)c3ccccc3nc2c2ccccc12,20.6,CN(C)CCCNc1nn2c(=O)c3ccccc3nc2c2ccccc12,VYNPQVGFXYNKOX-UHFFFAOYSA-N,0,train
N#CC1=C(N)Oc2c(c3nc4ccccc4nc3c3ccccc23)C12C(=O)N(Cc1cnnn1-c1cc(Cl)ccc1Cl)c1ccccc12,50.0,N#CC1=C(N)Oc2c(c3nc4ccccc4nc3c3ccccc23)C12C(=O)N(Cc1cnnn1-c1cc(Cl)ccc1Cl)c1ccccc12,KEGMFKGFQRKPDT-UHFFFAOYSA-N,0,train
COc1cc2c(cc1O)C[C@]21COc2cc(OC(C)=O)cc(OC(C)=O)c2C1=O,100.0,COc1cc2c(cc1O)C[C@]21COc2cc(OC(C)=O)cc(OC(C)=O)c2C1=O,YKEXZZODJQXHGW-NRFANRHFSA-N,0,train
O=C(CO)Nc1cc(CSc2ncccc2C(=O)Nc2ccc(OC(F)(F)F)cc2)ccn1,0.0074,O=C(CO)Nc1cc(CSc2ncccc2C(=O)Nc2ccc(OC(F)(F)F)cc2)ccn1,KLTZDJNSSCMNAO-UHFFFAOYSA-N,1,train
CNc1nc(Nc2cccc(NS(C)(=O)=O)c2)nc(Nc2cc(OC)c(OC)c(OC)c2)n1,10.0,CNc1nc(Nc2cccc(NS(C)(=O)=O)c2)nc(Nc2cc(OC)c(OC)c(OC)c2)n1,VSXOZLIBNAERTR-UHFFFAOYSA-N,1,train
CN(C)CCOc1ccc(Nc2nc(-c3ccc(O)cc3)nc(Cl)c2-c2ccccc2)cc1,13.83,CN(C)CCOc1ccc(Nc2nc(-c3ccc(O)cc3)nc(Cl)c2-c2ccccc2)cc1,NHSIBXDEZAXULW-UHFFFAOYSA-N,0,train
NC(=O)CCC(C(=O)O)N1C(=O)c2ccc3ccccc3c2C1=O,50.0,NC(=O)CCC(C(=O)O)N1C(=O)c2ccc3ccccc3c2C1=O,VIKHJADZISQYKC-UHFFFAOYSA-N,0,train
O=C1Nc2ccccc2[C@]12C[C@H]2c1ccc2c(/C=C/c3ccc(CN4CCCC4)cc3)n[nH]c2c1,3.6,O=C1Nc2ccccc2[C@]12C[C@H]2c1ccc2c(/C=C/c3ccc(CN4CCCC4)cc3)n[nH]c2c1,LYJJDILNOAREKN-SNTYCMLESA-N,1,train
CCOP(=O)(CC(O)Cn1cc(CN2C(=O)c3cccc4cc([N+](=O)[O-])cc(c34)C2=O)nn1)OCC,250.0,CCOP(=O)(CC(O)Cn1cc(CN2C(=O)c3cccc4cc([N+](=O)[O-])cc(c34)C2=O)nn1)OCC,XALMENAFLHMDPM-UHFFFAOYSA-N,0,train
CC(C)c1c(-c2nnc(NCCCCN)o2)cn2ncnc(Nc3cc(C(=O)NC4CC4)c(F)cc3F)c12,0.017,CC(C)c1c(-c2nnc(NCCCCN)o2)cn2ncnc(Nc3cc(C(=O)NC4CC4)c(F)cc3F)c12,ZWBUEQUTXFJDFT-UHFFFAOYSA-N,1,train
CC1=CCCc2ccc(NS(=O)(=O)c3ccc(F)cc3)c(C(=O)O)c21,0.15,CC1=CCCc2ccc(NS(=O)(=O)c3ccc(F)cc3)c(C(=O)O)c21,OCRFJQHVDVDJIO-UHFFFAOYSA-N,1,train
COC(=O)[C@]1(C)[C@@H]2CC[C@]3(C)C(C(C)CCCC(C)CCCC(C)C)C(=O)C[C@H]3[C@@]2(C)CC[C@H]1OC(C)=O,100.0,COC(=O)[C@]1(C)[C@@H]2CC[C@]3(C)C(C(C)CCCC(C)CCCC(C)C)C(=O)C[C@H]3[C@@]2(C)CC[C@H]1OC(C)=O,QTDHKIWCKHBQJN-OJCUTFMUSA-N,0,train
COc1cc2c(cc1C#N)CC[C@@H]1[C@@H]2CC[C@]2(C)[C@@H](O)CC[C@@H]12,2.65,COc1cc2c(cc1C#N)CC[C@@H]1[C@@H]2CC[C@]2(C)[C@@H](O)CC[C@@H]12,MNCFJZMQDMBMIJ-SSGANFLRSA-N,1,train
O=C(CCCCCNc1nc2ccccc2nc1-c1nc2ccccc2o1)NO,16.38,O=C(CCCCCNc1nc2ccccc2nc1-c1nc2ccccc2o1)NO,CBDVIKKPPJKBCQ-UHFFFAOYSA-N,0,train
C=CCc1cc(-c2cccc([N+](=O)[O-])c2)ccc1O,100.0,C=CCc1cc(-c2cccc([N+](=O)[O-])c2)ccc1O,ZFGVZWPRVDATAR-UHFFFAOYSA-N,0,train
Cc1cccc(-n2nncc2CN2C(=O)C3(C(C#N)=C(N)Oc4c(N)cc5nc6ccccc6nc5c43)c3ccccc32)c1,50.0,Cc1cccc(-n2nncc2CN2C(=O)C3(C(C#N)=C(N)Oc4c(N)cc5nc6ccccc6nc5c43)c3ccccc32)c1,MUNDJTBSZMMZOZ-UHFFFAOYSA-N,0,train
O=C(Cc1cccc(F)c1)Nc1ccc(-c2ccnc3[nH]ccc23)cc1,50.0,O=C(Cc1cccc(F)c1)Nc1ccc(-c2ccnc3[nH]ccc23)cc1,SXIWZYNHPANAFR-UHFFFAOYSA-N,0,train
Cc1ccccc1Nc1nc2cc(Oc3ncnc4c3cnn4C)ccc2n1C,100.0,Cc1ccccc1Nc1nc2cc(Oc3ncnc4c3cnn4C)ccc2n1C,AOXBHRCAQIPLPS-UHFFFAOYSA-N,0,train
CCCCNC(=O)Nc1ccc(N(C)c2ccnc(Nc3cccc(CS(C)(=O)=O)c3)n2)cc1,0.002,CCCCNC(=O)Nc1ccc(N(C)c2ccnc(Nc3cccc(CS(C)(=O)=O)c3)n2)cc1,CCGBGVNOJXOFAR-UHFFFAOYSA-N,1,train
O=C(NO)c1ccc(CN(C2CC2)S(=O)(=O)c2cc(F)c(F)c(F)c2F)cc1,3.9,O=C(NO)c1ccc(CN(C2CC2)S(=O)(=O)c2cc(F)c(F)c(F)c2F)cc1,HYEWQOQZANKATO-UHFFFAOYSA-N,1,train
CCOP(=O)(CC(O)Cn1cc(CN2C(=O)c3cccc4cccc(c34)C2=O)nn1)OCC,250.0,CCOP(=O)(CC(O)Cn1cc(CN2C(=O)c3cccc4cccc(c34)C2=O)nn1)OCC,LNPTVOXNPMSALZ-UHFFFAOYSA-N,0,train
COc1cc(O)c2c(c1O)C(=O)[C@@H](CC(C)=O)[C@H](C)C2=O,7.7,COc1cc(O)c2c(c1O)C(=O)[C@@H](CC(C)=O)[C@H](C)C2=O,PNLCUSOXXKPMPN-YUMQZZPRSA-N,1,train
C=CC(=O)Nc1ccc(Cn2cnc3c(Cl)ncnc32)cc1,50.53,C=CC(=O)Nc1ccc(Cn2cnc3c(Cl)ncnc32)cc1,FZQIDLWMPZESRJ-UHFFFAOYSA-N,0,train
Nc1[nH]ncc1-c1nc2ccc(F)cc2s1,25.0,Nc1[nH]ncc1-c1nc2ccc(F)cc2s1,UPUVYZJKZGVBSN-UHFFFAOYSA-N,0,train
N#Cc1ccc(-n2cc(-c3ccc(C=C4C(=O)Nc5ccccc54)cc3)nn2)cc1,20.0,N#Cc1ccc(-n2cc(-c3ccc(C=C4C(=O)Nc5ccccc54)cc3)nn2)cc1,ARVBBXCWMZRVJY-UHFFFAOYSA-N,0,train
CC(C)[C@]12O[C@H]1[C@@H]1O[C@]13[C@]1(O[C@H]1C[C@H]1C4=C(CC[C@@]13C)C(=O)OC4)[C@@H]2OC(=O)CCC(=O)O[C@H]1[C@H](O)[C@@H](O)C(O)O[C@@H]1CO,2.358,CC(C)[C@]12O[C@H]1[C@@H]1O[C@]13[C@]1(O[C@H]1C[C@H]1C4=C(CC[C@@]13C)C(=O)OC4)[C@@H]2OC(=O)CCC(=O)O[C@H]1[C@H](O)[C@@H](O)C(O)O[C@@H]1CO,WZVHIOMOXJFPQE-DWZIZQNFSA-N,1,train
Cc1ccc([N+](=O)[O-])cc1S(=O)(=O)Nc1cccc2cccnc12,1.6,Cc1ccc([N+](=O)[O-])cc1S(=O)(=O)Nc1cccc2cccnc12,VTMJBTAZUZNDBS-UHFFFAOYSA-N,1,train
COc1ccc2c(c1)CCc1c(-c3ccc(F)cc3)noc1-2,100.0,COc1ccc2c(c1)CCc1c(-c3ccc(F)cc3)noc1-2,UJXFZERSYARWAQ-UHFFFAOYSA-N,0,train
COc1cc(OC)c(-c2coc3cc(OCc4ccccc4C(F)(F)F)ccc3c2=O)cc1OC,10.0,COc1cc(OC)c(-c2coc3cc(OCc4ccccc4C(F)(F)F)ccc3c2=O)cc1OC,LMVRLVQOYXTJFI-UHFFFAOYSA-N,1,train
CN(C)CCn1c(=O)n(Cc2ccc(C(=O)Nc3ccccc3N)cc2)c(=O)c2ccccc21,25.0,CN(C)CCn1c(=O)n(Cc2ccc(C(=O)Nc3ccccc3N)cc2)c(=O)c2ccccc21,GLVKGOKWCOFFOB-UHFFFAOYSA-N,0,train
O=C(NCCO)c1cc2c(Oc3ccc(Br)cc3)cncc2s1,100.0,O=C(NCCO)c1cc2c(Oc3ccc(Br)cc3)cncc2s1,IZBOFIUTXBWHRE-UHFFFAOYSA-N,0,train
CCOC(=O)C1ON(c2ccccc2)C(c2ccc(OC)cc2)C12C(=O)Nc1ccc(F)cc12,42.0,CCOC(=O)C1ON(c2ccccc2)C(c2ccc(OC)cc2)C12C(=O)Nc1ccc(F)cc12,WTYULITUDWJPSK-UHFFFAOYSA-N,0,train
O=C(Nc1ccc2oc(-c3ccccc3Cl)nc2c1)c1ccc(Cl)c(Br)c1,26.86,O=C(Nc1ccc2oc(-c3ccccc3Cl)nc2c1)c1ccc(Cl)c(Br)c1,VZARBFWBOPQZFL-UHFFFAOYSA-N,0,train
Cc1ccc(NC(=O)Cn2cc(-c3ccc4c(NC(=O)c5cccnc5)n[nH]c4c3)cn2)cc1C(F)(F)F,1.75,Cc1ccc(NC(=O)Cn2cc(-c3ccc4c(NC(=O)c5cccnc5)n[nH]c4c3)cn2)cc1C(F)(F)F,LNSYNFKGAXNAKD-UHFFFAOYSA-N,1,train
CNC(=O)c1cc(Oc2ccc3c(c2)nc(Nc2ccc(Cl)c(CN4CCN(C)CC4)c2)n3C)ccn1,0.031,CNC(=O)c1cc(Oc2ccc3c(c2)nc(Nc2ccc(Cl)c(CN4CCN(C)CC4)c2)n3C)ccn1,WGONGMOZFNXPIC-UHFFFAOYSA-N,1,train
Fc1ccc2sc(N/N=C3\CCCc4cccnc43)nc2c1,2.649,Fc1ccc2sc(N/N=C3\CCCc4cccnc43)nc2c1,KTTIBCCMUMBSDX-UDWIEESQSA-N,1,train
CC(C)=CCC/C(C)=C/Cc1c(O)cc(O)c(C(=O)C(C)C)c1O,21.0,CC(C)=CCC/C(C)=C/Cc1c(O)cc(O)c(C(=O)C(C)C)c1O,TXDNBNXWWCEVMG-NTEUORMPSA-N,0,train
C=CC(=O)Nc1cccc(C(=O)Nc2ccc(-c3cc(C)nc4noc(N)c34)cc2)c1,10.0,C=CC(=O)Nc1cccc(C(=O)Nc2ccc(-c3cc(C)nc4noc(N)c34)cc2)c1,ZTULTLKBWLLMHQ-UHFFFAOYSA-N,1,train
CCc1cc(C(=O)Nc2cc(C(=O)c3ccc4c(/C=C/c5ccccn5)n[nH]c4c3)ccc2C)n(C)n1,0.021,CCc1cc(C(=O)Nc2cc(C(=O)c3ccc4c(/C=C/c5ccccn5)n[nH]c4c3)ccc2C)n(C)n1,DGGMJZRFTITPES-ACCUITESSA-N,1,train
CN(C)CCCNCc1ccc(-c2cc(=O)c3ccccc3n2C)cc1,99.7,CN(C)CCCNCc1ccc(-c2cc(=O)c3ccccc3n2C)cc1,JFGCRCDZZYIUBO-UHFFFAOYSA-N,0,train
C/C=C/C=C/C=C/C[N+](C)(CCCCCCCCCCCCCCCCCC)Cc1ccccc1.[I-],7.02,C/C=C/C=C/C=C/C[N+](C)(CCCCCCCCCCCCCCCCCC)Cc1ccccc1,JOJWQWSSQYYPNO-BMAJVGFKSA-N,1,train
CCC(C)C(=O)c1c(O)cc2c(c1O)CCC(C)(C)O2,29.3,CCC(C)C(=O)c1c(O)cc2c(c1O)CCC(C)(C)O2,XTUDXGKSAKSSTA-UHFFFAOYSA-N,0,train
C=CCc1cc(-c2ccccc2C(F)(F)F)ccc1O,82.0,C=CCc1cc(-c2ccccc2C(F)(F)F)ccc1O,SSBKBHJHZMFBGT-UHFFFAOYSA-N,0,train
CC(C)CCC[C@@H](C)[C@H]1CC[C@H]2[C@@H]3CC[C@H]4C[C@@H](O[C@@H]5O[C@H](COS(=O)(=O)[O-])[C@@H](O[C@H]6O[C@H](COS(=O)(=O)[O-])[C@@H](OS(=O)(=O)[O-])[C@H](OS(=O)(=O)[O-])[C@H]6OS(=O)(=O)[O-])[C@H](OS(=O)(=O)[O-])[C@H]5OS(=O)(=O)[O-])CC[C@]4(C)[C@H]3CC[C@]12C.[Na+].[Na+].[Na+].[Na+].[Na+].[Na+].[Na+],4.0,CC(C)CCC[C@@H](C)[C@H]1CC[C@H]2[C@@H]3CC[C@H]4C[C@@H](O[C@@H]5O[C@H](COS(=O)(=O)O)[C@@H](O[C@H]6O[C@H](COS(=O)(=O)O)[C@@H](OS(=O)(=O)O)[C@H](OS(=O)(=O)O)[C@H]6OS(=O)(=O)O)[C@H](OS(=O)(=O)O)[C@H]5OS(=O)(=O)O)CC[C@]4(C)[C@H]3CC[C@]12C,XOYJAKGZWNQGAS-NSSQSULCSA-N,1,train
CC1=C(SCCC(=O)OC(C[Se]c2ccccc2)C(=O)NCCCCCC(=O)OCc2ccccc2)C(=O)c2ccccc2C1=O,23.0,CC1=C(SCCC(=O)OC(C[Se]c2ccccc2)C(=O)NCCCCCC(=O)OCc2ccccc2)C(=O)c2ccccc2C1=O,KBJOBLHBSNOTGT-UHFFFAOYSA-N,0,train
COc1cc2nccc(Oc3ccc4c(C(=O)Nc5ccc(Cl)cc5Cl)cccc4c3)c2cc1OC,0.014,COc1cc2nccc(Oc3ccc4c(C(=O)Nc5ccc(Cl)cc5Cl)cccc4c3)c2cc1OC,ZKKCJZSOXOTFGY-UHFFFAOYSA-N,1,train
CC(=O)N[C@@H](CSc1c2nc3cc(C(=O)O)ccc3oc-2cc(=O)c1N)C(=O)O,119.9,CC(=O)N[C@@H](CSc1c2nc3cc(C(=O)O)ccc3oc-2cc(=O)c1N)C(=O)O,KUPQDUIOULXTJZ-JTQLQIEISA-N,0,train
O=C1Nc2ccccc2/C1=C/c1ccc(-c2cn(-c3cccc(Cl)c3)nn2)cc1,20.0,O=C1Nc2ccccc2/C1=C/c1ccc(-c2cn(-c3cccc(Cl)c3)nn2)cc1,RYMMABXZXPTDNO-NDENLUEZSA-N,0,train
CC(=O)Nc1c(Cl)c(Cl)cc2c1nc(NC(C)C)n2C1CCN(c2ccc(C3(C#N)CCC3)cc2)CC1,100.0,CC(=O)Nc1c(Cl)c(Cl)cc2c1nc(NC(C)C)n2C1CCN(c2ccc(C3(C#N)CCC3)cc2)CC1,HKOYZUBWZOWYKY-UHFFFAOYSA-N,0,train
CCc1cc(Nc2nccc(-c3c(-c4ccc(OC)c(C(=O)Nc5c(F)cccc5F)c4)nc4ccccn34)n2)c(OC)cc1N1CCC(N2CCN(S(C)(=O)=O)CC2)CC1,20.0,CCc1cc(Nc2nccc(-c3c(-c4ccc(OC)c(C(=O)Nc5c(F)cccc5F)c4)nc4ccccn34)n2)c(OC)cc1N1CCC(N2CCN(S(C)(=O)=O)CC2)CC1,MOSKATHMXWSZTQ-UHFFFAOYSA-N,0,train
Cc1ccc(Sc2nccc3sc(C(N)=O)cc23)cc1,95.0,Cc1ccc(Sc2nccc3sc(C(N)=O)cc23)cc1,JFLJTGZONHVXKC-UHFFFAOYSA-N,0,train
CCc1ccc2nc(N(CCCCN3CCOCC3)c3ccc(OC)c(OC)c3)sc2c1,29.86,CCc1ccc2nc(N(CCCCN3CCOCC3)c3ccc(OC)c(OC)c3)sc2c1,VSGZAOSQLPXUPK-UHFFFAOYSA-N,0,train
C=C1C(=O)Oc2c(OC)cccc2[C@H]1[C@@H]1CCc2cc(OC)ccc2C1=O,4.87,C=C1C(=O)Oc2c(OC)cccc2[C@H]1[C@@H]1CCc2cc(OC)ccc2C1=O,OQGDQXUDWNPKDE-QFBILLFUSA-N,1,train
COc1ccc(C(=O)C2CCc3c(ccc(OC)c3N)C2)cc1OC,122.0,COc1ccc(C(=O)C2CCc3c(ccc(OC)c3N)C2)cc1OC,XTCALRCJAICYAQ-UHFFFAOYSA-N,0,train
CN1CCN(c2ccc(C(c3ccccc3)C34CC5CC(CC(C5)C3)C4)cc2)CC1,4.52,CN1CCN(c2ccc(C(c3ccccc3)C34CC5CC(CC(C5)C3)C4)cc2)CC1,ZLOIGSNUNDZINZ-UHFFFAOYSA-N,1,train
CC(C)Oc1c(C(N)=O)sc2ccc([N+](=O)[O-])cc12,40.0,CC(C)Oc1c(C(N)=O)sc2ccc([N+](=O)[O-])cc12,RMYVKGZYWGFAHC-UHFFFAOYSA-N,0,train
C/C=C/C=C/C=C/C[N+](C)(C)CCCCCCCCCCCCC.[I-],5.63,C/C=C/C=C/C=C/C[N+](C)(C)CCCCCCCCCCCCC,OCWRNGZUNQDZLC-AMPCSRLTSA-N,1,train
CC(C)NS(=O)(=O)c1ccc(OC/C(=C\F)CN)cc1,100.0,CC(C)NS(=O)(=O)c1ccc(OC/C(=C\F)CN)cc1,PBHHQZSGADNWMY-XFFZJAGNSA-N,0,train
CCOC(=O)/C=C/c1c(C(=O)OCC)oc2ccc(O)cc12,32.6,CCOC(=O)/C=C/c1c(C(=O)OCC)oc2ccc(O)cc12,KYHPKDPVUFJOKC-SOFGYWHQSA-N,0,train
Cc1ccc(Sc2ccnc3sc(C(N)=O)cc23)cc1,44.0,Cc1ccc(Sc2ccnc3sc(C(N)=O)cc23)cc1,HCCGGYAWTMIWTN-UHFFFAOYSA-N,0,train
CN1CCN(c2cc(F)c(-c3ccc(C(=O)NCCCN4CCOCC4)cc3)cc2Nc2ncnc(Cl)c2N)CC1,100.0,CN1CCN(c2cc(F)c(-c3ccc(C(=O)NCCCN4CCOCC4)cc3)cc2Nc2ncnc(Cl)c2N)CC1,FWDRJYGPZPFXRZ-UHFFFAOYSA-N,0,train
COc1ccc(C(N)=O)cc1C(=O)Nc1ccc(Cl)cc1,5.5,COc1ccc(C(N)=O)cc1C(=O)Nc1ccc(Cl)cc1,SFSMTPZWCREKGN-UHFFFAOYSA-N,1,train
N#CC1=C(N)Oc2c(ccc3cccnc23)C1c1ccc(Br)cc1,10.0,N#CC1=C(N)Oc2c(ccc3cccnc23)C1c1ccc(Br)cc1,JNKRULSXODTKLX-UHFFFAOYSA-N,1,train
COc1cc2c(Nc3ccc(Br)cc3F)ncnc2cc1OCCC1CCN(C)CC1,3.0,COc1cc2c(Nc3ccc(Br)cc3F)ncnc2cc1OCCC1CCN(C)CC1,OORQGKRPXSYBAR-UHFFFAOYSA-N,1,train
CCOC(=O)C1ON(c2ccccc2)C(c2cc(OC)c(OC)c(OC)c2)C12C(=O)Nc1ccc(F)cc12,29.0,CCOC(=O)C1ON(c2ccccc2)C(c2cc(OC)c(OC)c(OC)c2)C12C(=O)Nc1ccc(F)cc12,VUMWDRBQXVHOES-UHFFFAOYSA-N,0,train
CCOP(=O)(OCC)C(NC(=O)COc1ccc2c(c1O)C(=O)c1ccccc1C2=O)c1ccc(Br)cc1,50.0,CCOP(=O)(OCC)C(NC(=O)COc1ccc2c(c1O)C(=O)c1ccccc1C2=O)c1ccc(Br)cc1,ABZVKOURCAHCGJ-UHFFFAOYSA-N,0,train
COc1ccc(/C=C/c2cc(Nc3cc(OC)c(OC)c(OC)c3)c3c(OC)c(OC)c(OC)cc3n2)cc1OC,7.82,COc1ccc(/C=C/c2cc(Nc3cc(OC)c(OC)c(OC)c3)c3c(OC)c(OC)c(OC)cc3n2)cc1OC,YMHUJXCQPMNXEG-PKNBQFBNSA-N,1,train
C=C[C@]1(C)C=C2[C@@H](O)[C@@H]3OC(=O)[C@@]4(C)CC[C@H]5C[C@]5([C@@H]34)[C@@]2(O)C(=O)C1,2.6,C=C[C@]1(C)C=C2[C@@H](O)[C@@H]3OC(=O)[C@@]4(C)CC[C@H]5C[C@]5([C@@H]34)[C@@]2(O)C(=O)C1,BUKXEXVZJPKXME-KPUXXOKNSA-N,1,train
NC(=O)c1ccc2c(c1)NC(=O)/C2=C(\Nc1ccc(CN2CCCCC2)cc1)c1ccccc1,0.342,NC(=O)c1ccc2c(c1)NC(=O)/C2=C(\Nc1ccc(CN2CCCCC2)cc1)c1ccccc1,XZPCSXAQYZGHKR-QPLCGJKRSA-N,1,train
O=C(CO)Nc1cc2nc3cc(CO)ccc3oc-2cc1=O,5.3,O=C(CO)Nc1cc2nc3cc(CO)ccc3oc-2cc1=O,OQMHQWLKGNKBET-UHFFFAOYSA-N,1,train
Cl.c1ccc(Nc2cc3nc4ccccc4n(-c4ccccc4)c-3c/c2=N/CCN2CCCC2)cc1,1.39,c1ccc(Nc2cc3nc4ccccc4n(-c4ccccc4)c-3c/c2=N/CCN2CCCC2)cc1,DDZAUBOEROFQSG-ZXPTYKNPSA-N,1,train
C=C1CC[C@H]2[C@@H]3CCc4cc(O)c(OCC)cc4[C@H]3CC[C@]12C,0.26,C=C1CC[C@H]2[C@@H]3CCc4cc(O)c(OCC)cc4[C@H]3CC[C@]12C,URFNCMFBCBQWDD-ONFYXGJMSA-N,1,train
CCNS(=O)(=O)c1ccc(OC/C(=C/F)CN)cc1,100.0,CCNS(=O)(=O)c1ccc(OC/C(=C/F)CN)cc1,IIWDSUYELQFEAA-JXMROGBWSA-N,0,train
COc1cc(NS(=O)(=O)c2ccc(C)cc2[N+](=O)[O-])c2ncccc2c1,2.1,COc1cc(NS(=O)(=O)c2ccc(C)cc2[N+](=O)[O-])c2ncccc2c1,RPEDBQBZXNEPMD-UHFFFAOYSA-N,1,train
Clc1cccc(CO/N=C2/C(c3c[nH]c4ccc(Br)cc34)=Nc3ccc(Br)cc32)c1,100.0,Clc1cccc(CO/N=C2/C(c3c[nH]c4ccc(Br)cc34)=Nc3ccc(Br)cc32)c1,SFPYFODWHISBOV-BYNJWEBRSA-N,0,train
COCC1Oc2ccc(-c3oc4cc(O)cc(O)c4c(=O)c3O)cc2OC1c1ccc(O)c(OC)c1,5.3,COCC1Oc2ccc(-c3oc4cc(O)cc(O)c4c(=O)c3O)cc2OC1c1ccc(O)c(OC)c1,URDRLQJCUDHLDA-UHFFFAOYSA-N,1,train
C/C=C/C=C/C(=O)O[C@H]1c2cc3c(cc2[C@@H](c2cc(OC)c(OC)c(OC)c2)[C@H]2C(=O)OC[C@@H]21)OCO3,0.4238,C/C=C/C=C/C(=O)O[C@H]1c2cc3c(cc2[C@@H](c2cc(OC)c(OC)c(OC)c2)[C@H]2C(=O)OC[C@@H]21)OCO3,GOQUTAOXOMXEAM-NGYDNVICSA-N,1,train
Oc1ccc(-c2noc3c2CCc2cc(O)c(O)cc2-3)cc1O,4.2,Oc1ccc(-c2noc3c2CCc2cc(O)c(O)cc2-3)cc1O,OOIMRSUYXKVJGR-UHFFFAOYSA-N,1,train
COc1ccc(Cn2c(=O)n(Cc3ccc(C(=O)Nc4ccccc4N)cc3)c(=O)c3ccccc32)cc1,25.0,COc1ccc(Cn2c(=O)n(Cc3ccc(C(=O)Nc4ccccc4N)cc3)c(=O)c3ccccc32)cc1,IHYMBMWMBGROQG-UHFFFAOYSA-N,0,train
O=C(Nc1cccc(C(=O)c2ccc3c(/C=C/c4ccccc4)n[nH]c3c2)c1)c1ccnc(Cl)c1,0.02,O=C(Nc1cccc(C(=O)c2ccc3c(/C=C/c4ccccc4)n[nH]c3c2)c1)c1ccnc(Cl)c1,WEFBUPGPNQYOKD-FMIVXFBMSA-N,1,train
CN1CCN(c2cc(F)c(-c3ccc(C(=O)NCC4CCOCC4)cc3)cc2Nc2ncnc(Cl)c2N)CC1,100.0,CN1CCN(c2cc(F)c(-c3ccc(C(=O)NCC4CCOCC4)cc3)cc2Nc2ncnc(Cl)c2N)CC1,DBTFGUYEOYZWKT-UHFFFAOYSA-N,0,train
Cc1nc(-c2ccccn2)nc(NCCc2ccccc2)c1Cl,11.0,Cc1nc(-c2ccccn2)nc(NCCc2ccccc2)c1Cl,HIUOABSWQSUEGK-UHFFFAOYSA-N,0,train
Cc1cccc2cc(/C=C/C(=O)c3ccc(I)s3)c(Cl)nc12,0.28357,Cc1cccc2cc(/C=C/C(=O)c3ccc(I)s3)c(Cl)nc12,CYSTYXVRTBCXCN-AATRIKPKSA-N,1,train
COc1cc(OC)c(-c2coc3cc(OCC(=O)c4cccc(C(F)(F)F)c4)ccc3c2=O)cc1OC,10.0,COc1cc(OC)c(-c2coc3cc(OCC(=O)c4cccc(C(F)(F)F)c4)ccc3c2=O)cc1OC,UGWGZSCCEMGTCU-UHFFFAOYSA-N,1,train
Cl.NC1CCc2c(c3cc(OCCc4ccc(O)cc4)ccc3n2CCCCCc2ccccc2)C1,1.38,NC1CCc2c(c3cc(OCCc4ccc(O)cc4)ccc3n2CCCCCc2ccccc2)C1,PGZRUXOTUOXUCU-UHFFFAOYSA-N,1,train
CC(=N)NCCCC[C@H](N)C(=O)O,2.4,CC(=N)NCCCC[C@H](N)C(=O)O,ONYFNWIHJBLQKE-ZETCQYMHSA-N,1,train
O=C(NC1CCC1)c1ccccc1Sc1ccc2c(/C=C/c3ccccn3)n[nH]c2c1,0.0063,O=C(NC1CCC1)c1ccccc1Sc1ccc2c(/C=C/c3ccccn3)n[nH]c2c1,YGSADYOQKXJXSV-SDNWHVSQSA-N,1,train
COc1cc2nccc(Oc3ccc4c(NC(=O)c5ccc(Cl)cc5)nn(C)c4c3)c2cc1OC,0.061,COc1cc2nccc(Oc3ccc4c(NC(=O)c5ccc(Cl)cc5)nn(C)c4c3)c2cc1OC,WBDUDLHFPDBXDA-UHFFFAOYSA-N,1,train
Nc1ccccc1NC(=O)c1ccc(Cc2coc3ccccc3c2=O)cc1,9.0,Nc1ccccc1NC(=O)c1ccc(Cc2coc3ccccc3c2=O)cc1,ZMOWVIWTVNRRBC-UHFFFAOYSA-N,1,train
O=C(NCc1ccccc1)[C@@]1(O)CCN(c2ccccc2)C1=O,8.9,O=C(NCc1ccccc1)[C@@]1(O)CCN(c2ccccc2)C1=O,GAVKGXIVIGVSBC-SFHVURJKSA-N,1,train
Cl.c1ccc(-n2c3c/c(=N/CCCCC45CCCCN4CCCC5)c(Nc4cccnc4)cc-3nc3ccccc32)cc1,3.89,c1ccc(-n2c3c/c(=N/CCCCC45CCCCN4CCCC5)c(Nc4cccnc4)cc-3nc3ccccc32)cc1,COPWAEZGZMPZRB-NXKIGICWSA-N,1,train
O=C(O)Cc1c(C(=O)c2cc3c(cn2)CCCC3)[nH]c2cc(Cl)ccc12,0.0192,O=C(O)Cc1c(C(=O)c2cc3c(cn2)CCCC3)[nH]c2cc(Cl)ccc12,CKTUGDQFDNCZCX-UHFFFAOYSA-N,1,train
COc1ccc(CSc2ncccc2C(=O)Nc2ccc(Cl)cc2)cc1,2.0,COc1ccc(CSc2ncccc2C(=O)Nc2ccc(Cl)cc2)cc1,GINAFPFCLVOBDI-UHFFFAOYSA-N,1,train
Cn1cc(-c2ccccc2)nc1CNc1ccnc2cc(Cl)ccc12,17.515,Cn1cc(-c2ccccc2)nc1CNc1ccnc2cc(Cl)ccc12,ARFFWXGCKIAFCN-UHFFFAOYSA-N,0,train
COc1ccc(-c2nc3c4cc(-c5ccc(OC)cc5)oc4ccn3n2)cc1,22.61,COc1ccc(-c2nc3c4cc(-c5ccc(OC)cc5)oc4ccn3n2)cc1,YECGRAQTLVCPOP-UHFFFAOYSA-N,0,train
CCOP(=O)(OCC)C(NC(=O)c1cc(O)c2c(c1)C(=O)c1cccc(O)c1C2=O)c1ccc2ccccc2c1,100.0,CCOP(=O)(OCC)C(NC(=O)c1cc(O)c2c(c1)C(=O)c1cccc(O)c1C2=O)c1ccc2ccccc2c1,IUOGATBTMQZXQZ-UHFFFAOYSA-N,0,train
O=C(Nc1ccc2oc(-c3ccccc3)nc2c1)c1ccc(Br)c(F)c1,45.76,O=C(Nc1ccc2oc(-c3ccccc3)nc2c1)c1ccc(Br)c(F)c1,WIOSMWXTYGMZPY-UHFFFAOYSA-N,0,train
C/C(=N\OCC(C)C)c1ccc2[nH]c3c4c(c5c(c3c2c1)CNC5=O)-c1cn(C)nc1CC4,0.004,C/C(=N\OCC(C)C)c1ccc2[nH]c3c4c(c5c(c3c2c1)CNC5=O)-c1cn(C)nc1CC4,TWTGVJCQGBDNIT-AMVVHIIESA-N,1,train
CC(C)[C@@H]1OC(=O)[C@@H](Cc2ccccc2)N(C)C(=O)[C@H](C(C)C)OC(=O)[C@@H](Cc2ccccc2)N(C)C(=O)[C@H](C(C)C)OC(=O)[C@@H](Cc2ccccc2)N(C)C1=O,7.5,CC(C)[C@@H]1OC(=O)[C@@H](Cc2ccccc2)N(C)C(=O)[C@H](C(C)C)OC(=O)[C@@H](Cc2ccccc2)N(C)C(=O)[C@H](C(C)C)OC(=O)[C@@H](Cc2ccccc2)N(C)C1=O,GYSCAQFHASJXRS-WXWJZEDASA-N,1,train
Cc1cc(C)cc(NC(=O)c2cccnc2SCc2ccnc(N)c2)c1,0.0058,Cc1cc(C)cc(NC(=O)c2cccnc2SCc2ccnc(N)c2)c1,OQUFIAIDSYNHJN-UHFFFAOYSA-N,1,train
CCCCCCCc1ccc(B(O)O)cc1,0.32,CCCCCCCc1ccc(B(O)O)cc1,RFBUNLZEBLXJKX-UHFFFAOYSA-N,1,train
CCc1ccc2nc(N(Cc3cn(CCN4CCCC4)nn3)c3ccc(OC)c(OC)c3)sc2c1,2.36,CCc1ccc2nc(N(Cc3cn(CCN4CCCC4)nn3)c3ccc(OC)c(OC)c3)sc2c1,OFPFLHFOYCBPIJ-UHFFFAOYSA-N,1,train
COc1cccc(Cn2c(C)c(C)[n+](Cc3ccccc3)c2C)c1.[Cl-],100.0,COc1cccc(Cn2c(C)c(C)[n+](Cc3ccccc3)c2C)c1,YHQBLXWXRJJJLU-UHFFFAOYSA-N,0,train
Cc1c(OCCCN2CCOCC2)cn2ncnc(Oc3ccc(NC(=O)C4(C(=O)Nc5ccc(F)cc5)CC4)cc3F)c12,0.0954,Cc1c(OCCCN2CCOCC2)cn2ncnc(Oc3ccc(NC(=O)C4(C(=O)Nc5ccc(F)cc5)CC4)cc3F)c12,OEZOMMSDHODKOJ-UHFFFAOYSA-N,1,train
COC(=O)C1CN(c2nc(=O)c3cc(C(F)(F)F)cc([N+](=O)[O-])c3s2)CCC12OC[C@H](C)O2,16.0,COC(=O)C1CN(c2nc(=O)c3cc(C(F)(F)F)cc([N+](=O)[O-])c3s2)CCC12OC[C@H](C)O2,TUHYXNFWDMPTTO-ZSZQOMGBSA-N,0,train
C=C(C(C)=O)[C@@H]1C[C@H]2[C@@](C)(CC[C@@]3(O)C(C)(C)CCC(=O)[C@]23C)O1,10.0,C=C(C(C)=O)[C@@H]1C[C@H]2[C@@](C)(CC[C@@]3(O)C(C)(C)CCC(=O)[C@]23C)O1,HLTOESXUEDCAHW-WOCWYEKDSA-N,1,train
CC(C)CCC[C@@H](C)[C@H]1CC[C@H]2[C@@H]3CC[C@H]4C[C@@H](OCc5cn([C@@H]6O[C@H](COS(=O)(=O)[O-])[C@@H](O[C@@H]7O[C@H](COS(=O)(=O)[O-])[C@H](OS(=O)(=O)[O-])[C@H](OS(=O)(=O)[O-])[C@H]7OS(=O)(=O)[O-])[C@H](OS(=O)(=O)[O-])[C@H]6OS(=O)(=O)[O-])nn5)CC[C@]4(C)[C@H]3CC[C@]12C.[Na+].[Na+].[Na+].[Na+].[Na+].[Na+].[Na+],2.43,CC(C)CCC[C@@H](C)[C@H]1CC[C@H]2[C@@H]3CC[C@H]4C[C@@H](OCc5cn([C@@H]6O[C@H](COS(=O)(=O)O)[C@@H](O[C@@H]7O[C@H](COS(=O)(=O)O)[C@H](OS(=O)(=O)O)[C@H](OS(=O)(=O)O)[C@H]7OS(=O)(=O)O)[C@H](OS(=O)(=O)O)[C@H]6OS(=O)(=O)O)nn5)CC[C@]4(C)[C@H]3CC[C@]12C,SJTQHYMLYPZEID-ROJFQUBMSA-N,1,train
COc1cc2ncnc(Oc3ccc4oc(Nc5ccc(Cl)c(OC[C@@H]6CCCN6C)c5)nc4c3)c2cc1OC,0.006,COc1cc2ncnc(Oc3ccc4oc(Nc5ccc(Cl)c(OC[C@@H]6CCCN6C)c5)nc4c3)c2cc1OC,LKRNZKIENIKMKS-SFHVURJKSA-N,1,train
Cc1cccc(C(=O)Nc2cnc3ccccc3c2)c1Br,0.0116,Cc1cccc(C(=O)Nc2cnc3ccccc3c2)c1Br,PAKLWFKSVFEBPB-UHFFFAOYSA-N,1,train
CC(CN(C)C)Nc1c2ccccc2[n+](C)c2c1[nH]c1ccccc12.[Cl-],0.617,CC(CN(C)C)Nc1c2ccccc2[n+](C)c2c1[nH]c1ccccc12,ZUPYJOSFWLHERQ-UHFFFAOYSA-O,1,train
COc1cc2nccc(Oc3ccc4c(c3)OCCN4C(=O)Nc3ccc(F)cc3)c2cc1OC,0.002,COc1cc2nccc(Oc3ccc4c(c3)OCCN4C(=O)Nc3ccc(F)cc3)c2cc1OC,CXDZGSNFZYGQSZ-UHFFFAOYSA-N,1,train
CC(=O)Nc1nc2c(s1)-c1ccccc1CC2,10.0,CC(=O)Nc1nc2c(s1)-c1ccccc1CC2,ZJFDVGCZOBGYDP-UHFFFAOYSA-N,1,train
Cn1ncc2c(Oc3ccc4oc(Nc5ccc(OC(F)(F)F)cc5)nc4c3)ncnc21,61.62,Cn1ncc2c(Oc3ccc4oc(Nc5ccc(OC(F)(F)F)cc5)nc4c3)ncnc21,QKQYUQJWCIJLAN-UHFFFAOYSA-N,0,train
COc1ccc(N2Cc3cnc(Nc4ccc(F)cc4)nc3N([C@@H]3CC[C@@H](O)C3)C2=O)cc1,0.035,COc1ccc(N2Cc3cnc(Nc4ccc(F)cc4)nc3N([C@@H]3CC[C@@H](O)C3)C2=O)cc1,KXEMINRANVTICS-WOJBJXKFSA-N,1,train
Nc1ccccc1NC(=O)c1ccc(CNC(=O)OCc2cccnc2)cc1,6.0,Nc1ccccc1NC(=O)c1ccc(CNC(=O)OCc2cccnc2)cc1,INVTYAOGFAGBOE-UHFFFAOYSA-N,1,train
COc1cc([C@@H]2c3cc4c(cc3[C@@H](Nc3ccc5[nH]ncc5c3)[C@H]3COC(=O)[C@H]23)OCO4)cc(OC)c1OC,81.8,COc1cc([C@@H]2c3cc4c(cc3[C@@H](Nc3ccc5[nH]ncc5c3)[C@H]3COC(=O)[C@H]23)OCO4)cc(OC)c1OC,AUUVOEBQGAGZHB-DWJNZRAMSA-N,0,train
CCC(Nc1cccc(OC)c1)=C1C(=O)CC(c2ccccc2)CC1=O,18.0,CCC(Nc1cccc(OC)c1)=C1C(=O)CC(c2ccccc2)CC1=O,LVBYRYIRDAMADH-UHFFFAOYSA-N,0,train
CC(C)c1ccc2c(c1)CC[C@H]1[C@](C)(C/N=C/c3c[nH]cn3)CCC[C@]21C,26.0,CC(C)c1ccc2c(c1)CC[C@H]1[C@](C)(C/N=C/c3c[nH]cn3)CCC[C@]21C,LEOIMNDLJHJMIB-VQNZLZDDSA-N,0,train
COC(=O)c1[nH]c2ccc(OC)cc2c1Cc1cc(O)c(OC)c(OC)c1,0.17,COC(=O)c1[nH]c2ccc(OC)cc2c1Cc1cc(O)c(OC)c(OC)c1,LOZMIQDTBHODLQ-UHFFFAOYSA-N,1,train
Cc1cc(C(=O)NCCO)ncc1-c1cc(C(F)(F)F)cc2[nH]ncc12,0.77,Cc1cc(C(=O)NCCO)ncc1-c1cc(C(F)(F)F)cc2[nH]ncc12,ZIWPWJYKIWRJHS-UHFFFAOYSA-N,1,train
CCN(CC)CC(=O)Nc1ccc(Nc2nc(-c3ccc(O)cc3)cc(-c3ccc(OC)cc3)n2)cc1,22.0,CCN(CC)CC(=O)Nc1ccc(Nc2nc(-c3ccc(O)cc3)cc(-c3ccc(OC)cc3)n2)cc1,LRZMTKVPLMJYNL-UHFFFAOYSA-N,0,train
CCCCCCCCCCCCCCCCOP(=O)([O-])OCCC[N+](C)(C)C,100.0,CCCCCCCCCCCCCCCCOP(=O)([O-])OCCC[N+](C)(C)C,WIWXVPHATMUPGK-UHFFFAOYSA-N,0,train
CC(C)c1c(-c2nnc(OCC3CCNCC3)o2)cn2ncnc(Nc3cc(C(=O)NC4CC4)c(F)cc3F)c12,0.025,CC(C)c1c(-c2nnc(OCC3CCNCC3)o2)cn2ncnc(Nc3cc(C(=O)NC4CC4)c(F)cc3F)c12,OQLQJPJMZFAIDU-UHFFFAOYSA-N,1,train
COc1ccc(-c2oc3ncnc(N)c3c2-c2ccc(NC(=O)Nc3cc(C(F)(F)F)ccc3F)cc2)cc1,0.045,COc1ccc(-c2oc3ncnc(N)c3c2-c2ccc(NC(=O)Nc3cc(C(F)(F)F)ccc3F)cc2)cc1,FGZIONRFHVNRJB-UHFFFAOYSA-N,1,train
Cc1ccccc1Nc1nc2cc(Oc3ncnc4c3cnn4C)ccc2[nH]1,100.0,Cc1ccccc1Nc1nc2cc(Oc3ncnc4c3cnn4C)ccc2[nH]1,XQFVRHVXLTULHM-UHFFFAOYSA-N,0,train
Cc1ccnc(-c2c[nH]nn2)c1,30.0,Cc1ccnc(-c2c[nH]nn2)c1,LDEOQWIISALMBW-UHFFFAOYSA-N,0,train
COc1ccc2nccc(CCN3CCC(NCc4cc(F)c(Br)cc4F)CC3)c2n1,32.85,COc1ccc2nccc(CCN3CCC(NCc4cc(F)c(Br)cc4F)CC3)c2n1,FKYJTRSZYAUQIF-UHFFFAOYSA-N,0,train
CCCC[Te](Cl)(Cl)c1ccccc1[C@@H](C)OC,20300.0,CCCC[Te](Cl)(Cl)c1ccccc1[C@@H](C)OC,LTHFOAIQCMDGKN-LLVKDONJSA-N,0,train
Cc1c(F)c(N)cc(C(=O)Nc2cc(-c3ccc(NC(=O)C4CCOCC4)cc3)ccc2N2CCN(C)CC2)c1Cl,100.0,Cc1c(F)c(N)cc(C(=O)Nc2cc(-c3ccc(NC(=O)C4CCOCC4)cc3)ccc2N2CCN(C)CC2)c1Cl,ISZJFLIDMRJLNB-UHFFFAOYSA-N,0,train
COc1cc(C(=O)NCCO)ccc1-c1cc(C(F)(F)F)cc2[nH]ncc12,0.037,COc1cc(C(=O)NCCO)ccc1-c1cc(C(F)(F)F)cc2[nH]ncc12,MQBAPASGXUTVKD-UHFFFAOYSA-N,1,train
O=C(CCCCCCNc1nc2ccccc2nc1-c1nc2ccccc2o1)NO,19.13,O=C(CCCCCCNc1nc2ccccc2nc1-c1nc2ccccc2o1)NO,UPTYYNWPPBPUMA-UHFFFAOYSA-N,0,train
Cc1nc2c([nH]1)C(=O)/C(=N/c1cccc(Cl)c1Cl)C(Cl)=C2O,0.3,Cc1nc2c([nH]1)C(=O)/C(=N/c1cccc(Cl)c1Cl)C(Cl)=C2O,JFBCQBJIKFLWFB-KEBDBYFISA-N,1,train
COc1ccc(/C=C\c2cc(OC)c(OC)c(OC)c2)cc1NC(=O)Nc1ccc(F)cc1,1.4,COc1ccc(/C=C\c2cc(OC)c(OC)c(OC)c2)cc1NC(=O)Nc1ccc(F)cc1,JQUFARVXRJFSAA-WAYWQWQTSA-N,1,train
CO[C@@H]1O[C@H](C(=O)O)[C@@H](O)[C@H](O)[C@H]1OCCCC(=O)O[C@@H](C(=O)O[C@H]1C[C@@]2(O)[C@@H](OC(=O)c3ccccc3)[C@@H]3[C@]4(OC(C)=O)CO[C@@H]4C[C@H](O)[C@@]3(C)C(=O)[C@H](OC(C)=O)C(=C1C)C2(C)C)[C@@H](NC(=O)c1ccccc1)c1ccccc1,44.0,CO[C@@H]1O[C@H](C(=O)O)[C@@H](O)[C@H](O)[C@H]1OCCCC(=O)O[C@@H](C(=O)O[C@H]1C[C@@]2(O)[C@@H](OC(=O)c3ccccc3)[C@@H]3[C@]4(OC(C)=O)CO[C@@H]4C[C@H](O)[C@@]3(C)C(=O)[C@H](OC(C)=O)C(=C1C)C2(C)C)[C@@H](NC(=O)c1ccccc1)c1ccccc1,SCPPXMJDYPQIKG-NTRXMBNOSA-N,0,train
Cc1ccc(-c2cc(Cl)c3ccccc3n2)cc1,94.6,Cc1ccc(-c2cc(Cl)c3ccccc3n2)cc1,PTDZYJPNFDIGTA-UHFFFAOYSA-N,0,train
COc1ccc(C(N)=O)cc1/C=C/c1ccc([N+](=O)[O-])cc1,4.7,COc1ccc(C(N)=O)cc1/C=C/c1ccc([N+](=O)[O-])cc1,MXKXBRWUQUOJQB-GORDUTHDSA-N,1,train
C[C@]12CC[C@H](O)CC1=CC[C@@H]1[C@@H]2CC[C@]2(C)C(c3ccc4[nH]ccc4c3)=CC[C@@H]12,0.59,C[C@]12CC[C@H](O)CC1=CC[C@@H]1[C@@H]2CC[C@]2(C)C(c3ccc4[nH]ccc4c3)=CC[C@@H]12,KOUMQKFDSXPGRZ-MSFOBWSXSA-N,1,train
Cc1ccc(NC(=O)c2cccc3cc(Oc4ccnc(Nc5cccc(CS(C)(=O)=O)c5)n4)ccc23)cc1,0.0019,Cc1ccc(NC(=O)c2cccc3cc(Oc4ccnc(Nc5cccc(CS(C)(=O)=O)c5)n4)ccc23)cc1,CKOUJRLNMMGINM-UHFFFAOYSA-N,1,train
OC(CNc1ccccc1)COc1ccc(C2=Cc3ccc(OCC(O)CNc4ccccc4)cc3OC2)cc1,8.3,OC(CNc1ccccc1)COc1ccc(C2=Cc3ccc(OCC(O)CNc4ccccc4)cc3OC2)cc1,QERZVVVDMCVCGV-UHFFFAOYSA-N,1,train
Cc1ccc(NC(=O)Nc2ccc(-c3ccnc4[nH]ccc34)cc2)cc1,50.0,Cc1ccc(NC(=O)Nc2ccc(-c3ccnc4[nH]ccc34)cc2)cc1,WZYKMBAGBXOYNC-UHFFFAOYSA-N,0,train
COC(=O)c1cc2cc(NCc3cc(NC(=O)c4ccnc(C)c4)ccc3C)cnc2[nH]1,0.986,COC(=O)c1cc2cc(NCc3cc(NC(=O)c4ccnc(C)c4)ccc3C)cnc2[nH]1,ATPCLUWFXFPEAP-UHFFFAOYSA-N,1,train
O=C1NC(=O)/C(=C\c2ccc(OCC(=O)N3N=C(c4ccccc4)CC3c3ccc(C(F)(F)F)cc3)cc2)S1,10.0,O=C1NC(=O)/C(=C\c2ccc(OCC(=O)N3N=C(c4ccccc4)CC3c3ccc(C(F)(F)F)cc3)cc2)S1,WTOASWGWURGURO-ZVHZXABRSA-N,1,train
COc1cc2c(cc1F)C(c1ccccc1Cl)=Nc1c(n[nH]c1C)N2,0.049,COc1cc2c(cc1F)C(c1ccccc1Cl)=Nc1c(n[nH]c1C)N2,UOVCGJXDGOGOCZ-UHFFFAOYSA-N,1,train
COc1ccc(CCc2cccc(NC(=O)Nc3cccc(Cl)c3)c2)cc1,50.0,COc1ccc(CCc2cccc(NC(=O)Nc3cccc(Cl)c3)c2)cc1,BOKXCVANLRHTQS-UHFFFAOYSA-N,0,train
CN(c1cccc(NC(=O)c2ccc(C(C)(C)C)c(O)c2)c1)c1ccc2c(/C=C/c3ccc4c(c3)OCO4)n[nH]c2c1,0.03,CN(c1cccc(NC(=O)c2ccc(C(C)(C)C)c(O)c2)c1)c1ccc2c(/C=C/c3ccc4c(c3)OCO4)n[nH]c2c1,ICBVHSLBXKKAGZ-RIYZIHGNSA-N,1,train
Cc1ccccc1CC(=O)Nc1ccc(-c2ccnc3[nH]ccc23)cc1,50.0,Cc1ccccc1CC(=O)Nc1ccc(-c2ccnc3[nH]ccc23)cc1,XNKKKZPXXYAQNQ-UHFFFAOYSA-N,0,train
CC(Nc1c(F)cccc1F)=C1C(=O)CC(c2ccccc2)CC1=O,6.6,CC(Nc1c(F)cccc1F)=C1C(=O)CC(c2ccccc2)CC1=O,UOLAXQRVZKTTMY-UHFFFAOYSA-N,1,train
COc1ccc(NC(=O)[C@]23CC[C@@H](C)[C@H](C)[C@H]2C2=CC(=O)[C@@H]4[C@@]5(C)C[C@@H](O)[C@H](O)[C@@](C)(CO)[C@@H]5CC[C@@]4(C)[C@]2(C)CC3)cc1,100.0,COc1ccc(NC(=O)[C@]23CC[C@@H](C)[C@H](C)[C@H]2C2=CC(=O)[C@@H]4[C@@]5(C)C[C@@H](O)[C@H](O)[C@@](C)(CO)[C@@H]5CC[C@@]4(C)[C@]2(C)CC3)cc1,QEHRIIBOKKSDQX-ZKYBHVDOSA-N,0,train
CS(=O)(=O)Cc1ccc(Nc2nccc(Oc3ccc4c(C(=O)Nc5ccccc5)cccc4c3)n2)cc1,0.0016,CS(=O)(=O)Cc1ccc(Nc2nccc(Oc3ccc4c(C(=O)Nc5ccccc5)cccc4c3)n2)cc1,BIONODWWNGDUBV-UHFFFAOYSA-N,1,train
COc1cc(O)c(CC=C(C)C)c(O)c1C(=O)/C=C/c1ccc(O)cc1,11.4,COc1cc(O)c(CC=C(C)C)c(O)c1C(=O)/C=C/c1ccc(O)cc1,ORXQGKIUCDPEAJ-YRNVUSSQSA-N,0,train
Oc1ccc(CNC2(c3ccccc3F)CCCC2)cc1CN1CCN(c2ccccc2)CC1,100.0,Oc1ccc(CNC2(c3ccccc3F)CCCC2)cc1CN1CCN(c2ccccc2)CC1,IBCLYUBNEYZHQF-UHFFFAOYSA-N,0,train
COc1cc(Nc2nc(C)nc(Nc3ccccc3NC(C)=O)n2)cc(OC)c1OC,18.8,COc1cc(Nc2nc(C)nc(Nc3ccccc3NC(C)=O)n2)cc(OC)c1OC,IHQVJMLPBAVNCA-UHFFFAOYSA-N,0,train
CC(=O)c1cccc(C(=O)Nc2cccc(N(C)c3ccc4c(/C=C/c5ccc6c(c5)OCO6)n[nH]c4c3)c2)c1,0.0049,CC(=O)c1cccc(C(=O)Nc2cccc(N(C)c3ccc4c(/C=C/c5ccc6c(c5)OCO6)n[nH]c4c3)c2)c1,STXDGPXGKWFUMF-UKTHLTGXSA-N,1,train
CCc1cc2c(Sc3ccc(C)cc3)ncnc2s1,85.0,CCc1cc2c(Sc3ccc(C)cc3)ncnc2s1,GXTORMHOCIKRJE-UHFFFAOYSA-N,0,train
CC(Nc1ccccc1Oc1ccc(C(C)O)cc1)=C1C(=O)CC(c2ccccc2)CC1=O,0.14,CC(Nc1ccccc1Oc1ccc(C(C)O)cc1)=C1C(=O)CC(c2ccccc2)CC1=O,RHNIEYPBNVZJMF-UHFFFAOYSA-N,1,train
Nc1nc2c(s1)CCOc1cc3c(cc1-2)OCO3,5.1,Nc1nc2c(s1)CCOc1cc3c(cc1-2)OCO3,GGVOUROCVHWVPU-UHFFFAOYSA-N,1,train
O=C(Nc1ccc(C(F)(F)F)cc1)c1cccnc1SCc1ccncc1,0.048,O=C(Nc1ccc(C(F)(F)F)cc1)c1cccnc1SCc1ccncc1,UIIIWTVGUDSXKO-UHFFFAOYSA-N,1,train
c1ccc2c(-c3nc4c(N5CCOCC5)cccc4[nH]3)[nH]nc2c1,10.0,c1ccc2c(-c3nc4c(N5CCOCC5)cccc4[nH]3)[nH]nc2c1,RADDUEWPZUIFNK-UHFFFAOYSA-N,1,train
COc1ccc2c(N(C)c3cc(OC)c(OC)c(OC)c3)n[nH]c2n1,23.5,COc1ccc2c(N(C)c3cc(OC)c(OC)c(OC)c3)n[nH]c2n1,XQADMFBLCRWMAD-UHFFFAOYSA-N,0,train
Cc1ccc(NC(=O)Cn2cc(-c3ccc4c(NC(=O)c5ccc(NC(=O)CCCCC(=O)N6CCN(CCCCC(=O)N[C@H](C(=O)N7C[C@H](O)C[C@H]7C(=O)NCc7ccc(-c8scnc8C)cc7)C(C)(C)C)CC6)cc5)n[nH]c4c3)cn2)cc1C(F)(F)F,9.36,Cc1ccc(NC(=O)Cn2cc(-c3ccc4c(NC(=O)c5ccc(NC(=O)CCCCC(=O)N6CCN(CCCCC(=O)N[C@H](C(=O)N7C[C@H](O)C[C@H]7C(=O)NCc7ccc(-c8scnc8C)cc7)C(C)(C)C)CC6)cc5)n[nH]c4c3)cn2)cc1C(F)(F)F,CYKIHYPQZUDKDD-PZCJAATJSA-N,1,train
O=C1/C(=C/c2ccc(Cl)cc2)Oc2ccc(O)cc21,7.93,O=C1/C(=C/c2ccc(Cl)cc2)Oc2ccc(O)cc21,WDLVCWUKBMNYQK-AUWJEWJLSA-N,1,train
Cc1cc(C)cc(NC(=O)c2cccnc2SCc2ccnc(C#N)c2)c1,0.0035,Cc1cc(C)cc(NC(=O)c2cccnc2SCc2ccnc(C#N)c2)c1,AJFACIYEQRHMTQ-UHFFFAOYSA-N,1,train
CC(C(N)=O)c1ccccc1CCc1nc(Nc2cnn(C3CCN(C)CC3)c2)ncc1Cl,0.138,CC(C(N)=O)c1ccccc1CCc1nc(Nc2cnn(C3CCN(C)CC3)c2)ncc1Cl,FUTJVLYPEWQFEG-UHFFFAOYSA-N,1,train
O=c1oc2cc(O)ccc2c(Oc2ccc(OCCN3CCCCC3)cc2)c1-c1ccc(F)cc1,15.73,O=c1oc2cc(O)ccc2c(Oc2ccc(OCCN3CCCCC3)cc2)c1-c1ccc(F)cc1,JKQXYSDMUVPSKW-UHFFFAOYSA-N,0,train
CCOP(=O)(OCC)C(NC(=O)c1cc(O)c2c(c1)C(=O)c1cccc(O)c1C2=O)c1ccc(OC)cc1,100.0,CCOP(=O)(OCC)C(NC(=O)c1cc(O)c2c(c1)C(=O)c1cccc(O)c1C2=O)c1ccc(OC)cc1,CIJMVATYTCDVKO-UHFFFAOYSA-N,0,train
C[n+]1c(/C=C/c2cc3ccccc3[nH]2)cc(/C=C2\Sc3ccccc3N2CCCN2CCCCC2)c2ccccc21.[I-],9.4,C[n+]1c(/C=C/c2cc3ccccc3[nH]2)cc(/C=C2\Sc3ccccc3N2CCCN2CCCCC2)c2ccccc21,DVVBPFBXGDEARU-QYVLQNAGSA-O,1,train
COc1cccc(-c2cnn[nH]2)c1,2.0,COc1cccc(-c2cnn[nH]2)c1,WJIRLEBFOIWONX-UHFFFAOYSA-N,1,train
Cc1ccc(NC(=O)c2cccnc2SCc2ccncc2)cc1C,0.022,Cc1ccc(NC(=O)c2cccnc2SCc2ccncc2)cc1C,ORJUVSDYYBDLEX-UHFFFAOYSA-N,1,train
CCOC(=O)CNC(=O)C(=O)C(COCc1ccccc1)NC(=O)[C@H](CC1CCCCC1)NC(=O)c1ccc(C(=O)OC)c(NC(=O)OC(C)(C)C)c1,47.0,CCOC(=O)CNC(=O)C(=O)C(COCc1ccccc1)NC(=O)[C@H](CC1CCCCC1)NC(=O)c1ccc(C(=O)OC)c(NC(=O)OC(C)(C)C)c1,AWPXOFDUYLKZDO-UFXYQILXSA-N,0,train
CCOP(=O)(CCOCCn1cc(CN2C(=O)c3cccc4c(Br)ccc(c34)C2=O)nn1)OCC,250.0,CCOP(=O)(CCOCCn1cc(CN2C(=O)c3cccc4c(Br)ccc(c34)C2=O)nn1)OCC,XNBUBMNCOUDYTM-UHFFFAOYSA-N,0,train
Nc1nc2cc(-c3nn(CCCC(=O)OCCO[N+](=O)[O-])c4ncnc(N)c34)ccc2o1,10.0,Nc1nc2cc(-c3nn(CCCC(=O)OCCO[N+](=O)[O-])c4ncnc(N)c34)ccc2o1,GVQASSPRFDGJEM-UHFFFAOYSA-N,1,train
CC(C)=C/C=C/C(C)=C/C=C/C(C)=C1/CC[C@H]2CC3(CC[C@]12C)OCCO3,8.8,CC(C)=C/C=C/C(C)=C/C=C/C(C)=C1/CC[C@H]2CC3(CC[C@]12C)OCCO3,OCEKTERSTDTPPR-JFQTWHJWSA-N,1,train
Nc1nc2[nH]c(CCNC(=O)c3ccc(C(=O)NCc4ccncc4)cc3)cc2c(=O)[nH]1,8.83,Nc1nc2[nH]c(CCNC(=O)c3ccc(C(=O)NCc4ccncc4)cc3)cc2c(=O)[nH]1,ZPSXAGDNGSNYOS-UHFFFAOYSA-N,1,train
COc1ccc2c(c1)C(=O)c1c-2n(-c2ccc(OCCCN3CCCC3)cc2)c(=O)c2cc(OC)ccc12,5.1,COc1ccc2c(c1)C(=O)c1c-2n(-c2ccc(OCCCN3CCCC3)cc2)c(=O)c2cc(OC)ccc12,KJPGKQRIVKZTSQ-UHFFFAOYSA-N,1,train
Oc1ccc(-c2noc3c2CCc2cc(O)ccc2-3)cc1,6.7,Oc1ccc(-c2noc3c2CCc2cc(O)ccc2-3)cc1,YGDCKAUPZLEQSE-UHFFFAOYSA-N,1,train
CCCCCCCC/C=C/N(NC(=O)COC)C(=O)OC(C)(C)C,49.9,CCCCCCCC/C=C/N(NC(=O)COC)C(=O)OC(C)(C)C,PVECIIGMPHSGNZ-BUHFOSPRSA-N,0,train
CC(=O)N[C@@H](CCCCN)C(=O)N(CCC(=O)N[C@@H](CCCCNC(=N)N)C(=O)N(CCC(=O)N[C@@H](CCCCN)C(=O)N(CCC(=O)N[C@@H](CCCCNC(=N)N)C(=O)N(CCC(=O)N[C@@H](CCCCN)C(=O)N(CCC(=O)N[C@@H](CCCCNC(=N)N)C(=O)N(CCC(=O)N[C@@H](CCCCN)C(=O)N(CCC(N)=O)Cc1ccccc1)Cc1ccccc1)Cc1ccccc1)Cc1ccccc1)Cc1ccccc1)Cc1ccccc1)Cc1ccccc1,458.0,CC(=O)N[C@@H](CCCCN)C(=O)N(CCC(=O)N[C@@H](CCCCNC(=N)N)C(=O)N(CCC(=O)N[C@@H](CCCCN)C(=O)N(CCC(=O)N[C@@H](CCCCNC(=N)N)C(=O)N(CCC(=O)N[C@@H](CCCCN)C(=O)N(CCC(=O)N[C@@H](CCCCNC(=N)N)C(=O)N(CCC(=O)N[C@@H](CCCCN)C(=O)N(CCC(N)=O)Cc1ccccc1)Cc1ccccc1)Cc1ccccc1)Cc1ccccc1)Cc1ccccc1)Cc1ccccc1)Cc1ccccc1,YGOISUHKYUOCMO-IAQNRLOOSA-N,0,train
C=C1C(=O)Oc2ccc3ccccc3c2C1C(C)C,4.03,C=C1C(=O)Oc2ccc3ccccc3c2C1C(C)C,FJIVOWIQAHKNEE-UHFFFAOYSA-N,1,train
COc1cc(C2Oc3cc(-c4oc5cc(O)cc(O)c5c(=O)c4OC(=O)c4cc(O)c(O)c(O)c4)ccc3OC2CO)ccc1O,11.7,COc1cc(C2Oc3cc(-c4oc5cc(O)cc(O)c5c(=O)c4OC(=O)c4cc(O)c(O)c(O)c4)ccc3OC2CO)ccc1O,LFAPLSIUDCVIRA-UHFFFAOYSA-N,0,train
CN1N=C2c3ccccc3OC(c3ccccc3)C2C1c1ccc(Br)cc1,184.0,CN1N=C2c3ccccc3OC(c3ccccc3)C2C1c1ccc(Br)cc1,ZWMJACAHTSXEKX-UHFFFAOYSA-N,0,train
COc1cc([C@@H]2c3cc4c(cc3[C@@H](c3nc5cc(C)ccc5o3)[C@H]3COC(=O)[C@H]23)OCO4)cc(OC)c1O,12.6,COc1cc([C@@H]2c3cc4c(cc3[C@@H](c3nc5cc(C)ccc5o3)[C@H]3COC(=O)[C@H]23)OCO4)cc(OC)c1O,LCYBVAMUVOSPCO-OMXCYLSJSA-N,0,train
CCN(CC)CCCOc1ccc(-n2c3c(c4ccc(OC)cc4c2=O)C(=O)c2cc(OC)ccc2-3)cc1,16.0,CCN(CC)CCCOc1ccc(-n2c3c(c4ccc(OC)cc4c2=O)C(=O)c2cc(OC)ccc2-3)cc1,DZMFFEKRVJMXHL-UHFFFAOYSA-N,0,train
C[n+]1c2ccccc2cc2[n-]c3ccccc3c21.Cl,1.18,C[n+]1c2ccccc2cc2[n-]c3ccccc3c21,KURWKDDWCJELSV-UHFFFAOYSA-N,1,train
Cc1c(C(=O)N2C[C@@H](C)O[C@@H](C)C2)sc2ccccc12,142.0,Cc1c(C(=O)N2C[C@@H](C)O[C@@H](C)C2)sc2ccccc12,KVPXSFILJVQYOQ-PHIMTYICSA-N,0,train
COc1ccc(CC2COc3cc(OC)c(OC)c(OC)c3C2=O)cc1OC(=O)[C@H](Cc1ccccc1)NS(=O)(=O)c1ccc(C)cc1,22.0,COc1ccc(CC2COc3cc(OC)c(OC)c(OC)c3C2=O)cc1OC(=O)[C@H](Cc1ccccc1)NS(=O)(=O)c1ccc(C)cc1,OEWZLFIISOUASB-GPNIZQGCSA-N,0,train
O=C(Nc1cccc(Oc2ccc3c(/C=C/c4ccc(Cl)cc4)n[nH]c3c2)c1)c1ccccc1,0.0085,O=C(Nc1cccc(Oc2ccc3c(/C=C/c4ccc(Cl)cc4)n[nH]c3c2)c1)c1ccccc1,QYIKTXMOYCOAOI-LFIBNONCSA-N,1,train
Clc1ccc(Nc2cc3nc4ccccc4n(-c4ccc(Cl)cc4)c-3c/c2=N/C[C@@H]2CCCN3CCCC[C@H]23)cc1,4.7,Clc1ccc(Nc2cc3nc4ccccc4n(-c4ccc(Cl)cc4)c-3c/c2=N/C[C@@H]2CCCN3CCCC[C@H]23)cc1,HWHUCMMGDVGAHQ-BGLCANLKSA-N,1,train
O=C(Nc1ccc(-c2ccnc3[nH]ccc23)cc1)Nc1ccc([N+](=O)[O-])cc1,50.0,O=C(Nc1ccc(-c2ccnc3[nH]ccc23)cc1)Nc1ccc([N+](=O)[O-])cc1,AVGGWYBDJBKGHZ-UHFFFAOYSA-N,0,train
COc1cc2nccc(Oc3ccc4c(NC(=O)c5ccc(C(F)(F)F)cc5)nn(C)c4c3)c2cc1OC,0.079,COc1cc2nccc(Oc3ccc4c(NC(=O)c5ccc(C(F)(F)F)cc5)nn(C)c4c3)c2cc1OC,FLBOVCXPJRCWAS-UHFFFAOYSA-N,1,train
CN1C(=O)N(c2cc(Cl)cc(Cl)c2)C(=O)[C@]12CN(c1cc(C(=O)O)ncn1)C[C@H]2c1ccc(C#N)cc1,0.008,CN1C(=O)N(c2cc(Cl)cc(Cl)c2)C(=O)[C@]12CN(c1cc(C(=O)O)ncn1)C[C@H]2c1ccc(C#N)cc1,KNCARWQABJNUDQ-UQBPGWFLSA-N,1,train
COc1ccc(-c2cc3cc(OC)ccc3nc2Nc2ccc(NC(=O)CN3CCN(C)CC3)cc2)cc1,7.4,COc1ccc(-c2cc3cc(OC)ccc3nc2Nc2ccc(NC(=O)CN3CCN(C)CC3)cc2)cc1,JGEOHQTUDWEXGS-UHFFFAOYSA-N,1,train
COc1cc(C(=O)c2c(NCCO)oc3c(O)c(OC)ccc23)cc(OC)c1OC,0.0029,COc1cc(C(=O)c2c(NCCO)oc3c(O)c(OC)ccc23)cc(OC)c1OC,CXSPIGXWAHWCAV-UHFFFAOYSA-N,1,train
Cc1c(O)c(C)c2c(c1O)C(=O)CC(c1ccc([N+](=O)[O-])cc1)O2,20.0,Cc1c(O)c(C)c2c(c1O)C(=O)CC(c1ccc([N+](=O)[O-])cc1)O2,HKWSMKDPALZHGJ-UHFFFAOYSA-N,0,train
COc1ccc2c(Oc3ccc(NC(=O)c4c(C)n(CC(C)(C)O)n(-c5ccccc5)c4=O)nc3)ccnc2c1,0.69,COc1ccc2c(Oc3ccc(NC(=O)c4c(C)n(CC(C)(C)O)n(-c5ccccc5)c4=O)nc3)ccnc2c1,GLBZSOQDAOLMGC-UHFFFAOYSA-N,1,train
NC(=S)N/N=C(\c1cccc(O)c1)c1cc(Br)cc(C(=O)c2cccc(O)c2)c1,13.3,NC(=S)N/N=C(\c1cccc(O)c1)c1cc(Br)cc(C(=O)c2cccc(O)c2)c1,COCHLJQYNBFRTL-LYBHJNIJSA-N,0,train
COC(=O)[C@H](NC(=O)O[C@@H]1CC[C@]2(CO2)[C@H]([C@@]2(C)O[C@@H]2CC=C(C)C)[C@@H]1OC)C(C)C,4e-05,COC(=O)[C@H](NC(=O)O[C@@H]1CC[C@]2(CO2)[C@H]([C@@]2(C)O[C@@H]2CC=C(C)C)[C@@H]1OC)C(C)C,GPOOYCMZMSDEPP-QTUCHGCSSA-N,1,train
Cc1ccc(CNC(=O)[C@@]2(O)CCN(c3ccccc3)C2=O)s1,15.0,Cc1ccc(CNC(=O)[C@@]2(O)CCN(c3ccccc3)C2=O)s1,LEJHNBAHHJQOES-KRWDZBQOSA-N,0,train
COc1cc2nccc(Oc3ccc4oc(Nc5ccc(Cl)c(OC[C@@H]6CCCN6C)c5)nc4c3)c2cc1OC,0.007,COc1cc2nccc(Oc3ccc4oc(Nc5ccc(Cl)c(OC[C@@H]6CCCN6C)c5)nc4c3)c2cc1OC,NRUKDYLILMOFJD-IBGZPJMESA-N,1,train
Cc1cc(=O)oc2c3c(ccc12)OC(C)(C)[C@H](OC(=O)C12CCC(C)(C(=O)O1)C2(C)C)[C@@H]3OC(=O)C12CCC(C)(C(=O)O1)C2(C)C,6600.0,Cc1cc(=O)oc2c3c(ccc12)OC(C)(C)[C@H](OC(=O)C12CCC(C)(C(=O)O1)C2(C)C)[C@@H]3OC(=O)C12CCC(C)(C(=O)O1)C2(C)C,XJYQICZBEPJNOW-QFSSIGTRSA-N,0,train
O=C(Nc1ccc(OC(=O)c2cc(O)c(O)c(O)c2)cc1)c1cc(O)c(O)c(O)c1,121.0,O=C(Nc1ccc(OC(=O)c2cc(O)c(O)c(O)c2)cc1)c1cc(O)c(O)c(O)c1,OHNOGBYRNLESQD-UHFFFAOYSA-N,0,train
CCCCCCC1CC(C#N)OO1,10.94,CCCCCCC1CC(C#N)OO1,ZWNLAZVCEFVDTD-UHFFFAOYSA-N,0,train
COc1cc2nccc(Oc3ccc4c(c3)OCCN4C(=O)Nc3ccc(Cl)cc3)c2cc1OC,0.004,COc1cc2nccc(Oc3ccc4c(c3)OCCN4C(=O)Nc3ccc(Cl)cc3)c2cc1OC,RNHWXYKRVZUXGO-UHFFFAOYSA-N,1,train
COc1cc([C@@H]2c3cc4c(cc3[C@H](OC(=O)[C@H](CCSC)NC(=O)OC(C)(C)C)[C@H]3COC(=O)[C@H]23)OCO4)cc(OC)c1OC,2.601,COc1cc([C@@H]2c3cc4c(cc3[C@H](OC(=O)[C@H](CCSC)NC(=O)OC(C)(C)C)[C@H]3COC(=O)[C@H]23)OCO4)cc(OC)c1OC,MGJITKKJXXLLGL-DFMIVSQNSA-N,1,train
Cc1cnccc1CC[C@@H](C)[C@H]1CC[C@@H]2[C@]1(C)CCC1=CC3=CC[C@@H](N(C)C)C[C@]34CC[C@@]12O4,0.35,Cc1cnccc1CC[C@@H](C)[C@H]1CC[C@@H]2[C@]1(C)CCC1=CC3=CC[C@@H](N(C)C)C[C@]34CC[C@@]12O4,XWJPSPMNDHNLFX-JYZYKGANSA-N,1,train
Cc1ccc2c(=O)c3cccc(CC(=O)N/N=C/c4cc(Cl)ccc4O)c3oc2c1C,20.0,Cc1ccc2c(=O)c3cccc(CC(=O)N/N=C/c4cc(Cl)ccc4O)c3oc2c1C,IRHACRHGIAVYMC-RPPGKUMJSA-N,0,train
O=C(O)CCc1c(/C=C2\C(=O)Nc3ccc(C(=O)O)cc32)[nH]c2c1CCCC2,4.49,O=C(O)CCc1c(/C=C2\C(=O)Nc3ccc(C(=O)O)cc32)[nH]c2c1CCCC2,WEEGIHLRCOYVPM-GDNBJRDFSA-N,1,train
COc1ccc(C#N)cc1COc1ccc(Cl)c(C)c1,1.5,COc1ccc(C#N)cc1COc1ccc(Cl)c(C)c1,CYTYCMMGAAMRIY-UHFFFAOYSA-N,1,train
COC(=O)c1ccc(OC)c(COc2ccc(Cl)c(C)c2)c1,2.3,COC(=O)c1ccc(OC)c(COc2ccc(Cl)c(C)c2)c1,SBHMGEHKSWBSRF-UHFFFAOYSA-N,1,train
CCOP(=O)(OCC)C(NC(=O)COc1ccc2c(c1O)C(=O)c1ccccc1C2=O)c1ccccc1F,50.0,CCOP(=O)(OCC)C(NC(=O)COc1ccc2c(c1O)C(=O)c1ccccc1C2=O)c1ccccc1F,PDYIYJLWEMSAPA-UHFFFAOYSA-N,0,train
O=C1Nc2cc(-n3cccc3)ccc2/C1=C(/Nc1ccc(CN2CCCCC2)cc1)c1ccccc1,0.585,O=C1Nc2cc(-n3cccc3)ccc2/C1=C(/Nc1ccc(CN2CCCCC2)cc1)c1ccccc1,YAMIPYKDNHDYAS-FLWNBWAVSA-N,1,train
CCONC(=O)c1ccccc1Sc1ccc2c(/C=C/c3ccccn3)n[nH]c2c1,0.0001799999999999,CCONC(=O)c1ccccc1Sc1ccc2c(/C=C/c3ccccn3)n[nH]c2c1,UKVWGCUKJNZWPI-JLHYYAGUSA-N,1,train
O=C(Nc1ccc(OC(F)(F)F)cc1)c1cccnc1SCc1ccncc1,0.054,O=C(Nc1ccc(OC(F)(F)F)cc1)c1cccnc1SCc1ccncc1,YZTXSVUDQXOMFR-UHFFFAOYSA-N,1,train
O=C(OCCCCOC(=O)c1cc(O)c(O)c(O)c1)c1cc(O)c(O)c(O)c1,127.0,O=C(OCCCCOC(=O)c1cc(O)c(O)c(O)c1)c1cc(O)c(O)c(O)c1,XQSCVGNXGUMDJL-UHFFFAOYSA-N,0,train
COc1cc(/C=N/Nc2nc(-c3ccc(F)c(F)c3)cs2)c(Br)c(Br)c1OC,54.7,COc1cc(/C=N/Nc2nc(-c3ccc(F)c(F)c3)cs2)c(Br)c(Br)c1OC,MGVARTUZLPAUJN-HCGXMYGOSA-N,0,train
CCCCCCCc1ccc(B2OC(C)(C)C(C)(C)O2)cc1,1.1,CCCCCCCc1ccc(B2OC(C)(C)C(C)(C)O2)cc1,UBPUCMMVBXVCCT-UHFFFAOYSA-N,1,train
CCOP(=O)(OCC)C1CC(Cn2c(=O)n(Cc3ccccc3F)c(=O)c3ccccc32)ON1Cc1ccccc1,23.0,CCOP(=O)(OCC)C1CC(Cn2c(=O)n(Cc3ccccc3F)c(=O)c3ccccc32)ON1Cc1ccccc1,ZZHLXYDDXRJOEZ-UHFFFAOYSA-N,0,train
Cc1[nH]nc(N)c1-c1nc2c(F)cc(S(N)(=O)=O)cc2s1,25.0,Cc1[nH]nc(N)c1-c1nc2c(F)cc(S(N)(=O)=O)cc2s1,FUDLGGGXXSVQGI-UHFFFAOYSA-N,0,train
Cc1cnc(C(=O)OCCCOC(=O)CCCCC2CCSS2)c[n+]1[O-],800.0,Cc1cnc(C(=O)OCCCOC(=O)CCCCC2CCSS2)c[n+]1[O-],ZHKNIUPWGMVSOT-UHFFFAOYSA-N,0,train
COc1cc([C@@H]2c3cc4c(cc3[C@@H](c3nc5cc(F)ccc5o3)[C@H]3COC(=O)[C@H]23)OCO4)cc(OC)c1O,323.4,COc1cc([C@@H]2c3cc4c(cc3[C@@H](c3nc5cc(F)ccc5o3)[C@H]3COC(=O)[C@H]23)OCO4)cc(OC)c1O,GHCHNDUBVVCNOY-HAONIAKBSA-N,0,train
COc1cc2c(cc1C(N)=O)CC[C@@H]1[C@@H]2CC[C@]2(C)C(=O)CC[C@@H]12,5.46,COc1cc2c(cc1C(N)=O)CC[C@@H]1[C@@H]2CC[C@]2(C)C(=O)CC[C@@H]12,NOXTZIDLVDREHL-KNLUSZGBSA-N,1,train
O/N=C1/C(c2c[nH]c3ccc(OCc4ccccc4)cc23)=Nc2ccc(OCc3ccccc3)cc21,100.0,O/N=C1/C(c2c[nH]c3ccc(OCc4ccccc4)cc23)=Nc2ccc(OCc3ccccc3)cc21,BNTNEVTZLKXBPT-KKYHWDRJSA-N,0,train
O=C(C1=CC[C@@H](c2ccc(Br)cc2)[C@@]2(S1)C(=O)Nc1ccccc12)c1ccccc1,4.03,O=C(C1=CC[C@@H](c2ccc(Br)cc2)[C@@]2(S1)C(=O)Nc1ccccc12)c1ccccc1,CRFIMGYHOAFGBA-DFBJGRDBSA-N,1,train
O=C(CCCCc1cn(Cc2cccc(-c3ccccc3)c2)nn1)NO,1.13,O=C(CCCCc1cn(Cc2cccc(-c3ccccc3)c2)nn1)NO,HPBLAPCMXKCTJG-UHFFFAOYSA-N,1,train
N#Cc1ccccc1-n1cc(-c2ccc(C=C3C(=O)Nc4ccc(F)cc43)cc2)nn1,20.0,N#Cc1ccccc1-n1cc(-c2ccc(C=C3C(=O)Nc4ccc(F)cc43)cc2)nn1,KHJBGDWDQCWQKA-UHFFFAOYSA-N,0,train
C=CCOc1ccc(-c2ccc(OC)cc2)cc1CC=C,100.0,C=CCOc1ccc(-c2ccc(OC)cc2)cc1CC=C,MPMJROOZYBAGSK-UHFFFAOYSA-N,0,train
COc1cc([C@@H]2c3cc4c(cc3[C@@H](Nc3cccc5[nH]ccc35)[C@H]3COC(=O)[C@H]23)OCO4)cc(OC)c1OC,64.2,COc1cc([C@@H]2c3cc4c(cc3[C@@H](Nc3cccc5[nH]ccc35)[C@H]3COC(=O)[C@H]23)OCO4)cc(OC)c1OC,UEMGZMRWHYJRBL-UIKPJHBZSA-N,0,train
O=C(NCC(F)(F)F)c1ccccc1Sc1ccc2c(/C=C/c3ccccn3)n[nH]c2c1,0.017,O=C(NCC(F)(F)F)c1ccccc1Sc1ccc2c(/C=C/c3ccccn3)n[nH]c2c1,MXPATMROCBLLHD-DHZHZOJOSA-N,1,train
Clc1ccc2c(NCC34CCCN3CCC4)ccnc2c1,60.0,Clc1ccc2c(NCC34CCCN3CCC4)ccnc2c1,GXQUGZKOKBJQQC-UHFFFAOYSA-N,0,train
O=[N+]([O-])c1ccc(COc2cc3c(cc2OCc2ccc([N+](=O)[O-])cc2)OC2(C=C3)CCOCC2)cc1,79.53,O=[N+]([O-])c1ccc(COc2cc3c(cc2OCc2ccc([N+](=O)[O-])cc2)OC2(C=C3)CCOCC2)cc1,LHTNFHWDTHQECR-UHFFFAOYSA-N,0,train
C[C@@H]1[C@@H]2CC[C@@H](C)[C@@H]3CC[C@@]4(C)O[C@@H](O[C@@H]1S(=O)(=O)c1ccccc1)[C@]23O4,50.0,C[C@@H]1[C@@H]2CC[C@@H](C)[C@@H]3CC[C@@]4(C)O[C@@H](O[C@@H]1S(=O)(=O)c1ccccc1)[C@]23O4,NZBFBOGVWBAZHV-BLWYLUKMSA-N,0,train
NC(=O)c1cccc2[nH]c(-c3ccc(C(=O)N4CCN(C(=O)c5ccccn5)CC4)cc3)nc12,100.0,NC(=O)c1cccc2[nH]c(-c3ccc(C(=O)N4CCN(C(=O)c5ccccn5)CC4)cc3)nc12,FVMWGKRQDUDXGM-UHFFFAOYSA-N,0,train
CN(C)CC(=O)Nc1cc(CSc2ncccc2C(=O)Nc2ccc(OC(F)(F)F)cc2)ccn1,0.035,CN(C)CC(=O)Nc1cc(CSc2ncccc2C(=O)Nc2ccc(OC(F)(F)F)cc2)ccn1,UPWKNRFAWRYMMX-UHFFFAOYSA-N,1,train
CCn1nc(C)cc1C(=O)Nc1cccc(Oc2ccc3c(/C=C/c4cn(C)c(C)n4)n[nH]c3c2)c1,0.01,CCn1nc(C)cc1C(=O)Nc1cccc(Oc2ccc3c(/C=C/c4cn(C)c(C)n4)n[nH]c3c2)c1,IOYXSCPEHCAYHA-FMIVXFBMSA-N,1,train
Nc1ccc(N2CCN(c3ccc(OCC4COC(Cn5cncn5)(c5ccc(Cl)cc5Cl)O4)cc3)CC2)cc1,42.7,Nc1ccc(N2CCN(c3ccc(OCC4COC(Cn5cncn5)(c5ccc(Cl)cc5Cl)O4)cc3)CC2)cc1,XTWNAMDDCDZPGP-UHFFFAOYSA-N,0,train
Cc1ccc(NC(=O)Cn2cc(-c3ccc4c(NC(=O)C5CC5)n[nH]c4c3)nn2)cc1C(F)(F)F,1.0,Cc1ccc(NC(=O)Cn2cc(-c3ccc4c(NC(=O)C5CC5)n[nH]c4c3)nn2)cc1C(F)(F)F,ULYAZMWFIQWLFU-UHFFFAOYSA-N,1,train
C=C1C(=O)N(c2ccccc2)N(c2ccccc2)C1CC,23.9,C=C1C(=O)N(c2ccccc2)N(c2ccccc2)C1CC,XZLCEWIMBBFZHH-UHFFFAOYSA-N,0,train
CN1CCC(COc2ccc3c(Nc4ccc(NC(=O)Nc5cccc(F)c5)c(Cl)c4)ncnc3c2)CC1,0.132,CN1CCC(COc2ccc3c(Nc4ccc(NC(=O)Nc5cccc(F)c5)c(Cl)c4)ncnc3c2)CC1,MZQUVSKGNPYPLL-UHFFFAOYSA-N,1,train
COCC1Oc2ccc(-c3oc4cc(O)cc(O)c4c(=O)c3OC)cc2OC1c1ccc(O)c(OC)c1,5.4,COCC1Oc2ccc(-c3oc4cc(O)cc(O)c4c(=O)c3OC)cc2OC1c1ccc(O)c(OC)c1,DPRDNEXROWSNDY-UHFFFAOYSA-N,1,train
N=C(N)NN,72.0,N=C(N)NN,HAMNKKUPIHEESI-UHFFFAOYSA-N,0,train
CCCOC(=O)/C=C/c1coc2cc(O)ccc2c1=O,349.0,CCCOC(=O)/C=C/c1coc2cc(O)ccc2c1=O,MKWDGYBJKVOOIE-ZZXKWVIFSA-N,0,train
COc1ccc(CC(=O)Nc2ccc3oc(-c4ccc(Cl)c(Br)c4)nc3c2)cc1OC,46.27,COc1ccc(CC(=O)Nc2ccc3oc(-c4ccc(Cl)c(Br)c4)nc3c2)cc1OC,IVMJGMUGGVPXHW-UHFFFAOYSA-N,0,train
CNC(=O)c1cc(NCc2cnc(Nc3ccccn3)s2)c(F)cc1F,0.052,CNC(=O)c1cc(NCc2cnc(Nc3ccccn3)s2)c(F)cc1F,JIMHRVUJVAYWAR-UHFFFAOYSA-N,1,train
CC1CN(C(=O)c2ccc(-c3nc4c(C(N)=O)cccc4[nH]3)cc2F)CCN1C(=O)c1ccc(Br)o1,52.61,CC1CN(C(=O)c2ccc(-c3nc4c(C(N)=O)cccc4[nH]3)cc2F)CCN1C(=O)c1ccc(Br)o1,MCXSEENXEFOIPS-UHFFFAOYSA-N,0,train
O=Cc1ccc(O)cc1,100.0,O=Cc1ccc(O)cc1,RGHHSNMVTDWUBI-UHFFFAOYSA-N,0,train
C=CC(=O)Nc1ccc(C(=O)n2ccc3cc(Cl)cnc32)cc1,80.39,C=CC(=O)Nc1ccc(C(=O)n2ccc3cc(Cl)cnc32)cc1,CCFPVGRWWHVDGW-UHFFFAOYSA-N,0,train
CN(c1ccc(N/C(S)=N/c2ccccc2)cc1)c1ccnc(Nc2cccc(CS(C)(=O)=O)c2)n1,0.006,CN(c1ccc(N/C(S)=N/c2ccccc2)cc1)c1ccnc(Nc2cccc(CS(C)(=O)=O)c2)n1,RJINUSFBYKYLTQ-UHFFFAOYSA-N,1,train
NC1=NC(C2CC2)Cc2ccccc21,3.6,NC1=NC(C2CC2)Cc2ccccc21,SJEMPPKPSKQEHA-UHFFFAOYSA-N,1,train
C/C(=N\OC(C)C)c1ccc2[nH]c3c4c(c5c(c3c2c1)CNC5=O)-c1cn(C)nc1CC4,0.004,C/C(=N\OC(C)C)c1ccc2[nH]c3c4c(c5c(c3c2c1)CNC5=O)-c1cn(C)nc1CC4,ZZOUIAPNOGIDSZ-VFLNYLIXSA-N,1,train
COC(=O)c1ccccc1Nc1ncnc(Nc2cc(OC)c(OC)c(OC)c2)n1,23.2,COC(=O)c1ccccc1Nc1ncnc(Nc2cc(OC)c(OC)c(OC)c2)n1,KAYZTPXHURMMGR-UHFFFAOYSA-N,0,train
Cc1cccc(NC(=O)[C@]23CC[C@@H](C)[C@H](C)[C@H]2C2=CC(=O)[C@@H]4[C@@]5(C)C[C@@H](O)[C@H](O)[C@@](C)(CO)[C@@H]5CC[C@@]4(C)[C@]2(C)CC3)c1,100.0,Cc1cccc(NC(=O)[C@]23CC[C@@H](C)[C@H](C)[C@H]2C2=CC(=O)[C@@H]4[C@@]5(C)C[C@@H](O)[C@H](O)[C@@](C)(CO)[C@@H]5CC[C@@]4(C)[C@]2(C)CC3)c1,JQGDKAKOPPRPLP-FPEVDAAFSA-N,0,train
CC(C)=CCC/C(C)=C/Cc1cc(C(=O)/C=C/c2ccc(O)cc2)c(O)cc1O,30.18,CC(C)=CCC/C(C)=C/Cc1cc(C(=O)/C=C/c2ccc(O)cc2)c(O)cc1O,RRYKPKZXWKXEML-IREPQDAWSA-N,0,train
CCOC(=O)/C=C1/C(=O)N(CC(=O)OC)c2ccc(F)cc21,75.0,CCOC(=O)/C=C1/C(=O)N(CC(=O)OC)c2ccc(F)cc21,BCGDPOZQIWUMPX-YRNVUSSQSA-N,0,train
C=C([C@@H]1C[C@H]2[C@@](C)(CC[C@@]3(O)C(C)(C)CCC[C@]23C)O1)[C@@H](C)O,10.0,C=C([C@@H]1C[C@H]2[C@@](C)(CC[C@@]3(O)C(C)(C)CCC[C@]23C)O1)[C@@H](C)O,GDYOUKCQXXOOKL-FDGFBPQASA-N,1,train
CC(C)c1ccc(C2C(C#N)=C(N)Oc3c2ccc2cccnc32)cc1,10.0,CC(C)c1ccc(C2C(C#N)=C(N)Oc3c2ccc2cccnc32)cc1,QOYIUKKEJJXDJM-UHFFFAOYSA-N,1,train
COc1ccccc1NC(=O)CCC(=O)OCCCCCCSc1ccc([N+](=O)[O-])c2nonc12,1.61,COc1ccccc1NC(=O)CCC(=O)OCCCCCCSc1ccc([N+](=O)[O-])c2nonc12,HGGFDAILTPISDF-UHFFFAOYSA-N,1,train
Nc1ccccc1NC(=O)c1ccc(Cn2nnc3ccccc3c2=O)cc1,17.0,Nc1ccccc1NC(=O)c1ccc(Cn2nnc3ccccc3c2=O)cc1,LMWKBTHPJVCDEN-UHFFFAOYSA-N,0,train
Cc1ccc2cc(NC(=O)c3ccccc3Sc3ccc4c(/C=C/c5ccccc5)n[nH]c4c3)ccc2n1,0.0045,Cc1ccc2cc(NC(=O)c3ccccc3Sc3ccc4c(/C=C/c5ccccc5)n[nH]c4c3)ccc2n1,WIGSQIYJWUOHLW-SFQUDFHCSA-N,1,train
CCN1CCN(Cc2ccc(Nc3ncc(F)c(-c4cc(F)c5nc(C)n(C(C)C)c5c4)n3)nc2)CC1,0.403,CCN1CCN(Cc2ccc(Nc3ncc(F)c(-c4cc(F)c5nc(C)n(C(C)C)c5c4)n3)nc2)CC1,UZWDCWONPYILKI-UHFFFAOYSA-N,1,train
O=C(Nc1ccc(Nc2ccc([N+](=O)[O-])c3ncnc(O)c23)cc1)Nc1cc(C(F)(F)F)ccc1Cl,2.1,O=C(Nc1ccc(Nc2ccc([N+](=O)[O-])c3ncnc(O)c23)cc1)Nc1cc(C(F)(F)F)ccc1Cl,JOUMFIHFVFJARJ-UHFFFAOYSA-N,1,train
C[C@@H]1CC[C@H]2[C@@H](C)C(=O)N(Cc3cn(C4OC(COCc5ccccc5)[C@H](OCc5ccccc5)[C@@H]4OCc4ccccc4)nn3)[C@@H]3O[C@@]4(C)CC[C@@H]1[C@@]23OO4,250.0,C[C@@H]1CC[C@H]2[C@@H](C)C(=O)N(Cc3cn(C4OC(COCc5ccccc5)[C@H](OCc5ccccc5)[C@@H]4OCc4ccccc4)nn3)[C@@H]3O[C@@]4(C)CC[C@@H]1[C@@]23OO4,CIGVKNDUUCKHMS-JVYVDCSHSA-N,0,train
CC(C)(C)c1ocnc1/C=c1\[nH]c(=O)/c(=C/c2ccccc2)[nH]c1=O.O=C(O)C(F)(F)F,0.012,CC(C)(C)c1ocnc1/C=c1\[nH]c(=O)/c(=C/c2ccccc2)[nH]c1=O,IRWAWCYBXABVBI-TYPNBTCFSA-N,1,train
Cc1cn([C@H]2C[C@H](OP(O)(O)=S)[C@@H](COP(O)(=S)O[C@H]3C[C@H](n4cc(C)c(=O)[nH]c4=O)O[C@@H]3COP(O)(=S)O[C@H]3[C@@H](O)[C@H](n4cnc5c(=O)[nH]c(N)nc54)O[C@@H]3COP(O)(=S)O[C@H]3[C@@H](O)[C@H](n4ccc(N)nc4=O)O[C@@H]3COP(O)(=S)O[C@H]3C[C@H](n4cc(C)c(=O)[nH]c4=O)O[C@@H]3COP(O)(=S)O[C@H]3[C@@H](O)[C@H](n4cnc5c(=O)[nH]c(N)nc54)O[C@@H]3COP(O)(=S)O[C@H]3C[C@H](n4cc(C)c(=O)[nH]c4=O)O[C@@H]3COP(O)(=S)O[C@H]3C[C@H](n4cc(C)c(=O)[nH]c4=O)O[C@@H]3COP(O)(=S)O[C@H]3C[C@H](n4cc(C)c(=O)[nH]c4=O)O[C@@H]3COP(O)(=S)O[C@H]3C[C@H](n4cc(C)c(=O)[nH]c4=O)O[C@@H]3COP(O)(=S)O[C@H]3[C@@H](O)[C@H](n4cnc5c(=O)[nH]c(N)nc54)O[C@@H]3COP(O)(=S)O[C@H]3[C@@H](O)[C@H](n4ccc(N)nc4=O)O[C@@H]3COP(O)(=S)O[C@H]3C[C@H](n4cc(C)c(=O)[nH]c4=O)O[C@@H]3COP(O)(=S)O[C@H]3[C@@H](O)[C@H](n4cnc5c(=O)[nH]c(N)nc54)O[C@@H]3COP(O)(=S)O[C@H]3C[C@H](n4cc(C)c(=O)[nH]c4=O)O[C@@H]3COP(O)(=S)O[C@H]3C[C@H](n4cc(C)c(=O)[nH]c4=O)O[C@@H]3COP(O)(=S)O[C@H]3C[C@H](n4cc(C)c(=O)[nH]c4=O)O[C@@H]3COP(O)(=S)O[C@H]3C[C@H](n4cc(C)c(=O)[nH]c4=O)O[C@@H]3COP(O)(=S)O[C@H]3[C@@H](O)[C@H](n4cnc5c(=O)[nH]c(N)nc54)O[C@@H]3COP(O)(=S)O[C@H]3[C@@H](O)[C@H](n4ccc(N)nc4=O)O[C@@H]3COP(O)(=S)O[C@H]3C[C@H](n4cc(C)c(=O)[nH]c4=O)O[C@@H]3COP(O)(=S)O[C@H]3[C@@H](O)[C@H](n4cnc5c(=O)[nH]c(N)nc54)O[C@@H]3COP(O)(=S)O[C@H]3[C@@H](O)[C@H](n4ccc(N)nc4=O)O[C@@H]3COP(O)(=S)O[C@H]3C[C@H](n4cc(C)c(=O)[nH]c4=O)O[C@@H]3CO)O2)c(=O)[nH]c1=O,0.025,Cc1cn([C@H]2C[C@H](OP(O)(O)=S)[C@@H](COP(O)(=S)O[C@H]3C[C@H](n4cc(C)c(=O)[nH]c4=O)O[C@@H]3COP(O)(=S)O[C@H]3[C@@H](O)[C@H](n4cnc5c(=O)[nH]c(N)nc54)O[C@@H]3COP(O)(=S)O[C@H]3[C@@H](O)[C@H](n4ccc(N)nc4=O)O[C@@H]3COP(O)(=S)O[C@H]3C[C@H](n4cc(C)c(=O)[nH]c4=O)O[C@@H]3COP(O)(=S)O[C@H]3[C@@H](O)[C@H](n4cnc5c(=O)[nH]c(N)nc54)O[C@@H]3COP(O)(=S)O[C@H]3C[C@H](n4cc(C)c(=O)[nH]c4=O)O[C@@H]3COP(O)(=S)O[C@H]3C[C@H](n4cc(C)c(=O)[nH]c4=O)O[C@@H]3COP(O)(=S)O[C@H]3C[C@H](n4cc(C)c(=O)[nH]c4=O)O[C@@H]3COP(O)(=S)O[C@H]3C[C@H](n4cc(C)c(=O)[nH]c4=O)O[C@@H]3COP(O)(=S)O[C@H]3[C@@H](O)[C@H](n4cnc5c(=O)[nH]c(N)nc54)O[C@@H]3COP(O)(=S)O[C@H]3[C@@H](O)[C@H](n4ccc(N)nc4=O)O[C@@H]3COP(O)(=S)O[C@H]3C[C@H](n4cc(C)c(=O)[nH]c4=O)O[C@@H]3COP(O)(=S)O[C@H]3[C@@H](O)[C@H](n4cnc5c(=O)[nH]c(N)nc54)O[C@@H]3COP(O)(=S)O[C@H]3C[C@H](n4cc(C)c(=O)[nH]c4=O)O[C@@H]3COP(O)(=S)O[C@H]3C[C@H](n4cc(C)c(=O)[nH]c4=O)O[C@@H]3COP(O)(=S)O[C@H]3C[C@H](n4cc(C)c(=O)[nH]c4=O)O[C@@H]3COP(O)(=S)O[C@H]3C[C@H](n4cc(C)c(=O)[nH]c4=O)O[C@@H]3COP(O)(=S)O[C@H]3[C@@H](O)[C@H](n4cnc5c(=O)[nH]c(N)nc54)O[C@@H]3COP(O)(=S)O[C@H]3[C@@H](O)[C@H](n4ccc(N)nc4=O)O[C@@H]3COP(O)(=S)O[C@H]3C[C@H](n4cc(C)c(=O)[nH]c4=O)O[C@@H]3COP(O)(=S)O[C@H]3[C@@H](O)[C@H](n4cnc5c(=O)[nH]c(N)nc54)O[C@@H]3COP(O)(=S)O[C@H]3[C@@H](O)[C@H](n4ccc(N)nc4=O)O[C@@H]3COP(O)(=S)O[C@H]3C[C@H](n4cc(C)c(=O)[nH]c4=O)O[C@@H]3CO)O2)c(=O)[nH]c1=O,KLGUDFZKPMPOOC-SOZUJOAZSA-N,1,train
Cc1cc2ncc(-c3ccc(OCc4ccccc4)c(O)c3)nc2cc1C,100.0,Cc1cc2ncc(-c3ccc(OCc4ccccc4)c(O)c3)nc2cc1C,DAIWLKSJIGCCNJ-UHFFFAOYSA-N,0,train
C=CCOc1ccc2c(=O)c(-c3cc(OC)c(OC)cc3OC)coc2c1,10.0,C=CCOc1ccc2c(=O)c(-c3cc(OC)c(OC)cc3OC)coc2c1,QZLHOYZVLZDDAG-UHFFFAOYSA-N,1,train
CC1(C)C=Cc2c(ccc3c(=O)c(-c4ccc(Cl)c(C(F)(F)F)c4)coc23)O1,10.0,CC1(C)C=Cc2c(ccc3c(=O)c(-c4ccc(Cl)c(C(F)(F)F)c4)coc23)O1,JHJUJEZEAWOAQJ-UHFFFAOYSA-N,1,train
Cc1nc(Nc2ccc(NC(=O)Nc3cccc(F)c3)cc2)c2nc(-c3ccccc3)sc2n1,5.3,Cc1nc(Nc2ccc(NC(=O)Nc3cccc(F)c3)cc2)c2nc(-c3ccccc3)sc2n1,WLFHPGDWVOWPQX-UHFFFAOYSA-N,1,train
O=Cc1cc2c3c(c1O)CCCN3CCC2,35.4,O=Cc1cc2c3c(c1O)CCCN3CCC2,NRZXBDYODHLZBF-UHFFFAOYSA-N,0,train
COc1cc([C@@H]2c3cc4c(cc3[C@@H](C3CC([S-])NN3c3ccccc3F)[C@H]3COC(=O)[C@H]23)OCO4)cc(OC)c1O.[K+],58.2,COc1cc([C@@H]2c3cc4c(cc3[C@@H](C3CC(S)NN3c3ccccc3F)[C@H]3COC(=O)[C@H]23)OCO4)cc(OC)c1O,OGHUMXHBCNPLJR-GVFDEQPZSA-N,0,train
CN1CCN(c2ccc3[nH]c(-c4c(N)c5ccccc5[nH]c4=O)nc3c2)CC1,0.02,CN1CCN(c2ccc3[nH]c(-c4c(N)c5ccccc5[nH]c4=O)nc3c2)CC1,BWLBVHWCNZAPOW-UHFFFAOYSA-N,1,train
CCOP(=O)(OCC)C(NC(=O)COc1ccc2c(c1O)C(=O)c1ccccc1C2=O)c1cccc(OC)c1,50.0,CCOP(=O)(OCC)C(NC(=O)COc1ccc2c(c1O)C(=O)c1ccccc1C2=O)c1cccc(OC)c1,LCLRILBUYGZZFB-UHFFFAOYSA-N,0,train
COc1cc(C2(NCc3cccc(CC4CCN(C)CC4)c3)CCCC2)ccc1F,30.0,COc1cc(C2(NCc3cccc(CC4CCN(C)CC4)c3)CCCC2)ccc1F,ZOPOMRUPNMFKDR-UHFFFAOYSA-N,0,train
Cc1c(O)c(C)c2c(c1O)C(=O)CC(c1ccsc1)O2,50.0,Cc1c(O)c(C)c2c(c1O)C(=O)CC(c1ccsc1)O2,JEBHKUOTNLRPDM-UHFFFAOYSA-N,0,train
COc1ccc(/C=C/C(=O)N2C[C@@H](NC(=O)c3cccnc3)C[C@H]2C(=O)NO)cc1OC,39.84,COc1ccc(/C=C/C(=O)N2C[C@@H](NC(=O)c3cccnc3)C[C@H]2C(=O)NO)cc1OC,AKOSAZUQCGCWJD-IWDGFTLQSA-N,0,train
COc1ccc(C2C(C#N)=C(N)Oc3c2ccc2ccc(C)nc32)cc1OC,10.0,COc1ccc(C2C(C#N)=C(N)Oc3c2ccc2ccc(C)nc32)cc1OC,NBCPRDXMNXGMJJ-UHFFFAOYSA-N,1,train
O=C(N[C@H]1C[C@@H](C(=O)NO)N(S(=O)(=O)c2ccc(Oc3ccccc3)cc2)C1)c1cccc2no[n+]([O-])c12,37.17,O=C(N[C@H]1C[C@@H](C(=O)NO)N(S(=O)(=O)c2ccc(Oc3ccccc3)cc2)C1)c1cccc2no[n+]([O-])c12,VSIZVRGDQDWFQD-BTYIYWSLSA-N,0,train
CN(C)CCNC(=O)Nc1ccc(N(C)c2ccnc(Nc3ccc(CS(C)(=O)=O)cc3)n2)cc1,2.982,CN(C)CCNC(=O)Nc1ccc(N(C)c2ccnc(Nc3ccc(CS(C)(=O)=O)cc3)n2)cc1,WDCDRYHNMJJKBE-UHFFFAOYSA-N,1,train
COc1cc2c(cc1N)CC[C@@H]1[C@@H]2CC[C@]2(C)CCC[C@@H]12,4.72,COc1cc2c(cc1N)CC[C@@H]1[C@@H]2CC[C@]2(C)CCC[C@@H]12,CBFPPSWDKRHSST-MVWRLGRASA-N,1,train
COc1ccc(C(N)=O)cc1/C=C/c1cccc(Cl)c1,24.0,COc1ccc(C(N)=O)cc1/C=C/c1cccc(Cl)c1,PQFDPKJNBVDZCM-AATRIKPKSA-N,0,train
COc1ccccc1/C=N/NC(=O)c1ccc(NC2CCCCC2)c(NCc2ccccc2)c1,0.65,COc1ccccc1/C=N/NC(=O)c1ccc(NC2CCCCC2)c(NCc2ccccc2)c1,LFELTDOSVBSJAN-TWKHWXDSSA-N,1,train
Cc1nnc2n1-c1ccccc1C(c1ccccc1)=N[C@H]2CC(=O)Nc1ccc(CC(=O)NO)cc1,6.5,Cc1nnc2n1-c1ccccc1C(c1ccccc1)=N[C@H]2CC(=O)Nc1ccc(CC(=O)NO)cc1,IZXWFMLZEVIDQU-QFIPXVFZSA-N,1,train
NC/C(=C/F)COc1ccc(C(N)=O)cc1,100.0,NC/C(=C/F)COc1ccc(C(N)=O)cc1,CUIDJRZBPVHOGV-YVMONPNESA-N,0,train
Nc1ccccc1NC(=O)c1ccc(CNc2ccnc(-c3cccnc3)n2)cc1,11.0,Nc1ccccc1NC(=O)c1ccc(CNc2ccnc(-c3cccnc3)n2)cc1,ZCBKPBFGBCCNRX-UHFFFAOYSA-N,0,train
Cc1ccc(NC(=O)Cn2cc(-c3ccc4c(NC(=O)c5ccc(N)cc5)nn(C(=O)CCCCCCCCCCC(=O)N[C@H](C(=O)N5C[C@H](O)C[C@H]5C(=O)NCc5ccc(-c6scnc6C)cc5)C(C)(C)C)c4c3)cn2)cc1C(F)(F)F,34.61,Cc1ccc(NC(=O)Cn2cc(-c3ccc4c(NC(=O)c5ccc(N)cc5)nn(C(=O)CCCCCCCCCCC(=O)N[C@H](C(=O)N5C[C@H](O)C[C@H]5C(=O)NCc5ccc(-c6scnc6C)cc5)C(C)(C)C)c4c3)cn2)cc1C(F)(F)F,PLBNAPRUSKNYKK-KVDJATBYSA-N,0,train
CCOP(=O)(OCC)C1CC(Cn2c(=O)n(Cc3cccc(F)c3)c(=O)c3ccccc32)ON1C,149.0,CCOP(=O)(OCC)C1CC(Cn2c(=O)n(Cc3cccc(F)c3)c(=O)c3ccccc32)ON1C,GLLIJKZBLPWGIT-UHFFFAOYSA-N,0,train
Nc1ccccc1NC(=O)/C=C/c1ccc(NS(=O)(=O)c2ccc(-c3ccccc3)cc2)cc1,36.0,Nc1ccccc1NC(=O)/C=C/c1ccc(NS(=O)(=O)c2ccc(-c3ccccc3)cc2)cc1,YFTBUWATCGNTPJ-XDHOZWIPSA-N,0,train
CCOP(=O)(OCC)C(NC(=O)c1cc(O)c2c(c1)C(=O)c1cccc(O)c1C2=O)c1ccc(C)cc1,100.0,CCOP(=O)(OCC)C(NC(=O)c1cc(O)c2c(c1)C(=O)c1cccc(O)c1C2=O)c1ccc(C)cc1,BCHPYAUZESKGET-UHFFFAOYSA-N,0,train
Cc1ccc(-n2nncc2CN2C(=O)C3(C(C#N)=C(N)Oc4c(N)cc5nc6ccccc6nc5c43)c3ccccc32)cc1Cl,50.0,Cc1ccc(-n2nncc2CN2C(=O)C3(C(C#N)=C(N)Oc4c(N)cc5nc6ccccc6nc5c43)c3ccccc32)cc1Cl,QKYJSLIEUFGKHG-UHFFFAOYSA-N,0,train
O=C(Nc1ccccc1)c1c(O)nc2ccccc2c1O,4.0,O=C(Nc1ccccc1)c1c(O)nc2ccccc2c1O,FPULHXWGWWVYPV-UHFFFAOYSA-N,1,train
CC(C)=CCc1cc(C(=O)/C=C/c2ccc(O)cc2)c(O)cc1O,39.73,CC(C)=CCc1cc(C(=O)/C=C/c2ccc(O)cc2)c(O)cc1O,BLZGPHNVMRXDCB-UXBLZVDNSA-N,0,train
Nc1ccccc1NC(=O)c1ccc(CC2Cc3ccccc3C2=O)cc1,8.0,Nc1ccccc1NC(=O)c1ccc(CC2Cc3ccccc3C2=O)cc1,YFWNJSPBMVKFTH-UHFFFAOYSA-N,1,train
Fc1cccc(Nc2ncc3c(n2)-c2ccccc2SC3)c1,4.51,Fc1cccc(Nc2ncc3c(n2)-c2ccccc2SC3)c1,MKVRYVIKEUSPMZ-UHFFFAOYSA-N,1,train
CC(=O)O[C@H]1C(=O)[C@@]2(C)[C@H]([C@H](OC(=O)c3ccccc3)[C@]3(O)C[C@H](OC(=O)[C@H](OC(=O)CCCCCN4C(=O)CC(SC[C@H](NC(=O)[C@H](CCCCN)NC(=O)[C@H](CCCCN)NC(=O)[C@H](CC(C)C)NC(=O)[C@H](CCCCN)NC(=O)[C@H](CCCNC(=N)N)NC(=O)[C@H](Cc5ccccc5)NC(=O)[C@H](Cc5ccccc5)NC(=O)[C@H](CCCCN)NC(=O)[C@H](CCCCN)NC(=O)[C@H](Cc5ccccc5)NC(=O)[C@H](CCCNC(=N)N)NC(=O)[C@H](CCCCN)NC(=O)[C@@H](NC(=O)[C@@H](N)CC(C)C)C(C)C)C(=O)N[C@H](C(=O)N[C@@H](CC(C)C)C(=O)N[C@@H](CC(C)C)C(N)=O)C(C)C)C4=O)[C@@H](NC(=O)c4ccccc4)c4ccccc4)C(C)=C1C3(C)C)[C@]1(OC(C)=O)CO[C@@H]1C[C@@H]2O,31.6,CC(=O)O[C@H]1C(=O)[C@@]2(C)[C@H]([C@H](OC(=O)c3ccccc3)[C@]3(O)C[C@H](OC(=O)[C@H](OC(=O)CCCCCN4C(=O)CC(SC[C@H](NC(=O)[C@H](CCCCN)NC(=O)[C@H](CCCCN)NC(=O)[C@H](CC(C)C)NC(=O)[C@H](CCCCN)NC(=O)[C@H](CCCNC(=N)N)NC(=O)[C@H](Cc5ccccc5)NC(=O)[C@H](Cc5ccccc5)NC(=O)[C@H](CCCCN)NC(=O)[C@H](CCCCN)NC(=O)[C@H](Cc5ccccc5)NC(=O)[C@H](CCCNC(=N)N)NC(=O)[C@H](CCCCN)NC(=O)[C@@H](NC(=O)[C@@H](N)CC(C)C)C(C)C)C(=O)N[C@H](C(=O)N[C@@H](CC(C)C)C(=O)N[C@@H](CC(C)C)C(N)=O)C(C)C)C4=O)[C@@H](NC(=O)c4ccccc4)c4ccccc4)C(C)=C1C3(C)C)[C@]1(OC(C)=O)CO[C@@H]1C[C@@H]2O,SRJBVKIPLNZGJH-SNDVFEAWSA-N,0,train
O=C1CCc2cc(N3CC[C@](O)(C(=O)NCc4cccc(Cl)c4F)C3=O)ccc2N1,0.068,O=C1CCc2cc(N3CC[C@](O)(C(=O)NCc4cccc(Cl)c4F)C3=O)ccc2N1,XCZMADNFSHXZKG-NRFANRHFSA-N,1,train
CN1CCN(CCNc2nc3ccc(Cl)cc3c3c2C(=O)c2ccccc2-3)CC1,1.937,CN1CCN(CCNc2nc3ccc(Cl)cc3c3c2C(=O)c2ccccc2-3)CC1,IGJAWMANMIHVRY-UHFFFAOYSA-N,1,train
CC(C)N(Cc1ccc(C(=O)NO)cc1)S(=O)(=O)c1c(F)c(F)c(F)c(F)c1F,3.7,CC(C)N(Cc1ccc(C(=O)NO)cc1)S(=O)(=O)c1c(F)c(F)c(F)c(F)c1F,LKGBPIGPMZZXRO-UHFFFAOYSA-N,1,train
Cc1cccc2cc(/C=C/C(=O)c3sccc3Br)c(Cl)nc12,0.18721,Cc1cccc2cc(/C=C/C(=O)c3sccc3Br)c(Cl)nc12,XFCLSUYVILFHIO-AATRIKPKSA-N,1,train
CN1CCC(Cc2cc(CNC3(c4ccc(F)cc4)CCCC3)ccc2F)CC1,30.0,CN1CCC(Cc2cc(CNC3(c4ccc(F)cc4)CCCC3)ccc2F)CC1,KXHMJLLUFGXOFE-UHFFFAOYSA-N,0,train
Clc1ccc2c(c1)SCc1cnc(-c3ccccc3)nc1-2,2.3,Clc1ccc2c(c1)SCc1cnc(-c3ccccc3)nc1-2,LNAUEIMMDIIAGD-UHFFFAOYSA-N,1,train
CNC(=O)c1ccc(F)c(NCc2cnc(Nc3ccccn3)s2)c1,0.02,CNC(=O)c1ccc(F)c(NCc2cnc(Nc3ccccn3)s2)c1,UCMYSEIPKICNET-UHFFFAOYSA-N,1,train
CCOC(=O)CN(Cc1cc(F)cc(F)c1)c1ccc2c(c1)OC(C)(COc1ccc(C#N)cc1)CN2C,49.0,CCOC(=O)CN(Cc1cc(F)cc(F)c1)c1ccc2c(c1)OC(C)(COc1ccc(C#N)cc1)CN2C,HGHVDQJZNGKOHI-UHFFFAOYSA-N,0,train
CC1CC1C(=O)Nc1cccc(C(=O)c2ccc3c(/C=C/c4ccccn4)n[nH]c3c2)c1,0.002,CC1CC1C(=O)Nc1cccc(C(=O)c2ccc3c(/C=C/c4ccccn4)n[nH]c3c2)c1,UCPOISXDWSVEGI-PKNBQFBNSA-N,1,train
c1ccc(COc2cccc3[nH]nc(-c4nc5cc(N6CCC(N7CCCCC7)CC6)ccc5[nH]4)c23)cc1,0.46,c1ccc(COc2cccc3[nH]nc(-c4nc5cc(N6CCC(N7CCCCC7)CC6)ccc5[nH]4)c23)cc1,WDNZQFHFETZMGC-UHFFFAOYSA-N,1,train
CN(C)CCOc1cccc(-c2ccnc(NCc3ccc(C(=O)Nc4ccccc4N)cc3)n2)c1,11.0,CN(C)CCOc1cccc(-c2ccnc(NCc3ccc(C(=O)Nc4ccccc4N)cc3)n2)c1,LKGLUPJYARHGDQ-UHFFFAOYSA-N,0,train
CC(CC[C@H]1/C(=C/c2ccc(F)cc2)CC[C@H]2C(C)(C)CCC[C@]12C)CC(=O)O,200.0,CC(CC[C@H]1/C(=C/c2ccc(F)cc2)CC[C@H]2C(C)(C)CCC[C@]12C)CC(=O)O,NKTITYCMVHGZMX-KDWPZALGSA-N,0,train
NC(=O)C1(c2ccccc2CCc2nc(Nc3cnn(C4CCNCC4)c3)ncc2Cl)CC1,0.393,NC(=O)C1(c2ccccc2CCc2nc(Nc3cnn(C4CCNCC4)c3)ncc2Cl)CC1,GVZZEKBXTZEWOA-UHFFFAOYSA-N,1,train
CCCCCCCCCCCCCCN(NC(=O)COC)C(=O)CCCCCCCCC,103.1,CCCCCCCCCCCCCCN(NC(=O)COC)C(=O)CCCCCCCCC,SVSXISFILAPXOR-UHFFFAOYSA-N,0,train
Cc1c2ccc(N(C)c3ccnc(Nc4ccc(C(=O)Nc5ccccc5N)cc4)n3)cc2nn1C,16.0,Cc1c2ccc(N(C)c3ccnc(Nc4ccc(C(=O)Nc5ccccc5N)cc4)n3)cc2nn1C,IPBGKKBBYNOXCG-UHFFFAOYSA-N,0,train
NC1=NC(c2ccccc2)Cc2ccccc21,9.0,NC1=NC(c2ccccc2)Cc2ccccc21,NXQKWROQUYKWQS-UHFFFAOYSA-N,1,train
O=C(Nc1cncnc1)Nc1cc(F)cc(-c2n[nH]c3ncc(-c4ccc(CN5CCOCC5)cc4)cc23)c1,40.0,O=C(Nc1cncnc1)Nc1cc(F)cc(-c2n[nH]c3ncc(-c4ccc(CN5CCOCC5)cc4)cc23)c1,CIBNJPAPNFXEMP-UHFFFAOYSA-N,0,train
O=C(CCCCCNc1nn2c(=O)c3cc(Br)ccc3nc2c2ccccc12)NO,2.51,O=C(CCCCCNc1nn2c(=O)c3cc(Br)ccc3nc2c2ccccc12)NO,FOVKWGOMUSPMLY-UHFFFAOYSA-N,1,train
C[C@H]1[C@H](C)CC[C@]2(C(=O)Nc3cccc(F)c3)CC[C@]3(C)C(=CC(=O)[C@@H]4[C@@]5(C)C[C@@H](O)[C@H](O)[C@@](C)(CO)[C@@H]5CC[C@]43C)[C@H]12,100.0,C[C@H]1[C@H](C)CC[C@]2(C(=O)Nc3cccc(F)c3)CC[C@]3(C)C(=CC(=O)[C@@H]4[C@@]5(C)C[C@@H](O)[C@H](O)[C@@](C)(CO)[C@@H]5CC[C@]43C)[C@H]12,YTMLLZRHWKHWGD-SUCQNGCESA-N,0,train
COc1ccc2c(c1O)CCCC=C2c1cc(OC)c(OC)c(OC)c1,0.0046,COc1ccc2c(c1O)CCCC=C2c1cc(OC)c(OC)c(OC)c1,POKSJDZWALGTEH-UHFFFAOYSA-N,1,train
Cl.Clc1ccc(Nc2cc3nc4ccccc4n(-c4ccc(Cl)cc4)c-3c/c2=N/CC23CCCN2CCC3)cc1,3.57,Clc1ccc(Nc2cc3nc4ccccc4n(-c4ccc(Cl)cc4)c-3c/c2=N/CC23CCCN2CCC3)cc1,XCUBJOLYBROHRY-LSWMGQQCSA-N,1,train
C[C@H]1CC[C@@]2(OC1)O[C@H]1C[C@H]3[C@@H]4CC[C@@H]5C[C@@H](O[C@@H]6O[C@H](CO[C@@H]7OC[C@H](O)[C@H](O)[C@H]7O)[C@@H](O[C@@H]7OC[C@H](O)[C@H](O)[C@H]7O)[C@H](O)[C@H]6O[C@@H]6O[C@H](CO)[C@@H](O)[C@H](O)[C@H]6O)CC[C@]5(C)[C@H]4CC[C@]3(C)[C@H]1[C@@H]2C,4.1,C[C@H]1CC[C@@]2(OC1)O[C@H]1C[C@H]3[C@@H]4CC[C@@H]5C[C@@H](O[C@@H]6O[C@H](CO[C@@H]7OC[C@H](O)[C@H](O)[C@H]7O)[C@@H](O[C@@H]7OC[C@H](O)[C@H](O)[C@H]7O)[C@H](O)[C@H]6O[C@@H]6O[C@H](CO)[C@@H](O)[C@H](O)[C@H]6O)CC[C@]5(C)[C@H]4CC[C@]3(C)[C@H]1[C@@H]2C,GLLQBFOUGGRCKY-YDJQLIBBSA-N,1,train
COc1ccc([C@H]2O[C@H](c3cc(OC)c(OC)c(OC)c3)[C@@H](C)[C@H]2C)cc1OC,27.19,COc1ccc([C@H]2O[C@H](c3cc(OC)c(OC)c(OC)c3)[C@@H](C)[C@H]2C)cc1OC,FUFHSLKNBJRCDG-RUGJYQHNSA-N,0,train
O=C(CCC(=O)OCCCCCCSc1ccc([N+](=O)[O-])c2nonc12)Nc1cccc(Cl)c1,1.09,O=C(CCC(=O)OCCCCCCSc1ccc([N+](=O)[O-])c2nonc12)Nc1cccc(Cl)c1,JEFQBIOPMODGFH-UHFFFAOYSA-N,1,train
CN1CC[C@H](c2c(O)cc(O)c3c(=O)cc(-c4ccccc4Cl)oc23)[C@H](O)C1,0.061,CN1CC[C@H](c2c(O)cc(O)c3c(=O)cc(-c4ccccc4Cl)oc23)[C@H](O)C1,BIIVYFLTOXDAOV-YVEFUNNKSA-N,1,train
C=CC(=O)Nc1cc(Cn2ncc3ccc(Br)cc32)ccc1F,69.72,C=CC(=O)Nc1cc(Cn2ncc3ccc(Br)cc32)ccc1F,YTUFDWZVYPHDSZ-UHFFFAOYSA-N,0,train
CC(=O)N1CCC(NC(=O)NC2CCC(C)(C)CC2)CC1,0.038,CC(=O)N1CCC(NC(=O)NC2CCC(C)(C)CC2)CC1,UDPVDDGIONATCV-UHFFFAOYSA-N,1,train
Cn1cc2c(n1)CCc1c-2c2c(c3c4cc(C5CCCCO5)ccc4n(CCO)c13)CNC2=O,0.05,Cn1cc2c(n1)CCc1c-2c2c(c3c4cc(C5CCCCO5)ccc4n(CCO)c13)CNC2=O,CXCZDVRUMYTFMF-UHFFFAOYSA-N,1,train
CN1C(=O)N(c2cc(Cl)cc(Cl)c2)C(=O)[C@]12CN(c1nc3ccc(C(=O)O)cc3o1)C[C@H]2c1ccc(C#N)cc1,0.006,CN1C(=O)N(c2cc(Cl)cc(Cl)c2)C(=O)[C@]12CN(c1nc3ccc(C(=O)O)cc3o1)C[C@H]2c1ccc(C#N)cc1,YJPXVQLGBKABGV-RBTNQOKQSA-N,1,train
Fc1cccc2c(-c3nc4cc(N5CCC(N6CCCCC6)CC5)ccc4[nH]3)[nH]nc12,1.4,Fc1cccc2c(-c3nc4cc(N5CCC(N6CCCCC6)CC5)ccc4[nH]3)[nH]nc12,NQEUWNINQFWRML-UHFFFAOYSA-N,1,train
Oc1ccccc1C1C=CCCC1,31.5,Oc1ccccc1C1C=CCCC1,NIZZSXXQUHXUDC-UHFFFAOYSA-N,0,train
O=C1Nc2ccccc2/C1=C\C1C=CC=C(/C=C2/C(=O)N(Cc3ccccc3)c3ccccc32)N1,20.0,O=C1Nc2ccccc2/C1=C\C1C=CC=C(/C=C2/C(=O)N(Cc3ccccc3)c3ccccc32)N1,ZXWCKSVCLSTWLD-RPCRKUJJSA-N,0,train
COc1cc2nccc(Oc3ccc4c(C(=O)Nc5ccc(C(C)(C)C)cc5)cccc4c3)c2cc1OC,0.063,COc1cc2nccc(Oc3ccc4c(C(=O)Nc5ccc(C(C)(C)C)cc5)cccc4c3)c2cc1OC,GNDQXLLPZBCHBZ-UHFFFAOYSA-N,1,train
CCOP(=O)(CCn1cc(CN2C(=O)c3cccc4c(Br)ccc(c34)C2=O)nn1)OCC,250.0,CCOP(=O)(CCn1cc(CN2C(=O)c3cccc4c(Br)ccc(c34)C2=O)nn1)OCC,GVFWHHGNERKLAZ-UHFFFAOYSA-N,0,train
CCCC[C@@H](C)C[C@@H]1NC(=O)[C@H](Cc2cn(OC)c3ccccc23)N(C)C(=O)[C@H](CC(C)C)NC(=O)[C@H](CC(C)C)N(C)C(=O)[C@H](C[C@H](C)CCCC)NC(=O)[C@@H](C)OC(=O)[C@H](C)N(C)C1=O,0.002,CCCC[C@@H](C)C[C@@H]1NC(=O)[C@H](Cc2cn(OC)c3ccccc23)N(C)C(=O)[C@H](CC(C)C)NC(=O)[C@H](CC(C)C)N(C)C(=O)[C@H](C[C@H](C)CCCC)NC(=O)[C@@H](C)OC(=O)[C@H](C)N(C)C1=O,ZKMMOYQNHITERA-PTTZBZPBSA-N,1,train
CO[C@H]1[C@@H]([C@@]2(C)O[C@@H]2CC=C(C)C)[C@]2(CC[C@H]1OC(=O)NC(=O)CCl)CO2,0.00025,CO[C@H]1[C@@H]([C@@]2(C)O[C@@H]2CC=C(C)C)[C@]2(CC[C@H]1OC(=O)NC(=O)CCl)CO2,MSHZHSPISPJWHW-FRDQJGBZSA-N,1,train
CC(C)c1c(CC(N)=O)[nH]c2ccc(Br)cc12,45.0,CC(C)c1c(CC(N)=O)[nH]c2ccc(Br)cc12,VBWIUUXBNGYYGO-UHFFFAOYSA-N,0,train
CCOC(=O)C1C(c2cccc(F)c2)N(c2ccccc2)OC12C(=O)Nc1ccccc12,35.0,CCOC(=O)C1C(c2cccc(F)c2)N(c2ccccc2)OC12C(=O)Nc1ccccc12,HCZOZPSZXOFSFO-UHFFFAOYSA-N,0,train
CCCCc1c(CC(N)=O)[nH]c2ccc(Cl)cc12,20.0,CCCCc1c(CC(N)=O)[nH]c2ccc(Cl)cc12,JLOWQOPBSCWQPN-UHFFFAOYSA-N,0,train
O=c1c([C@]2(O)CC[C@@H](O)[C@H](O)C2)coc2cc(O)cc(O)c12,162.0,O=c1c([C@]2(O)CC[C@@H](O)[C@H](O)C2)coc2cc(O)cc(O)c12,LYKJAYDNDPZVTH-OSQNNJELSA-N,0,train
Cc1cc(C(=O)Nc2cc(Oc3ccc4nc(NC(=O)C5CC5)nn4c3)ccc2C)n(C)n1,0.0013,Cc1cc(C(=O)Nc2cc(Oc3ccc4nc(NC(=O)C5CC5)nn4c3)ccc2C)n(C)n1,RORDPBNOPANGFZ-UHFFFAOYSA-N,1,train
O=C(Nc1ccc(Nc2ccc([N+](=O)[O-])c3ncnc(O)c23)cc1)c1ccccc1F,23.8,O=C(Nc1ccc(Nc2ccc([N+](=O)[O-])c3ncnc(O)c23)cc1)c1ccccc1F,BBJOAGISDYJWNB-UHFFFAOYSA-N,0,train
Nc1nc(NCc2ccc(C(=O)Nc3ccccc3N)cc2)nc(N2CCOCC2)n1,40.0,Nc1nc(NCc2ccc(C(=O)Nc3ccccc3N)cc2)nc(N2CCOCC2)n1,OAYMDQYASRZPRZ-UHFFFAOYSA-N,0,train
CCOc1ccc(-c2cn[nH]c2-c2cc(C)nc3ccccc23)cc1,0.71,CCOc1ccc(-c2cn[nH]c2-c2cc(C)nc3ccccc23)cc1,HEXRGZYMSXYNEN-UHFFFAOYSA-N,1,train
Cc1cc(O)c(O)c(C2C=CCCC2)c1,15.3,Cc1cc(O)c(O)c(C2C=CCCC2)c1,CTAHCJZEZUISLM-UHFFFAOYSA-N,0,train
Cc1ccc(NC(=O)Cn2cc(-c3ccc4c(NC(=O)c5ccc(N)cc5)n[nH]c4c3)cn2)cc1C(F)(F)F,0.11,Cc1ccc(NC(=O)Cn2cc(-c3ccc4c(NC(=O)c5ccc(N)cc5)n[nH]c4c3)cn2)cc1C(F)(F)F,YNLPHKBRICRKCX-UHFFFAOYSA-N,1,train
NCCCC[C@H](NC(=O)[C@H](CSC1c2ccccc2-c2ccccc21)NC(=O)[C@H](Cc1c[nH]c2ccccc12)NC(=O)[C@H](CCCCN)NC(=O)[C@H](CCCCN)NC(=O)[C@H](Cc1c[nH]c2ccccc12)NC(=O)[C@H](Cc1c[nH]c2ccccc12)NC(=O)[C@H](CCCCN)NC(=O)[C@@H](N)CCCCN)C(N)=O,106.5,NCCCC[C@H](NC(=O)[C@H](CSC1c2ccccc2-c2ccccc21)NC(=O)[C@H](Cc1c[nH]c2ccccc12)NC(=O)[C@H](CCCCN)NC(=O)[C@H](CCCCN)NC(=O)[C@H](Cc1c[nH]c2ccccc12)NC(=O)[C@H](Cc1c[nH]c2ccccc12)NC(=O)[C@H](CCCCN)NC(=O)[C@@H](N)CCCCN)C(N)=O,UYKVGZVWWNRYFR-LMDOOZLCSA-N,0,train
Cc1c(O)c(O)cc2oc3cc(O)cc(O)c3c(=O)c12,1.8,Cc1c(O)c(O)cc2oc3cc(O)cc(O)c3c(=O)c12,YPBXGIBBOZOVPM-UHFFFAOYSA-N,1,train
CCN1CCC(Nc2ccc3c(c2)C(=C(c2cccc(F)c2)c2ncc[nH]2)C(=O)N3)CC1,0.02,CCN1CCC(Nc2ccc3c(c2)C(=C(c2cccc(F)c2)c2ncc[nH]2)C(=O)N3)CC1,CYPOOUITBHWAKE-UHFFFAOYSA-N,1,train
CCn1ncc2c(Oc3ccc4c(c3)nc(Nc3ccc(Br)cc3)n4C)ncnc21,10.15,CCn1ncc2c(Oc3ccc4c(c3)nc(Nc3ccc(Br)cc3)n4C)ncnc21,NLIGZSPVEZFOPI-UHFFFAOYSA-N,0,train
Cc1cc(C(=O)Nc2cc(C(=O)c3ccc4c(/C=C/c5ccccn5)n[nH]c4c3)ccc2C)n(C(C)C)n1,0.016,Cc1cc(C(=O)Nc2cc(C(=O)c3ccc4c(/C=C/c5ccccn5)n[nH]c4c3)ccc2C)n(C(C)C)n1,FAJMEFIHVWDBBZ-ACCUITESSA-N,1,train
O/N=C1/C(c2c[nH]c3ccccc23)=Nc2ccccc21,100.0,O/N=C1/C(c2c[nH]c3ccccc23)=Nc2ccccc21,XAAWBVZEDORGKZ-KNTRCKAVSA-N,0,train
CCOC(=O)CNC(=O)C(=O)C(COCc1ccccc1)NC(=O)[C@H](CC1CCCCC1)NC(=O)c1cc(Cl)cc([N+](=O)[O-])c1,50.0,CCOC(=O)CNC(=O)C(=O)C(COCc1ccccc1)NC(=O)[C@H](CC1CCCCC1)NC(=O)c1cc(Cl)cc([N+](=O)[O-])c1,LOSWFQBYTCSZON-PMCHYTPCSA-N,0,train
COc1cc2c(Nc3ccc(Br)cc3F)ncnc2cc1OC[C@@H]1CCCN(C)C1,10.0,COc1cc2c(Nc3ccc(Br)cc3F)ncnc2cc1OC[C@@H]1CCCN(C)C1,JFGLOXKNWPNMQT-CQSZACIVSA-N,1,train
Nc1nc2cc(-c3nn(CCCC(=O)OCC#CCOc4no[n+]([O-])c4S(=O)(=O)c4ccccc4)c4ncnc(N)c34)ccc2o1,10.0,Nc1nc2cc(-c3nn(CCCC(=O)OCC#CCOc4no[n+]([O-])c4S(=O)(=O)c4ccccc4)c4ncnc(N)c34)ccc2o1,WMHGFJMAIKSUNK-UHFFFAOYSA-N,1,train
CN1CCC(Cc2ccc(F)c(CNC3(c4ccc(F)cc4)CCCC3)c2)CC1,30.0,CN1CCC(Cc2ccc(F)c(CNC3(c4ccc(F)cc4)CCCC3)c2)CC1,QZCLNUSUPKPZFB-UHFFFAOYSA-N,0,train
COc1ccc(S(=O)(=O)N(CC(=O)NO)CC(C)C)cc1,250.0,COc1ccc(S(=O)(=O)N(CC(=O)NO)CC(C)C)cc1,JIRXORZYIXSWOB-UHFFFAOYSA-N,0,train
COc1cc2c(cc1NC=O)CC[C@@H]1[C@@H]2CC[C@]2(C)[C@@H](O)CC[C@@H]12,0.07,COc1cc2c(cc1NC=O)CC[C@@H]1[C@@H]2CC[C@]2(C)[C@@H](O)CC[C@@H]12,XDBZOEBSBFTGMR-BKRJIHRRSA-N,1,train
O=C1Nc2ccccc2/C1=C/c1ccc(-c2cn(-c3ccccc3F)nn2)cc1,19.26,O=C1Nc2ccccc2/C1=C/c1ccc(-c2cn(-c3ccccc3F)nn2)cc1,IXJQFOZMVCDILU-AQTBWJFISA-N,0,train
CCOC(=O)/C=C1/C(=O)N(CC(=O)OCC)c2ccccc21,55.0,CCOC(=O)/C=C1/C(=O)N(CC(=O)OCC)c2ccccc21,NCZYOOPHMYUEHI-FMIVXFBMSA-N,0,train
CCN(CC)CC(=O)Nc1ccc(Nc2nc3cc(OC)ccc3cc2-c2ccc(OC)cc2)cc1,14.0,CCN(CC)CC(=O)Nc1ccc(Nc2nc3cc(OC)ccc3cc2-c2ccc(OC)cc2)cc1,VKRDAGMOKAUYEH-UHFFFAOYSA-N,0,train
CCOCCOC(=O)C1=CC[C@@]23CC[C@@H]([C@@](C)(/C=C/C=C(\C)C(=O)O)OC2=O)[C@@]3(OC(C)=O)CC1,5.0,CCOCCOC(=O)C1=CC[C@@]23CC[C@@H]([C@@](C)(/C=C/C=C(\C)C(=O)O)OC2=O)[C@@]3(OC(C)=O)CC1,HRGITGLNQYYUKA-YYWSYFIHSA-N,1,train
CN[C@@H]1C[C@H]2O[C@@](C)([C@@H]1OC)n1c3ccccc3c3c4c(c5c6ccccc6n2c5c31)C(=O)NC4,0.004,CN[C@@H]1C[C@H]2O[C@@](C)([C@@H]1OC)n1c3ccccc3c3c4c(c5c6ccccc6n2c5c31)C(=O)NC4,HKSZLNNOFSGOKW-FYTWVXJKSA-N,1,train
Cc1c(COc2cc(OCCC(C)(C)O)ccn2)[nH]c2ccccc2c1=O,0.14,Cc1c(COc2cc(OCCC(C)(C)O)ccn2)[nH]c2ccccc2c1=O,JJUYZHJELDSQJK-UHFFFAOYSA-N,1,train
Cc1ccc(Sc2cncc3sc(C(=O)c4ccccc4)cc23)cc1,15.0,Cc1ccc(Sc2cncc3sc(C(=O)c4ccccc4)cc23)cc1,SHYPADXIXXYMGH-UHFFFAOYSA-N,0,train
O=C1/C(=C/c2ccc(Cl)cc2)C(c2ccccc2)Oc2ccccc21,6.9,O=C1/C(=C/c2ccc(Cl)cc2)C(c2ccccc2)Oc2ccccc21,GKLOKWXEPRNITG-RGEXLXHISA-N,1,train
c1ccc2sc(-c3cn[nH]c3NCCc3cnc[nH]3)nc2c1,21.3,c1ccc2sc(-c3cn[nH]c3NCCc3cnc[nH]3)nc2c1,SKFIGKZRFZMUKR-UHFFFAOYSA-N,0,train
CC(=O)N[C@@H](CCCCN)C(=O)N[C@@H](CCCCN)C(=O)N[C@@H](Cc1c[nH]c2ccccc12)C(=O)N[C@@H](Cc1c[nH]c2ccccc12)C(=O)N[C@@H](CCCCN)C(=O)N[C@@H](CCCCN)C(=O)N[C@@H](Cc1c[nH]c2ccccc12)C(=O)N[C@@H](CSC(c1ccccc1)c1ccccc1)C(=O)N[C@@H](CCCCN)C(=O)NN,42.4,CC(=O)N[C@@H](CCCCN)C(=O)N[C@@H](CCCCN)C(=O)N[C@@H](Cc1c[nH]c2ccccc12)C(=O)N[C@@H](Cc1c[nH]c2ccccc12)C(=O)N[C@@H](CCCCN)C(=O)N[C@@H](CCCCN)C(=O)N[C@@H](Cc1c[nH]c2ccccc12)C(=O)N[C@@H](CSC(c1ccccc1)c1ccccc1)C(=O)N[C@@H](CCCCN)C(=O)NN,FUUDDKQNARXSBW-ZYRIWVEHSA-N,0,train
COc1cccc2c1CCc1sc(N)nc1-2,10.0,COc1cccc2c1CCc1sc(N)nc1-2,RVRXGFWHCVTYRK-UHFFFAOYSA-N,1,train
O=C(Nc1ccccc1)Nc1ccc2c(c1)NC(=O)/C2=C\c1ccc[nH]1,0.001,O=C(Nc1ccccc1)Nc1ccc2c(c1)NC(=O)/C2=C\c1ccc[nH]1,BFAFTEXTXVWPSX-BOPFTXTBSA-N,1,train
COc1ccc(CC2COc3cc(OC)c(OC)c(OC)c3C2=O)cc1OC(=O)CCc1ccccc1,38.0,COc1ccc(CC2COc3cc(OC)c(OC)c(OC)c3C2=O)cc1OC(=O)CCc1ccccc1,QNEDZBSKSMSMIV-UHFFFAOYSA-N,0,train
CCOC(=O)C1ON(c2ccccc2)C(c2ccc(F)cc2)C12C(=O)Nc1ccc(F)cc12,111.0,CCOC(=O)C1ON(c2ccccc2)C(c2ccc(F)cc2)C12C(=O)Nc1ccc(F)cc12,LZVMJFSZBVBIQD-UHFFFAOYSA-N,0,train
Fc1ccc2scc(-c3ccc(CNCCCNc4ccnc5cc(Cl)ccc45)c(F)c3)c2c1,1.98,Fc1ccc2scc(-c3ccc(CNCCCNc4ccnc5cc(Cl)ccc45)c(F)c3)c2c1,MDJZCEWLJGJAJV-UHFFFAOYSA-N,1,train
Cn1cc(Nc2ncc(Cl)c(CCc3ccccc3C3(C(N)=O)CC3)n2)cn1,0.257,Cn1cc(Nc2ncc(Cl)c(CCc3ccccc3C3(C(N)=O)CC3)n2)cn1,KUZRTSMZHWGUIV-UHFFFAOYSA-N,1,train
COc1ccc(/C=C/c2cccc(NC(=O)Nc3ccccc3Cl)c2)cc1,100.0,COc1ccc(/C=C/c2cccc(NC(=O)Nc3ccccc3Cl)c2)cc1,ZZMUDVNNINVFGY-MDZDMXLPSA-N,0,train
c1ccc(COc2cccc3c(-c4nc5cc(N6CCC(N7CCCCC7)CC6)ccc5[nH]4)[nH]nc23)cc1,1.8,c1ccc(COc2cccc3c(-c4nc5cc(N6CCC(N7CCCCC7)CC6)ccc5[nH]4)[nH]nc23)cc1,UIKVMQIVWDEOSV-UHFFFAOYSA-N,1,train
COc1cc2c(cc1N)CC(C(=O)c1ccc(OC)c(OC)c1OC)CC2,1.3,COc1cc2c(cc1N)CC(C(=O)c1ccc(OC)c(OC)c1OC)CC2,DJYSTWUMUZCNKA-UHFFFAOYSA-N,1,train
CC(C)(Nc1nc(O)nc(Nc2ccc3ncsc3c2)n1)c1ccccc1,0.4,CC(C)(Nc1nc(O)nc(Nc2ccc3ncsc3c2)n1)c1ccccc1,BJNCGWGKNWXUIL-UHFFFAOYSA-N,1,train
CCc1nccn1C[C@@]1(c2ccc(Cl)cc2Cl)OC[C@@H](COc2ccc(N3CCN(c4ccc(-n5cnn(C(C)CC)c5=O)cc4)CC3)cc2)O1,0.224,CCc1nccn1C[C@@]1(c2ccc(Cl)cc2Cl)OC[C@@H](COc2ccc(N3CCN(c4ccc(-n5cnn(C(C)CC)c5=O)cc4)CC3)cc2)O1,PRAHWIFJCZPBPV-KEVRJNERSA-N,1,train
COc1ccc(/C=C\c2cc(I)c(OC)c(I)c2)cc1O,0.0009,COc1ccc(/C=C\c2cc(I)c(OC)c(I)c2)cc1O,LDMKJXAAAZJBOK-ARJAWSKDSA-N,1,train
CCN(CC)c1ccc2cc(-c3nc4ccccc4o3)c(=O)oc2c1,0.12,CCN(CC)c1ccc2cc(-c3nc4ccccc4o3)c(=O)oc2c1,UJOQSHCJYVRZKJ-UHFFFAOYSA-N,1,train
COc1ccc2c(c1)SCc1cnc(Nc3cccc(Cl)c3)nc1-2,11.19,COc1ccc2c(c1)SCc1cnc(Nc3cccc(Cl)c3)nc1-2,JPQNKBYYKVCKCO-UHFFFAOYSA-N,0,train
CCCc1c(CC(N)=O)[nH]c2ccc(Cl)cc12,24.0,CCCc1c(CC(N)=O)[nH]c2ccc(Cl)cc12,KDRSSDXMNDPBLQ-UHFFFAOYSA-N,0,train
O=c1c2ccccc2nc2n1CCc1c-2[nH]c2ccccc12,16.54,O=c1c2ccccc2nc2n1CCc1c-2[nH]c2ccccc12,ACVGWSKVRYFWRP-UHFFFAOYSA-N,0,train
C=C1OC(=O)C2=C1[C@H]1CC[C@]34C[C@](C)(CC[C@H]3[C@]1(C)CC2)C(=O)[C@H]4CN(C)C,16.0,C=C1OC(=O)C2=C1[C@H]1CC[C@]34C[C@](C)(CC[C@H]3[C@]1(C)CC2)C(=O)[C@H]4CN(C)C,QYOURVBXGDFNAQ-YXDQQGJSSA-N,0,train
COC(=O)[C@@H](CC(C)C)NC(=O)O[C@@H]1CC[C@]2(CO2)[C@H]([C@@]2(C)O[C@@H]2CC=C(C)C)[C@@H]1OC,3.8e-05,COC(=O)[C@@H](CC(C)C)NC(=O)O[C@@H]1CC[C@]2(CO2)[C@H]([C@@]2(C)O[C@@H]2CC=C(C)C)[C@@H]1OC,VQEZAFGBHLSOAM-FRTLKMCASA-N,1,train
C[C@H]1[C@H](S(=O)(=O)c2ccccc2)O[C@@H]2O[C@]3(C)CC[C@H]4[C@H](C)CC[C@@H]1[C@@]24OO3,12.77,C[C@H]1[C@H](S(=O)(=O)c2ccccc2)O[C@@H]2O[C@]3(C)CC[C@H]4[C@H](C)CC[C@@H]1[C@@]24OO3,RVHHVKGXJYWAFY-UIDINZOYSA-N,0,train
Cl.Clc1ccc(-n2c3c/c(=N/CCCCC45CCCCN4CCCC5)c(Nc4cccnc4)cc-3nc3ccccc32)cc1,2.33,Clc1ccc(-n2c3c/c(=N/CCCCC45CCCCN4CCCC5)c(Nc4cccnc4)cc-3nc3ccccc32)cc1,BTYMJKIHMVXXJT-RZLPTWENSA-N,1,train
COc1ccc(CC2COc3cc(OC)c(OC)c(OC)c3C2=O)cc1NC(=O)[C@H](Cc1ccc(OCc2ccccc2)cc1)NC(=O)OC(C)(C)C,100.0,COc1ccc(CC2COc3cc(OC)c(OC)c(OC)c3C2=O)cc1NC(=O)[C@H](Cc1ccc(OCc2ccccc2)cc1)NC(=O)OC(C)(C)C,BCWMYSCFOVBMIW-JFINJBMXSA-N,0,train
CC(Nc1ccccc1Oc1ccc(Cl)cc1)=C1C(=O)CC(c2ccccc2)CC1=O,0.26,CC(Nc1ccccc1Oc1ccc(Cl)cc1)=C1C(=O)CC(c2ccccc2)CC1=O,FEHHJXIEACKXCQ-UHFFFAOYSA-N,1,train
COc1cc2nccc(Oc3cc4cccc(C(=O)Nc5ccc(Cl)cc5)c4cn3)c2cc1OC,0.175,COc1cc2nccc(Oc3cc4cccc(C(=O)Nc5ccc(Cl)cc5)c4cn3)c2cc1OC,WUANCPLKWGTTNL-UHFFFAOYSA-N,1,train
C=CCOC(=O)/C=C/c1coc2cc(O)ccc2c1=O,273.0,C=CCOC(=O)/C=C/c1coc2cc(O)ccc2c1=O,XCYRRSURHUEHAM-ZZXKWVIFSA-N,0,train
CCN(CC)c1ccc(-c2nc3c(C)c(C)ccc3c(C(=O)O)c2O)cc1,19.0,CCN(CC)c1ccc(-c2nc3c(C)c(C)ccc3c(C(=O)O)c2O)cc1,XKLXURVVBPOZEW-UHFFFAOYSA-N,0,train
COc1ccc(/C=C/C(=O)N2C[C@@H](NC(=O)c3ccc4no[n+]([O-])c4c3)C[C@H]2C(=O)NO)cc1OC,36.26,COc1ccc(/C=C/C(=O)N2C[C@@H](NC(=O)c3ccc4no[n+]([O-])c4c3)C[C@H]2C(=O)NO)cc1OC,NTWDIGYKYNMIHM-RYGKFZFLSA-N,0,train
O=c1cc(-c2ccccc2)oc2cc(O)c(O)c(O)c12,3.7,O=c1cc(-c2ccccc2)oc2cc(O)c(O)c(O)c12,FXNFHKRTJBSTCS-UHFFFAOYSA-N,1,train
COc1cc2ncnc(Oc3ccc(NC(=O)Nc4ccc(CN5CCOCC5)c(C(F)(F)F)c4)c4ccccc34)c2cc1OC,0.63,COc1cc2ncnc(Oc3ccc(NC(=O)Nc4ccc(CN5CCOCC5)c(C(F)(F)F)c4)c4ccccc34)c2cc1OC,VUIQMETZHJGDMY-UHFFFAOYSA-N,1,train
Oc1cc(Br)c(Cc2ccc(O)c(Br)c2)cc1O,13.0,Oc1cc(Br)c(Cc2ccc(O)c(Br)c2)cc1O,JLDKMLRHNQYNLA-UHFFFAOYSA-N,0,train
COc1cc2c(cc1O)CC[C@@H]1[C@@H]2CC[C@]2(C)[C@@H](O)[C@H](CN(C)C)C[C@@H]12,36.82,COc1cc2c(cc1O)CC[C@@H]1[C@@H]2CC[C@]2(C)[C@@H](O)[C@H](CN(C)C)C[C@@H]12,IFNJOZIBBUXVCP-ZOWAETONSA-N,0,train
Cn1cnc(-c2cc3nccc(Oc4ccc(NC(=S)NC(=O)Cc5ccccc5)cc4F)c3s2)c1,0.03,Cn1cnc(-c2cc3nccc(Oc4ccc(NC(=S)NC(=O)Cc5ccccc5)cc4F)c3s2)c1,UFICVEHDQUKCEA-UHFFFAOYSA-N,1,train
CC[C@@H]([C@H](C)O)n1ncn(-c2ccc(N3CCN(c4ccc(OC[C@@H]5CO[C@@](Cn6cncn6)(c6ccc(F)cc6F)C5)cc4)CC3)cc2)c1=O,1.6,CC[C@@H]([C@H](C)O)n1ncn(-c2ccc(N3CCN(c4ccc(OC[C@@H]5CO[C@@](Cn6cncn6)(c6ccc(F)cc6F)C5)cc4)CC3)cc2)c1=O,RAGOYPUPXAKGKH-XAKZXMRKSA-N,1,train
O=c1c(C2=CCCC(O)C2O)coc2cc(O)cc(O)c12,17.0,O=c1c(C2=CCCC(O)C2O)coc2cc(O)cc(O)c12,ZBQQZKLERPLUEV-UHFFFAOYSA-N,0,train
COc1cc(Nc2ncnc3cc(-c4ccc(C)cc4)sc23)cc(OC)c1OC,0.056,COc1cc(Nc2ncnc3cc(-c4ccc(C)cc4)sc23)cc(OC)c1OC,IXKCNJIWRNIRNO-UHFFFAOYSA-N,1,train
CN1C(=O)N(c2cc(Cl)cc(Cl)c2)C(=O)[C@]12CN(C(=O)c1ccc3ncccc3c1)C[C@H]2c1ccc(C#N)cc1,0.003,CN1C(=O)N(c2cc(Cl)cc(Cl)c2)C(=O)[C@]12CN(C(=O)c1ccc3ncccc3c1)C[C@H]2c1ccc(C#N)cc1,YCCWPJKUJHZBMA-SETSBSEESA-N,1,train
CCC(C)n1ncn(-c2ccc(N3CCN(c4ccc(OC[C@@H]5CO[C@@](Cn6cnnn6)(c6ccc(Cl)cc6Cl)O5)cc4)CC3)cc2)c1=O,0.073,CCC(C)n1ncn(-c2ccc(N3CCN(c4ccc(OC[C@@H]5CO[C@@](Cn6cnnn6)(c6ccc(Cl)cc6Cl)O5)cc4)CC3)cc2)c1=O,WHQYAUJFJVHMCU-ZOTGSTGKSA-N,1,train
Cc1ccc(C(=O)Nc2cccc(Nc3ccc([N+](=O)[O-])c4ncnc(O)c34)c2)cc1,80.5,Cc1ccc(C(=O)Nc2cccc(Nc3ccc([N+](=O)[O-])c4ncnc(O)c34)c2)cc1,GQUNQDSOEGXGBY-UHFFFAOYSA-N,0,train
COc1ccc(C(C)=O)cc1COc1ccc(Cl)c(C)c1,1.3,COc1ccc(C(C)=O)cc1COc1ccc(Cl)c(C)c1,JYCIAPZPVCQSNP-UHFFFAOYSA-N,1,train
COc1ccc(C(=O)[C@@H]2[C@@H](P(=O)(O)O)N(C)O[C@H]2c2ccccc2)c(O)c1,100.0,COc1ccc(C(=O)[C@@H]2[C@@H](P(=O)(O)O)N(C)O[C@H]2c2ccccc2)c(O)c1,UVRYXBNGCLQPIC-RYQLBKOJSA-N,0,train
CC(=O)Nc1n[nH]c2cc(-c3cnn(CC(=O)Nc4ccc(C)c(C(F)(F)F)c4)c3)ccc12,7.15,CC(=O)Nc1n[nH]c2cc(-c3cnn(CC(=O)Nc4ccc(C)c(C(F)(F)F)c4)c3)ccc12,HWNBVURVCAFKST-UHFFFAOYSA-N,1,train
CCOC(=O)/C=C/c1oc2ccc(O)cc2c1C,50.0,CCOC(=O)/C=C/c1oc2ccc(O)cc2c1C,IWVRAWJNANDHES-VOTSOKGWSA-N,0,train
COc1cc(C(=O)c2c(O)cc3c(c2O)CCC(C)(C)O3)cc(OC)c1O,23.9,COc1cc(C(=O)c2c(O)cc3c(c2O)CCC(C)(C)O3)cc(OC)c1O,XQEPZLHTJRKXCM-UHFFFAOYSA-N,0,train
CC(CC[C@H]1/C(=C/c2ccc([N+](=O)[O-])cc2)CC[C@H]2C(C)(C)CCC[C@]12C)CC(=O)O,194.0,CC(CC[C@H]1/C(=C/c2ccc([N+](=O)[O-])cc2)CC[C@H]2C(C)(C)CCC[C@]12C)CC(=O)O,YEJKXTJBZKGRRA-KDWPZALGSA-N,0,train
O=C(c1ccc(O)c(Br)c1)c1cc(O)c(O)cc1Br,2.0,O=C(c1ccc(O)c(Br)c1)c1cc(O)c(O)cc1Br,BDELDANMBLDDNL-UHFFFAOYSA-N,1,train
COc1ccc2c(c1)c(OC(C)C)c(C(N)=O)[s+]2[O-],4.0,COc1ccc2c(c1)c(OC(C)C)c(C(N)=O)[s+]2[O-],VCBBOEAKKOXRTJ-UHFFFAOYSA-N,1,train
CCOP(=O)(OCC)[C@H]1C[C@@H](Cn2c(=O)n(C(=O)c3ccccc3)c(=O)c3ccccc32)ON1Cc1ccccc1,250.0,CCOP(=O)(OCC)[C@H]1C[C@@H](Cn2c(=O)n(C(=O)c3ccccc3)c(=O)c3ccccc32)ON1Cc1ccccc1,AFFMOCZZNLGHNW-IGKIAQTJSA-N,0,train
O=C(Nc1cccc2cccnc12)c1ccc(Cl)nc1,0.1408,O=C(Nc1cccc2cccnc12)c1ccc(Cl)nc1,BNPRJWOKEVYJIT-UHFFFAOYSA-N,1,train
C[C@H]1[C@H](C)CC[C@]2(C(=O)O)CC[C@]3(C)C(=CC[C@@H]4[C@@]5(C)CC[C@H](O)C(C)(C)[C@@H]5CC[C@]43C)[C@H]12,39.3,C[C@H]1[C@H](C)CC[C@]2(C(=O)O)CC[C@]3(C)C(=CC[C@@H]4[C@@]5(C)CC[C@H](O)C(C)(C)[C@@H]5CC[C@]43C)[C@H]12,WCGUUGGRBIKTOS-GPOJBZKASA-N,0,train
COc1cc(-c2ccc(COC(=O)c3cccs3)cc2)nc2ccccc12,100.0,COc1cc(-c2ccc(COC(=O)c3cccs3)cc2)nc2ccccc12,SEEPDSISOPKYHE-UHFFFAOYSA-N,0,train
c1cn2cc(-c3ccc4cn[nH]c4c3)nc(Nc3ccc(N4CCOCC4)cc3)c2n1,1.0,c1cn2cc(-c3ccc4cn[nH]c4c3)nc(Nc3ccc(N4CCOCC4)cc3)c2n1,XSMSNFMDVXXHGJ-UHFFFAOYSA-N,1,train
CCCCCn1cc(CN2C(=O)C3(C(C#N)=C(N)Oc4ccc5c([nH]c6ccccc65)c43)c3ccccc32)nn1,4.8,CCCCCn1cc(CN2C(=O)C3(C(C#N)=C(N)Oc4ccc5c([nH]c6ccccc65)c43)c3ccccc32)nn1,LYIYWWRKUPABPR-UHFFFAOYSA-N,1,train
COc1cc2c(cc1O)CC[C@@H]1[C@@H]2CC[C@@]2(C)[C@H]1CCC2(F)F,58.27,COc1cc2c(cc1O)CC[C@@H]1[C@@H]2CC[C@@]2(C)[C@H]1CCC2(F)F,RALAJOUVYGCJEA-HRJSJKBJSA-N,0,train
CN1CCC(c2ccc(Nc3ncc(Cl)c(CCc4ccccc4C4(C(N)=O)CC4)n3)cc2)CC1,0.897,CN1CCC(c2ccc(Nc3ncc(Cl)c(CCc4ccccc4C4(C(N)=O)CC4)n3)cc2)CC1,VDXARSHJPFZWJT-UHFFFAOYSA-N,1,train
C[C@H]1[C@H](C)CC[C@]2(C(=O)Nc3ccccc3)CC[C@]3(C)C(=CC(=O)[C@@H]4[C@@]5(C)C[C@@H](O)[C@H](O)[C@@](C)(CO)[C@@H]5CC[C@]43C)[C@H]12,100.0,C[C@H]1[C@H](C)CC[C@]2(C(=O)Nc3ccccc3)CC[C@]3(C)C(=CC(=O)[C@@H]4[C@@]5(C)C[C@@H](O)[C@H](O)[C@@](C)(CO)[C@@H]5CC[C@]43C)[C@H]12,LUYPWPOKLSOJKZ-MPEADBHPSA-N,0,train
Cc1c(O)c(C)c2c(c1O)C(=O)CC(c1ccccc1[N+](=O)[O-])O2,5.0,Cc1c(O)c(C)c2c(c1O)C(=O)CC(c1ccccc1[N+](=O)[O-])O2,ZYAFWYNBHLBVBK-UHFFFAOYSA-N,1,train
C=CCNC1=C2C[C@@H](C)C[C@H](OC)[C@H](O)[C@@H](C)/C=C(\C)[C@H](OC(N)=O)[C@@H](OC)/C=C\C=C(/C)C(=O)NC(=C(c3ccccc3)C1=O)C2=O,20.0,C=CCNC1=C2C[C@@H](C)C[C@H](OC)[C@H](O)[C@@H](C)/C=C(\C)[C@H](OC(N)=O)[C@@H](OC)/C=C\C=C(/C)C(=O)NC(=C(c3ccccc3)C1=O)C2=O,UNGLXPLMUZUEAE-SQAUAMJNSA-N,0,train
COc1ccc(-c2ncn(C)c2-c2cc(Br)c(OC)c(Br)c2)cc1F.Cl,0.27,COc1ccc(-c2ncn(C)c2-c2cc(Br)c(OC)c(Br)c2)cc1F,LASPOUBOLNMWAO-UHFFFAOYSA-N,1,train
COc1ccccc1NC(C)=C1C(=O)CC(c2ccc(Cl)cc2)CC1=O,55.0,COc1ccccc1NC(C)=C1C(=O)CC(c2ccc(Cl)cc2)CC1=O,AXZCBFUAWQIZBG-UHFFFAOYSA-N,0,train
c1ccc2c(c1)N=C(c1c[nH]c3ccccc13)/C2=N/OCC1CC1,100.0,c1ccc2c(c1)N=C(c1c[nH]c3ccccc13)/C2=N/OCC1CC1,FCQAJZRIIWDYAS-BSYVCWPDSA-N,0,train
CCCCCCCCCCCCCCCCOP(=O)([O-])OCCC[N+](C)(C)Cc1ccccc1,100.0,CCCCCCCCCCCCCCCCOP(=O)([O-])OCCC[N+](C)(C)Cc1ccccc1,ULZMUEKWXYYLFC-UHFFFAOYSA-N,0,train
C[C@@H]1C[C@H](C)C[C@H](C)[C@@H](O)CC(=O)O[C@H]([C@@H]2CCC[C@H]2C(=O)O)C/C=C/C=C(/C#N)[C@H](O)[C@@H](C)C1,0.0005,C[C@@H]1C[C@H](C)C[C@H](C)[C@@H](O)CC(=O)O[C@H]([C@@H]2CCC[C@H]2C(=O)O)C/C=C/C=C(/C#N)[C@H](O)[C@@H](C)C1,OJCKRNPLOZHAOU-UGKRXNSESA-N,1,train
CNC(=O)CCCCC[C@H](NC(=O)c1cncs1)c1ncc(-c2ccc(-c3ccn[nH]3)cc2)[nH]1,25.0,CNC(=O)CCCCC[C@H](NC(=O)c1cncs1)c1ncc(-c2ccc(-c3ccn[nH]3)cc2)[nH]1,UFQDUCIOZJEAJB-IBGZPJMESA-N,0,train
Nc1c2ncnc-2[nH]c(O)c1-c1nc2ccccc2[nH]1,3.68,Nc1c2ncnc-2[nH]c(O)c1-c1nc2ccccc2[nH]1,FFQQVSHJKNRETB-UHFFFAOYSA-N,1,train
Nc1ccc(-c2cccs2)cc1NC(=O)c1ccc(-c2cn(CS(=O)(=O)c3ccccc3)nn2)cc1,9.85,Nc1ccc(-c2cccs2)cc1NC(=O)c1ccc(-c2cn(CS(=O)(=O)c3ccccc3)nn2)cc1,CKPHTEVIQGSUMQ-UHFFFAOYSA-N,1,train
CC(=O)c1c(Cc2ccccc2)[nH]c(=O)c2cccn12,15.5,CC(=O)c1c(Cc2ccccc2)[nH]c(=O)c2cccn12,NHLSUHWCECGWQN-UHFFFAOYSA-N,0,train
Fc1ccc(/C=N/Nc2nc(-c3ccccc3)cs2)cc1F,100.0,Fc1ccc(/C=N/Nc2nc(-c3ccccc3)cs2)cc1F,MUTYIAFMSPOFEO-DJKKODMXSA-N,0,train
COc1ccc(Nc2ncc3c(n2)-c2ccc(Cl)cc2SC3)cc1OC,2.53,COc1ccc(Nc2ncc3c(n2)-c2ccc(Cl)cc2SC3)cc1OC,CBTNECVXAAQRRW-UHFFFAOYSA-N,1,train
Cc1c2ccccc2c(CSC(=N)N)c2ccccc12,3.5,Cc1c2ccccc2c(CSC(=N)N)c2ccccc12,HXWYHTMSLSSLAO-UHFFFAOYSA-N,1,train
CCN1CCC(Nc2ccc3c(c2)C(=C(c2ccc(C)cc2)c2nc4ccccc4[nH]2)C(=O)N3)CC1,0.01,CCN1CCC(Nc2ccc3c(c2)C(=C(c2ccc(C)cc2)c2nc4ccccc4[nH]2)C(=O)N3)CC1,ACSSIWPJCYCXGD-UHFFFAOYSA-N,1,train
CC(C)NC(=O)c1ccccc1Nc1ncnc(Nc2ccc(CN)cc2)n1,3.2,CC(C)NC(=O)c1ccccc1Nc1ncnc(Nc2ccc(CN)cc2)n1,SYTBQCYSGAAEPW-UHFFFAOYSA-N,1,train
Cc1ccc(Nc2nc3cc(Oc4ncnc5c4cnn5C)ccc3o2)cc1,35.37,Cc1ccc(Nc2nc3cc(Oc4ncnc5c4cnn5C)ccc3o2)cc1,IPFVEBVYKDVFCC-UHFFFAOYSA-N,0,train
CC(=O)O[C@@H]1CC[C@@]2(C)[C@@H](CC[C@]3(C)[C@@H]2C(=O)C=C2[C@@H]4[C@@H](C)[C@H](C)CC[C@]4(C)CC[C@]23C)[C@@]1(C)C(=O)N1CCNCC1,2.36,CC(=O)O[C@@H]1CC[C@@]2(C)[C@@H](CC[C@]3(C)[C@@H]2C(=O)C=C2[C@@H]4[C@@H](C)[C@H](C)CC[C@]4(C)CC[C@]23C)[C@@]1(C)C(=O)N1CCNCC1,SZYRPYKICPTEKS-BNWOMLOISA-N,1,train
CC(C)=CCCC1(C)OC1C=O,162.0,CC(C)=CCCC1(C)OC1C=O,KXDDDNKGVUBFQS-UHFFFAOYSA-N,0,train
Nc1ccccc1NC(=O)c1ccc(CNc2nccc(-c3cccnc3)n2)cc1,20.0,Nc1ccccc1NC(=O)c1ccc(CNc2nccc(-c3cccnc3)n2)cc1,HRNLUBSXIHFDHP-UHFFFAOYSA-N,0,train
Cl.c1ccc(-c2cccc(Nc3ncnc4cc5c(cc34)OCCCO5)c2)cc1,0.91,c1ccc(-c2cccc(Nc3ncnc4cc5c(cc34)OCCCO5)c2)cc1,WRSMBOCJQHDXNC-UHFFFAOYSA-N,1,train
O=C(O)c1c(NS(=O)(=O)c2ccc(F)cc2)ccc2c1CCCC2,0.18,O=C(O)c1c(NS(=O)(=O)c2ccc(F)cc2)ccc2c1CCCC2,WQHQOGQLWFIVAO-UHFFFAOYSA-N,1,train
CN1CCN(c2ccc3[nH]c(-c4c(O)nc5cnccc5c4N)nc3c2)CC1,0.016,CN1CCN(c2ccc3[nH]c(-c4c(O)nc5cnccc5c4N)nc3c2)CC1,CSGDFNSJHVTVHD-UHFFFAOYSA-N,1,train
CCCC[Te](Cl)(Cl)c1ccccc1[C@H](C)OC,2800.0,CCCC[Te](Cl)(Cl)c1ccccc1[C@H](C)OC,LTHFOAIQCMDGKN-NSHDSACASA-N,0,train
CO[C@H]1/C=C\C=C(/C)C(=O)NC2=C(C)C(=O)C(NCCN(C)C)=C(C[C@@H](C)C[C@H](OC)[C@H](O)[C@@H](C)/C=C(\C)[C@@H]1OC(N)=O)C2=O,20.0,CO[C@H]1/C=C\C=C(/C)C(=O)NC2=C(C)C(=O)C(NCCN(C)C)=C(C[C@@H](C)C[C@H](OC)[C@H](O)[C@@H](C)/C=C(\C)[C@@H]1OC(N)=O)C2=O,JHVGRCFTXPIIDY-MNLJSHPNSA-N,0,train
COc1ccc(/C=C\c2cc(OC)c(OC)c(OC)c2)cc1NC(=O)Nc1ccc(C(F)(F)F)cc1,5.1,COc1ccc(/C=C\c2cc(OC)c(OC)c(OC)c2)cc1NC(=O)Nc1ccc(C(F)(F)F)cc1,ATATXLXIGGETEV-WAYWQWQTSA-N,1,train
CC[C@@H](C)n1ncn(-c2ccc(N3CCN(c4ccc(OC[C@@H]5CO[C@](C)(c6ccc(Cl)cc6Cl)O5)cc4)CC3)cc2)c1=O,12.8,CC[C@@H](C)n1ncn(-c2ccc(N3CCN(c4ccc(OC[C@@H]5CO[C@](C)(c6ccc(Cl)cc6Cl)O5)cc4)CC3)cc2)c1=O,DSUBUDBDRUEAAT-UXPBPJRISA-N,0,train
CC1CN(C(=O)c2ccc(-c3nc4c(C(N)=O)cccc4[nH]3)cc2F)CCN1C(=O)c1ccc(Cl)o1,47.76,CC1CN(C(=O)c2ccc(-c3nc4c(C(N)=O)cccc4[nH]3)cc2F)CCN1C(=O)c1ccc(Cl)o1,RONJODICNPJBCE-UHFFFAOYSA-N,0,train
C=CCOc1ccc(C[C@H](NC(=O)OC(C)(C)C)C(=O)Oc2cc(CC3COc4cc(OC)c(OC)c(OC)c4C3=O)ccc2OC)cc1,0.091,C=CCOc1ccc(C[C@H](NC(=O)OC(C)(C)C)C(=O)Oc2cc(CC3COc4cc(OC)c(OC)c(OC)c4C3=O)ccc2OC)cc1,MUTKWIOZMXCBNW-JKGBFCRXSA-N,1,train
Cc1cccc2c1N=C(c1c[nH]c3c(C)cccc13)/C2=N/O,100.0,Cc1cccc2c1N=C(c1c[nH]c3c(C)cccc13)/C2=N/O,RRDNDCXTTGZWIA-DYTRJAOYSA-N,0,train
O=C1CCC(N2Cc3cc(C4CCN(C(=O)CCCCCN5CCC(c6ccc(Oc7nn8cnnc8c8c7CCCC8)cc6)CC5)CC4)ccc3C2=O)C(=O)N1,0.012,O=C1CCC(N2Cc3cc(C4CCN(C(=O)CCCCCN5CCC(c6ccc(Oc7nn8cnnc8c8c7CCCC8)cc6)CC5)CC4)ccc3C2=O)C(=O)N1,HLNCBKSDCCIOPT-UHFFFAOYSA-N,1,train
O=C(Nc1nc2c(s1)CCCc1ccc(F)cc1-2)c1c(F)cccc1F,13.5,O=C(Nc1nc2c(s1)CCCc1ccc(F)cc1-2)c1c(F)cccc1F,QZUXASHUMHBIPH-UHFFFAOYSA-N,0,train
CC(C)(C)OC(=O)N1CC(CC(=O)N[C@H]2CC[C@]3(C)[C@H]4C[C@@H](O)[C@@H]5[C@@H]([C@]6(C)CC[C@H](C(C)(C)O)O6)CC[C@@]5(C)[C@]4(C)CC[C@H]3C2(C)C)C1,100.0,CC(C)(C)OC(=O)N1CC(CC(=O)N[C@H]2CC[C@]3(C)[C@H]4C[C@@H](O)[C@@H]5[C@@H]([C@]6(C)CC[C@H](C(C)(C)O)O6)CC[C@@]5(C)[C@]4(C)CC[C@H]3C2(C)C)C1,PKTFCERIBQWXDG-SCEMTZTASA-N,0,train
Cc1ccc(NC(=O)Cn2cc(-c3ccc4c(NC(=O)c5ccc(N6CCN(C(=O)NCCCCCCCCCCC(=O)N[C@H](C(=O)N7C[C@H](O)C[C@H]7C(=O)NCc7ccc(-c8scnc8C)cc7)C(C)(C)C)CC6)cc5)n[nH]c4c3)cn2)cc1C(F)(F)F,100.0,Cc1ccc(NC(=O)Cn2cc(-c3ccc4c(NC(=O)c5ccc(N6CCN(C(=O)NCCCCCCCCCCC(=O)N[C@H](C(=O)N7C[C@H](O)C[C@H]7C(=O)NCc7ccc(-c8scnc8C)cc7)C(C)(C)C)CC6)cc5)n[nH]c4c3)cn2)cc1C(F)(F)F,JRQSBYTXNUVCBZ-AQJSAKJNSA-N,0,train
Nc1ncnc(Oc2ccc(NC(=O)C3(C(=O)Nc4ccc(F)cc4)CC3)cc2F)c1/C=N/OCCCN1CCCC1,0.219,Nc1ncnc(Oc2ccc(NC(=O)C3(C(=O)Nc4ccc(F)cc4)CC3)cc2F)c1/C=N/OCCCN1CCCC1,COQBZROGHXDXAQ-XJECJHNESA-N,1,train
Cc1cc(=O)oc2cc(NCCOc3no[n+]([O-])c3S(=O)(=O)c3ccccc3)ccc12,3.04,Cc1cc(=O)oc2cc(NCCOc3no[n+]([O-])c3S(=O)(=O)c3ccccc3)ccc12,WKHXJGFUGJRENZ-UHFFFAOYSA-N,1,train
C=CCCCCCCCCC(=O)OC[C@H](CO[C@@H]1O[C@H](CO)[C@@H](O)[C@H](O)[C@H]1O)OC(=O)CCCCCCCCC=C,126.3,C=CCCCCCCCCC(=O)OC[C@H](CO[C@@H]1O[C@H](CO)[C@@H](O)[C@H](O)[C@H]1O)OC(=O)CCCCCCCCC=C,GZCNNUWTRDPYFS-VFVDZQLASA-N,0,train
Oc1cc(O)c2c(c1)O[C@H](c1ccc(O)c(O)c1)[C@H](O)C2,100.0,Oc1cc(O)c2c(c1)O[C@H](c1ccc(O)c(O)c1)[C@H](O)C2,PFTAWBLQPZVEMU-UKRRQHHQSA-N,0,train
Fc1ccc2c(-c3nc4cc(N5CCC(N6CCCCC6)CC5)ccc4[nH]3)[nH]nc2c1,0.033,Fc1ccc2c(-c3nc4cc(N5CCC(N6CCCCC6)CC5)ccc4[nH]3)[nH]nc2c1,LRYKPJMJKRDDIX-UHFFFAOYSA-N,1,train
N#Cc1cccc2c1/C(=N\O)C(c1c[nH]c3cccc(C#N)c13)=N2,100.0,N#Cc1cccc2c1/C(=N\O)C(c1c[nH]c3cccc(C#N)c13)=N2,SUDJDWHAFXQGSH-PTGBLXJZSA-N,0,train
Nc1ncnc(Oc2ccc(NC(=O)C3(C(=O)Nc4ccc(F)cc4)CC3)cc2F)c1/C=N/OCCN1CCCC1,0.168,Nc1ncnc(Oc2ccc(NC(=O)C3(C(=O)Nc4ccc(F)cc4)CC3)cc2F)c1/C=N/OCCN1CCCC1,KNWKQGFTYAADHZ-AABVJFSESA-N,1,train
COc1ccc2c(Nc3cc(OC)c(OC)c(OC)c3)n[nH]c2c1,25.0,COc1ccc2c(Nc3cc(OC)c(OC)c(OC)c3)n[nH]c2c1,MFDHCUUHJXOURA-UHFFFAOYSA-N,0,train
COc1ccc(C(=O)c2cn(C)c3c(OC)c(OC)c(OC)cc23)cc1O,0.0253,COc1ccc(C(=O)c2cn(C)c3c(OC)c(OC)c(OC)cc23)cc1O,XEHFXGMKBQSIFO-UHFFFAOYSA-N,1,train
O/N=C1/C(c2c[nH]c3ccc(Br)cc23)=Nc2ccc(Br)cc21,100.0,O/N=C1/C(c2c[nH]c3ccc(Br)cc23)=Nc2ccc(Br)cc21,GIDIVPPHBHRPCC-LTGZKZEYSA-N,0,train
NC1=NC(c2ccccc2)Cc2ccsc21,4.0,NC1=NC(c2ccccc2)Cc2ccsc21,OJTGYEZYCLLMBZ-UHFFFAOYSA-N,1,train
COc1cc(/C=N/Nc2nc(-c3cccc(Br)c3)cs2)cc(Br)c1OC,100.0,COc1cc(/C=N/Nc2nc(-c3cccc(Br)c3)cs2)cc(Br)c1OC,SRRTVRYBFLLLEO-ZVBGSRNCSA-N,0,train
COc1ccc(S(=O)(=O)Nc2cccnc2Nc2ccc(O)cc2)cc1,9.2,COc1ccc(S(=O)(=O)Nc2cccnc2Nc2ccc(O)cc2)cc1,URCVCIZFVQDVPM-UHFFFAOYSA-N,1,train
CCc1ccc2nc(C(c3ccc(OC)c(OC)c3)n3cc(CCNC4CCCC4)nn3)sc2c1,1.02,CCc1ccc2nc(C(c3ccc(OC)c(OC)c3)n3cc(CCNC4CCCC4)nn3)sc2c1,RPTGHIXSJPEBOG-UHFFFAOYSA-N,1,train
COc1cc(/C=N/Nc2nc(-c3ccccc3)cs2)c(Br)c(Br)c1OC,100.0,COc1cc(/C=N/Nc2nc(-c3ccccc3)cs2)c(Br)c(Br)c1OC,JKKQMALDUFGQOD-ZVBGSRNCSA-N,0,train
CCNC(=O)n1ncc2c1[C@](C)(C(=O)O)[C@@H]1CC[C@]3(C)[C@H](C(=O)C=C4[C@@H]5[C@@H](C)[C@H](C)CC[C@]5(C)CC[C@]43C)[C@@]1(C)C2,5.8,CCNC(=O)n1ncc2c1[C@](C)(C(=O)O)[C@@H]1CC[C@]3(C)[C@H](C(=O)C=C4[C@@H]5[C@@H](C)[C@H](C)CC[C@]5(C)CC[C@]43C)[C@@]1(C)C2,OYZJXSQMXWVFIQ-HDSDSAGQSA-N,1,train
C=CC(=O)Nc1ccc(C(=O)n2ncc3cccnc32)cc1,82.16,C=CC(=O)Nc1ccc(C(=O)n2ncc3cccnc32)cc1,LOWZZTGJSHARID-UHFFFAOYSA-N,0,train
COc1ccc(/C=C\c2cccc(NC(=O)Nc3ccccc3Cl)c2)cc1,33.0,COc1ccc(/C=C\c2cccc(NC(=O)Nc3ccccc3Cl)c2)cc1,ZZMUDVNNINVFGY-KTKRTIGZSA-N,0,train
CC(=O)Oc1ccc(-c2cnc3cc(C)c(C)cc3n2)cc1O,54.4,CC(=O)Oc1ccc(-c2cnc3cc(C)c(C)cc3n2)cc1O,HRZBIKZMLQFWBP-UHFFFAOYSA-N,0,train
CCOP(=O)(OCC)C1CC(Cn2c(=O)n(C(=O)c3ccccc3F)c(=O)c3ccccc32)ON1Cc1ccccc1,250.0,CCOP(=O)(OCC)C1CC(Cn2c(=O)n(C(=O)c3ccccc3F)c(=O)c3ccccc32)ON1Cc1ccccc1,DHYGLLUCPWRFFI-UHFFFAOYSA-N,0,train
CC1=C([Se]CC(OC(=O)c2ccc(-c3c4nc(c(-c5ccccc5)c5ccc([nH]5)c(-c5ccccc5)c5nc(c(-c6ccccc6)c6ccc3[nH]6)C=C5)C=C4)cc2)C(=O)NC(C)(C)C)C(=O)c2ccccc2C1=O,100.0,CC1=C([Se]CC(OC(=O)c2ccc(-c3c4nc(c(-c5ccccc5)c5ccc([nH]5)c(-c5ccccc5)c5nc(c(-c6ccccc6)c6ccc3[nH]6)C=C5)C=C4)cc2)C(=O)NC(C)(C)C)C(=O)c2ccccc2C1=O,ZPWXYJZJYYMDFS-UHFFFAOYSA-N,0,train
O=C1Nc2ccc(F)cc2C1=Cc1ccc(-c2cn(-c3ccc(Cl)cc3)nn2)cc1,19.58,O=C1Nc2ccc(F)cc2C1=Cc1ccc(-c2cn(-c3ccc(Cl)cc3)nn2)cc1,VDBCZUCXSREABA-UHFFFAOYSA-N,0,train
CC1(C)CCc2c(cc(O)c(C(=O)c3ccc(O)cc3)c2O)O1,53.8,CC1(C)CCc2c(cc(O)c(C(=O)c3ccc(O)cc3)c2O)O1,XFRDHMXJJUFHJZ-UHFFFAOYSA-N,0,train
Nc1ccccc1NC(=O)c1ccc(CNC(=O)c2cc3ccc(OCc4ccc(Cl)cc4Cl)cc3oc2=O)cc1,100.0,Nc1ccccc1NC(=O)c1ccc(CNC(=O)c2cc3ccc(OCc4ccc(Cl)cc4Cl)cc3oc2=O)cc1,BNZVJWNUEDUGIL-UHFFFAOYSA-N,0,train
C=CC(=O)Nc1ccc(CC(=O)Nc2ccc(-c3cc(C)nc4noc(N)c34)cc2)cc1,10.0,C=CC(=O)Nc1ccc(CC(=O)Nc2ccc(-c3cc(C)nc4noc(N)c34)cc2)cc1,BPEHBNNVFUDSKS-UHFFFAOYSA-N,1,train
CC(=O)NP(=O)(O)OC[C@H]1O[C@@H](n2ccc(N)nc2=O)C(F)(F)[C@@H]1O,0.09,CC(=O)NP(=O)(O)OC[C@H]1O[C@@H](n2ccc(N)nc2=O)C(F)(F)[C@@H]1O,YTRZECXZWMDVSD-FTLITQJKSA-N,1,train
CC(=O)OC(C(=O)NCc1nc(C)c(C)nc1C)c1ccccc1,70.0,CC(=O)OC(C(=O)NCc1nc(C)c(C)nc1C)c1ccccc1,PCZJISFNQBEFDX-UHFFFAOYSA-N,0,train
COc1ccc(-c2cc3cc(OC)ccc3nc2Nc2ccc(NC(=O)CN(C)C)cc2)cc1,22.2,COc1ccc(-c2cc3cc(OC)ccc3nc2Nc2ccc(NC(=O)CN(C)C)cc2)cc1,SLJKADYPOGYULD-UHFFFAOYSA-N,0,train
CC(=O)O[C@@H]1CC[C@@]2(C)[C@@H](CC[C@]3(C)[C@@H]2C(=O)C=C2[C@@H]4[C@@H](C)[C@H](C)CC[C@]4(C)CC[C@]23C)[C@@]1(C)C(=O)N1CCN(C)CC1,70.28,CC(=O)O[C@@H]1CC[C@@]2(C)[C@@H](CC[C@]3(C)[C@@H]2C(=O)C=C2[C@@H]4[C@@H](C)[C@H](C)CC[C@]4(C)CC[C@]23C)[C@@]1(C)C(=O)N1CCN(C)CC1,WMMJBPINMKGIKJ-KANAAYPNSA-N,0,train
Cc1cc2c(C)c(O)c(O)c(C=O)c2c(O)c1-c1c(C)cc2c(C(C)C)c(O)c(O)c(C=O)c2c1O,13.41,Cc1cc2c(C)c(O)c(O)c(C=O)c2c(O)c1-c1c(C)cc2c(C(C)C)c(O)c(O)c(C=O)c2c1O,UMHZWCFXZIHUEL-UHFFFAOYSA-N,0,train
C=C([C@H](C)O)[C@@H]1C[C@H]2[C@@](C)(CC[C@@]3(O)C(C)(C)CCC(=O)[C@]23C)O1,10.0,C=C([C@H](C)O)[C@@H]1C[C@H]2[C@@](C)(CC[C@@]3(O)C(C)(C)CCC(=O)[C@]23C)O1,QNGSEZPHDRSXMT-JKAPWZSASA-N,1,train
C=C1C(=O)C=C[C@]2(C)[C@@H]1CC[C@@]13C/C(=N\OC)[C@@](C)(CC[C@H]12)C3,2.9,C=C1C(=O)C=C[C@]2(C)[C@@H]1CC[C@@]13C/C(=N\OC)[C@@](C)(CC[C@H]12)C3,OOZFQCGNZIJNCD-HXDSIGIOSA-N,1,train
Cc1cccc(N2CC[C@](O)(C(=O)NCc3cc(F)cc(Cl)c3)C2=O)c1,0.3,Cc1cccc(N2CC[C@](O)(C(=O)NCc3cc(F)cc(Cl)c3)C2=O)c1,XYVDRUOIHMNQSK-IBGZPJMESA-N,1,train
Fc1ccc2c(c1)N=C(c1c[nH]c3cc(F)ccc13)/C2=N/OCc1ccccc1,100.0,Fc1ccc2c(c1)N=C(c1c[nH]c3cc(F)ccc13)/C2=N/OCc1ccccc1,PZAGHTYXYZSTKX-WEMUOSSPSA-N,0,train
CCN(CC)c1ccc2cc([N+](=O)[O-])c(=O)oc2c1,25.9,CCN(CC)c1ccc2cc([N+](=O)[O-])c(=O)oc2c1,PYMZNADOZXKAMB-UHFFFAOYSA-N,0,train
O=[N+]([O-])c1ccc(Nc2cc(Nc3ccc([N+](=O)[O-])cc3)c([N+](=O)[O-])cc2[N+](=O)[O-])cc1,35.1,O=[N+]([O-])c1ccc(Nc2cc(Nc3ccc([N+](=O)[O-])cc3)c([N+](=O)[O-])cc2[N+](=O)[O-])cc1,KYEZCFZTQNBQMH-UHFFFAOYSA-N,0,train
O=C(OCc1ccc([N+](=O)[O-])o1)c1ccc([N+](=O)[O-])c(Br)c1,31.0,O=C(OCc1ccc([N+](=O)[O-])o1)c1ccc([N+](=O)[O-])c(Br)c1,BLGPHKPHQDPKPV-UHFFFAOYSA-N,0,train
CCOC(=O)C1C(c2ccc(Br)cc2)N(c2ccccc2)OC12C(=O)Nc1ccccc12,41.0,CCOC(=O)C1C(c2ccc(Br)cc2)N(c2ccccc2)OC12C(=O)Nc1ccccc12,RIHPGEQRXLDFCB-UHFFFAOYSA-N,0,train
COc1ccccc1NC(=O)c1cccnc1SCc1ccncc1,1.8,COc1ccccc1NC(=O)c1cccnc1SCc1ccncc1,QOCPCOVKLWTGAI-UHFFFAOYSA-N,1,train
CN(c1ccc(NC(=O)Nc2cc(C(F)(F)F)ccc2F)cc1)c1ccnc(Nc2cccc(CS(C)(=O)=O)c2)n1,0.007,CN(c1ccc(NC(=O)Nc2cc(C(F)(F)F)ccc2F)cc1)c1ccnc(Nc2cccc(CS(C)(=O)=O)c2)n1,YASZGQQVIQVOFA-UHFFFAOYSA-N,1,train
Cc1cc(=O)oc2c(C)c(Oc3no[n+]([O-])c3S(=O)(=O)c3ccccc3)ccc12,20.0,Cc1cc(=O)oc2c(C)c(Oc3no[n+]([O-])c3S(=O)(=O)c3ccccc3)ccc12,ZJOLQCGCSPSXRK-UHFFFAOYSA-N,0,train
CCOc1ccc([C@H]2CC(=O)c3cc(OC)c(OC)c(OC)c32)cc1F,15.01,CCOc1ccc([C@H]2CC(=O)c3cc(OC)c(OC)c(OC)c32)cc1F,SJMNYZLHRDKIII-GFCCVEGCSA-N,0,train
Fc1ccc(/C=N/Nc2nc(-c3ccc(F)c(F)c3)cs2)cc1F,59.7,Fc1ccc(/C=N/Nc2nc(-c3ccc(F)c(F)c3)cs2)cc1F,IAURITNYRKQDAX-QPSGOUHRSA-N,0,train
Cc1[nH]c(C(=O)Nc2ccc(C(=O)N[C@@H](C)c3n[nH]c(=O)o3)cc2OC(C)C)c(Cl)c1Cl,40.7,Cc1[nH]c(C(=O)Nc2ccc(C(=O)N[C@@H](C)c3n[nH]c(=O)o3)cc2OC(C)C)c(Cl)c1Cl,CLLQHUXAKYSVQC-JTQLQIEISA-N,0,train
CCOC(=O)CNC(=O)C(=O)[C@H](COCc1ccccc1)NC(=O)[C@H](CC(C)C)NC(=O)c1cccc2c1C(=O)c1ccccc1-2,30.0,CCOC(=O)CNC(=O)C(=O)[C@H](COCc1ccccc1)NC(=O)[C@H](CC(C)C)NC(=O)c1cccc2c1C(=O)c1ccccc1-2,XXJWPPGCVHHBKE-NSOVKSMOSA-N,0,train
COc1cc(OC)c(-c2coc3cc(OCc4ccc([N+](=O)[O-])cc4)ccc3c2=O)cc1OC,10.0,COc1cc(OC)c(-c2coc3cc(OCc4ccc([N+](=O)[O-])cc4)ccc3c2=O)cc1OC,MKCJOTWRILSYKH-UHFFFAOYSA-N,1,train
COc1cc(/C=C/C(=O)/C=C/c2ccc(O)c(OC)c2)ccc1O,0.4,COc1cc(/C=C/C(=O)/C=C/c2ccc(O)c(OC)c2)ccc1O,ISIMGBQRFXXNON-FCXRPNKRSA-N,1,train
CCC(C)n1ncn(-c2ccc(N3CCN(c4ccc(OC[C@@H]5COC(c6ccc(Cl)cc6Cl)O5)cc4)CC3)cc2)c1=O,0.328,CCC(C)n1ncn(-c2ccc(N3CCN(c4ccc(OC[C@@H]5COC(c6ccc(Cl)cc6Cl)O5)cc4)CC3)cc2)c1=O,LZNVWKKCAVHXEO-YGVWRKSZSA-N,1,train
O=C(Nc1cncnc1)Nc1cc(F)cc(-c2n[nH]c3ncc(-c4cccc(CN5CCOCC5)c4)cc23)c1,17.68,O=C(Nc1cncnc1)Nc1cc(F)cc(-c2n[nH]c3ncc(-c4cccc(CN5CCOCC5)c4)cc23)c1,YBEOYRNYXGUXMP-UHFFFAOYSA-N,0,train
N#Cc1cccc(-n2cc(-c3ccc(/C=C4\C(=O)Nc5ccc(F)cc54)cc3)nn2)c1,20.0,N#Cc1cccc(-n2cc(-c3ccc(/C=C4\C(=O)Nc5ccc(F)cc54)cc3)nn2)c1,NSFWEHSXRCASBU-NHDPSOOVSA-N,0,train
COc1ccc2c(c1)-c1ccc3cccnc3c1NS2(=O)=O,1.0,COc1ccc2c(c1)-c1ccc3cccnc3c1NS2(=O)=O,SLHPCVSVVGUJGP-UHFFFAOYSA-N,1,train
COc1ccc(C(N)=O)cc1/C=C/c1cccc(C#N)c1,49.0,COc1ccc(C(N)=O)cc1/C=C/c1cccc(C#N)c1,QSMXXLJWMAXSPH-AATRIKPKSA-N,0,train
CCCCCCC1CC(CC(=O)Sc2ccccc2)OO1,1.82,CCCCCCC1CC(CC(=O)Sc2ccccc2)OO1,LNAXXJGOCOJXFG-UHFFFAOYSA-N,1,train
CNS(=O)(=O)Nc1cccc(Cc2c(C)c3ccc(OCCOc4no[n+]([O-])c4S(=O)(=O)c4ccccc4)cc3oc2=O)c1,0.19,CNS(=O)(=O)Nc1cccc(Cc2c(C)c3ccc(OCCOc4no[n+]([O-])c4S(=O)(=O)c4ccccc4)cc3oc2=O)c1,DVFFSQUAKWTHSI-UHFFFAOYSA-N,1,train
CCOC(=O)C1ON(c2ccccc2)C(c2cccc(F)c2)C12C(=O)Nc1ccccc12,162.0,CCOC(=O)C1ON(c2ccccc2)C(c2cccc(F)c2)C12C(=O)Nc1ccccc12,KVAGGNIIMMROJC-UHFFFAOYSA-N,0,train
c1ccc2c(-c3nc4cc(N5CCC(N6CCCCC6)CC5)ccc4[nH]3)[nH]nc2c1,0.097,c1ccc2c(-c3nc4cc(N5CCC(N6CCCCC6)CC5)ccc4[nH]3)[nH]nc2c1,OSHPNNCEUZTANR-UHFFFAOYSA-N,1,train
O=[N+]([O-])c1ccc(/C=C/c2nnc(-c3ccc4c(c3)OCCO4)o2)cc1,32.07,O=[N+]([O-])c1ccc(/C=C/c2nnc(-c3ccc4c(c3)OCCO4)o2)cc1,XKWMOCQPQWTQIW-FPYGCLRLSA-N,0,train
CCOP(=O)(CC(O)n1cc(CN2C(=O)c3cccc4cccc(c34)C2=O)nn1)OCC,250.0,CCOP(=O)(CC(O)n1cc(CN2C(=O)c3cccc4cccc(c34)C2=O)nn1)OCC,MYUZJRVFIISADO-UHFFFAOYSA-N,0,train
CCOP(=O)(OCC)C(NC(=O)[C@]12CC[C@@H](C)[C@H](C)[C@H]1C1=CC[C@@H]3[C@@]4(C)C[C@@H](OC(C)=O)[C@H](OC(C)=O)[C@@](C)(COC(C)=O)[C@@H]4CC[C@@]3(C)[C@]1(C)CC2)c1ccccc1Cl,100.0,CCOP(=O)(OCC)C(NC(=O)[C@]12CC[C@@H](C)[C@H](C)[C@H]1C1=CC[C@@H]3[C@@]4(C)C[C@@H](OC(C)=O)[C@H](OC(C)=O)[C@@](C)(COC(C)=O)[C@@H]4CC[C@@]3(C)[C@]1(C)CC2)c1ccccc1Cl,BEIQXXZZIBFFDY-VBUYKGAOSA-N,0,train
Cc1cc(=O)oc2cc(N(C)CCOc3no[n+]([O-])c3S(=O)(=O)c3ccccc3)ccc12,0.89,Cc1cc(=O)oc2cc(N(C)CCOc3no[n+]([O-])c3S(=O)(=O)c3ccccc3)ccc12,DKHGFVQELICRIC-UHFFFAOYSA-N,1,train
COCCCc1ccc(-c2ccnc(Nc3ccc(C(=O)N4CCC(N5CCCC5)CC4)cc3)n2)s1,0.4,COCCCc1ccc(-c2ccnc(Nc3ccc(C(=O)N4CCC(N5CCCC5)CC4)cc3)n2)s1,GTOXTYNPQZEAIY-UHFFFAOYSA-N,1,train
CCC[C@H]1C[C@H]2[C@@H]3CCc4cc(O)c(OC)cc4[C@H]3CC[C@]2(C)[C@H]1O,17.11,CCC[C@H]1C[C@H]2[C@@H]3CCc4cc(O)c(OC)cc4[C@H]3CC[C@]2(C)[C@H]1O,VQFPZRWSHYTWIV-ZOWAETONSA-N,0,train
NC1=NC(c2ccc(Cl)cc2)Cc2ccccc21,86.0,NC1=NC(c2ccc(Cl)cc2)Cc2ccccc21,OCUUMDCHFDZDDK-UHFFFAOYSA-N,0,train
CCCc1nnc([S+]([O-])Cc2ncc(C)c(OC)c2C)o1,8.0,CCCc1nnc([S+]([O-])Cc2ncc(C)c(OC)c2C)o1,UADCUNZHSDLCRW-UHFFFAOYSA-N,1,train
C[C@@H]1CC[C@H]2[C@@H](C)C(=O)O[C@@H]3O[C@@]4(C)CC[C@@H]1[C@]32OO4,1.1,C[C@@H]1CC[C@H]2[C@@H](C)C(=O)O[C@@H]3O[C@@]4(C)CC[C@@H]1[C@]32OO4,BLUAFEHZUWYNDE-NNWCWBAJSA-N,1,train
COc1ccc2c(c1)NC(=O)/C2=C\c1[nH]c2c(c1CCC(=O)O)CCCC2,0.02,COc1ccc2c(c1)NC(=O)/C2=C\c1[nH]c2c(c1CCC(=O)O)CCCC2,QKVUBIOLQLJVKI-WJDWOHSUSA-N,1,train
CCC(C)n1ncn(-c2ccc(N3CCN(c4ccc(OC[C@@H]5CO[C@@](Cn6cncn6)(c6ccc(Cl)cc6Cl)O5)cc4)CC3)c(F)c2)c1=O,0.1284,CCC(C)n1ncn(-c2ccc(N3CCN(c4ccc(OC[C@@H]5CO[C@@](Cn6cncn6)(c6ccc(Cl)cc6Cl)O5)cc4)CC3)c(F)c2)c1=O,VMMGNKOMNMTBEA-AJEDKMOLSA-N,1,train
CCOP(=O)(OCC)C(NC(=O)C(C)Oc1ccc2c(c1O)C(=O)c1ccccc1C2=O)c1ccccc1Cl,19.94,CCOP(=O)(OCC)C(NC(=O)C(C)Oc1ccc2c(c1O)C(=O)c1ccccc1C2=O)c1ccccc1Cl,LWZSYMQEHFEMQB-UHFFFAOYSA-N,0,train
CC(C)[C@]12O[C@H]1[C@@H]1O[C@]13[C@]1(O[C@H]1C[C@H]1C4=C(CC[C@@]13C)C(=O)OC4)[C@@H]2OC(=O)CCC(=O)O[C@H]1O[C@H](CO)[C@@H](O)[C@H](O)[C@H]1O,5.678,CC(C)[C@]12O[C@H]1[C@@H]1O[C@]13[C@]1(O[C@H]1C[C@H]1C4=C(CC[C@@]13C)C(=O)OC4)[C@@H]2OC(=O)CCC(=O)O[C@H]1O[C@H](CO)[C@@H](O)[C@H](O)[C@H]1O,YHXFTIPJJUHHFF-SWWWZHKDSA-N,1,train
CCOP(=O)(OCC)C(NC(=O)C(C)Oc1ccc2c(c1O)C(=O)c1ccccc1C2=O)c1cccc(F)c1,50.0,CCOP(=O)(OCC)C(NC(=O)C(C)Oc1ccc2c(c1O)C(=O)c1ccccc1C2=O)c1cccc(F)c1,JXGZWPVQZNZTBC-UHFFFAOYSA-N,0,train
Cc1c(O)c(C2C=CCCC2)cc(C2C=CCCC2)c1O,33.0,Cc1c(O)c(C2C=CCCC2)cc(C2C=CCCC2)c1O,XUNBDQOEABPODR-UHFFFAOYSA-N,0,train
CCC(C)n1ncn(-c2ccc(N3CCN(c4ccc(OC[C@@H]5CO[C@@](Cn6cncn6)(c6ccc(Cl)cc6Cl)O5)nc4)CC3)cc2)c1=O,0.6868,CCC(C)n1ncn(-c2ccc(N3CCN(c4ccc(OC[C@@H]5CO[C@@](Cn6cncn6)(c6ccc(Cl)cc6Cl)O5)nc4)CC3)cc2)c1=O,CERQUKCWGVZQIX-ZAYNPTSRSA-N,1,train
CC(=O)Nc1ccc(-n2nncc2CN2C(=O)C3(C(C#N)=C(N)Oc4c(N)cc5nc6ccccc6nc5c43)c3ccccc32)cc1,50.0,CC(=O)Nc1ccc(-n2nncc2CN2C(=O)C3(C(C#N)=C(N)Oc4c(N)cc5nc6ccccc6nc5c43)c3ccccc32)cc1,XPGDGLUIZUPFLG-UHFFFAOYSA-N,0,train
CN1CCC(Cc2cc(CNC3(c4ccc(F)c(F)c4)CCCC3)ccc2F)CC1,30.0,CN1CCC(Cc2cc(CNC3(c4ccc(F)c(F)c4)CCCC3)ccc2F)CC1,WTBRUMJOIQZSSX-UHFFFAOYSA-N,0,train
Cc1ccc(Sc2cncc3sc(/C=N/Oc4ccccc4)cc23)cc1,100.0,Cc1ccc(Sc2cncc3sc(/C=N/Oc4ccccc4)cc23)cc1,SUTIBAVFDUBAHK-FSJBWODESA-N,0,train
O=C(CCC(=O)N1CCCCC1)OCCCCCCSc1ccc([N+](=O)[O-])c2nonc12,1.99,O=C(CCC(=O)N1CCCCC1)OCCCCCCSc1ccc([N+](=O)[O-])c2nonc12,HEXADMALXKZLQF-UHFFFAOYSA-N,1,train
Cc1cccc2c1/C(=N\O)C(c1c[nH]c3cccc(C)c13)=N2,100.0,Cc1cccc2c1/C(=N\O)C(c1c[nH]c3cccc(C)c13)=N2,FYEHYBOHBGYFNM-DYTRJAOYSA-N,0,train
CCOc1ccc(C(=O)NC(=S)Nc2cccc(-c3nc4ccccc4[nH]3)c2)cc1OCC,8.0,CCOc1ccc(C(=O)NC(=S)Nc2cccc(-c3nc4ccccc4[nH]3)c2)cc1OCC,KEVSWPRZUGXMOB-UHFFFAOYSA-N,1,train
CNC(=O)c1cccc(-c2ccc(C3CC3N(C)CCN(C)C(=O)Oc3ccc(CONC(=O)CCCCCCC(=O)Nc4ccccc4)cc3)cc2)c1,100.0,CNC(=O)c1cccc(-c2ccc(C3CC3N(C)CCN(C)C(=O)Oc3ccc(CONC(=O)CCCCCCC(=O)Nc4ccccc4)cc3)cc2)c1,UAIIDYPWKIJECP-UHFFFAOYSA-N,0,train
CCN(CC)CCOc1ccc(Nc2cc(Cl)nc(-c3ccc(OC)cc3)n2)cc1,9.24,CCN(CC)CCOc1ccc(Nc2cc(Cl)nc(-c3ccc(OC)cc3)n2)cc1,XQZNFMQZYFJADZ-UHFFFAOYSA-N,1,train
COc1cc(/C=N/Nc2nc(-c3ccc(Br)cc3)cs2)c(Br)c(Br)c1OC,100.0,COc1cc(/C=N/Nc2nc(-c3ccc(Br)cc3)cs2)c(Br)c(Br)c1OC,ISCSFLYJAWUDKE-GZIVZEMBSA-N,0,train
Cc1ccc(C2C=CCCC2)c(O)c1O,27.1,Cc1ccc(C2C=CCCC2)c(O)c1O,SBTKCQSEXFOUOM-UHFFFAOYSA-N,0,train
COc1cc(O)ccc1C1CC(=O)c2c(O)c(C)c(O)c(C)c2O1,20.0,COc1cc(O)ccc1C1CC(=O)c2c(O)c(C)c(O)c(C)c2O1,UEUHPVLVJURMEZ-UHFFFAOYSA-N,0,train
COc1ccc(-c2cnnn2-c2cc(Br)c(OC)c(Br)c2)cc1O,0.0017,COc1ccc(-c2cnnn2-c2cc(Br)c(OC)c(Br)c2)cc1O,UNTUWTZFDWZAIS-UHFFFAOYSA-N,1,train
CC(=O)OC1CC(C(C)(C)C)OO1,12.56,CC(=O)OC1CC(C(C)(C)C)OO1,JVYMHOMYKKECLZ-UHFFFAOYSA-N,0,train
Cc1cccc(C(=O)Nc2cccc(N(C)c3ccc4c(/C=C/c5ccc6c(c5)OCO6)n[nH]c4c3)c2)c1,0.0047,Cc1cccc(C(=O)Nc2cccc(N(C)c3ccc4c(/C=C/c5ccc6c(c5)OCO6)n[nH]c4c3)c2)c1,BHPAHSYPAIYQRU-UKTHLTGXSA-N,1,train
COC(=O)/C=C/c1ccc2c(c1)C(=O)C(=O)N2Cc1ccc(OC)cc1,10.0,COC(=O)/C=C/c1ccc2c(c1)C(=O)C(=O)N2Cc1ccc(OC)cc1,RISIBQIPDKKGRB-UXBLZVDNSA-N,1,train
CC1(C)OB(c2ccc(-c3cccc(CCC(=O)O)c3)cc2)OC1(C)C,300.0,CC1(C)OB(c2ccc(-c3cccc(CCC(=O)O)c3)cc2)OC1(C)C,MQBCCAKIBGPPEA-UHFFFAOYSA-N,0,train
C[C@H]1[C@H](C)CC[C@]2(C)CC[C@]3(C)C(=CC(=O)[C@@H]4[C@@]5(C)Cc6c([nH]c7ccccc67)[C@](C)(C(=O)O)[C@@H]5CC[C@]43C)[C@H]12,8.22,C[C@H]1[C@H](C)CC[C@]2(C)CC[C@]3(C)C(=CC(=O)[C@@H]4[C@@]5(C)Cc6c([nH]c7ccccc67)[C@](C)(C(=O)O)[C@@H]5CC[C@]43C)[C@H]12,KIJYCTLSNCDETR-FWRSMMFTSA-N,1,train
CN(C)CCN1C(=O)CCC(N2C(=O)c3cccc4cc([N+](=O)[O-])cc(c34)C2=O)C1=O,50.0,CN(C)CCN1C(=O)CCC(N2C(=O)c3cccc4cc([N+](=O)[O-])cc(c34)C2=O)C1=O,KIKDXMATJWBRRD-UHFFFAOYSA-N,0,train
CO/N=C/c1c(N)ncnc1Oc1ccc(NC(=O)C2(C(=O)Nc3ccc(F)cc3)CC2)cc1F,0.32,CO/N=C/c1c(N)ncnc1Oc1ccc(NC(=O)C2(C(=O)Nc3ccc(F)cc3)CC2)cc1F,XXBBUXMASYVMBJ-VPUKRXIYSA-N,1,train
COc1cc(Nc2nc(C)nc(Nc3ccccc3NC(=O)N(C)C)n2)cc(OC)c1OC,27.3,COc1cc(Nc2nc(C)nc(Nc3ccccc3NC(=O)N(C)C)n2)cc(OC)c1OC,VFDCWDDRQBNNBL-UHFFFAOYSA-N,0,train
Cc1[nH]c2ccccc2c1CCNC(=O)CCCCCNCc1cc(Cl)c2cccnc2c1O,50.0,Cc1[nH]c2ccccc2c1CCNC(=O)CCCCCNCc1cc(Cl)c2cccnc2c1O,RDULVAQLBUHCMW-UHFFFAOYSA-N,0,train
CN1c2ccc(F)cc2C(=O)N2CCc3c([nH]c4ccc(OC(=O)CCC(=O)Oc5ccc6[nH]c7c(c6c5)CCN5C(=O)c6cc(F)ccc6N(C)C75)cc34)C21,0.21,CN1c2ccc(F)cc2C(=O)N2CCc3c([nH]c4ccc(OC(=O)CCC(=O)Oc5ccc6[nH]c7c(c6c5)CCN5C(=O)c6cc(F)ccc6N(C)C75)cc34)C21,OTXZETLYMVGMQH-UHFFFAOYSA-N,1,train
CN1O[C@@H](c2ccccc2)[C@H](C(=O)c2cc(O)ccc2O)[C@H]1P(=O)(O)O,1000.0,CN1O[C@@H](c2ccccc2)[C@H](C(=O)c2cc(O)ccc2O)[C@H]1P(=O)(O)O,QHWYHCJFDMCULK-BHYGNILZSA-N,0,train
COC(=O)c1oc2c(O)c(OC)ccc2c1C(=O)c1cc(OC)c(OC)c(OC)c1,0.001,COC(=O)c1oc2c(O)c(OC)ccc2c1C(=O)c1cc(OC)c(OC)c(OC)c1,CQPJAWYAKAEOIX-UHFFFAOYSA-N,1,train
N[C@H]1CC[C@H](Nc2nc(Nc3ccc(N4CC5(COC5)C4)cc3)c3ncn(C4CCCC4)c3n2)CC1,5.947,N[C@H]1CC[C@H](Nc2nc(Nc3ccc(N4CC5(COC5)C4)cc3)c3ncn(C4CCCC4)c3n2)CC1,XJTFUKRTJUOXEA-KESTWPANSA-N,1,train
CC(C)NCCCNc1c2ccccc2[n+](C)c2c1[nH]c1ccccc12.[Cl-],0.794,CC(C)NCCCNc1c2ccccc2[n+](C)c2c1[nH]c1ccccc12,QQHBUFYYSDYQNX-UHFFFAOYSA-O,1,train
C=CCc1ccc(OC)c(-c2ccc(OC)cc2)c1,100.0,C=CCc1ccc(OC)c(-c2ccc(OC)cc2)c1,IDFQZEASMNMWOW-UHFFFAOYSA-N,0,train
C=CC(=O)Nc1ccc(Cn2cnc3c(-c4ccccc4)ncnc32)cc1,81.26,C=CC(=O)Nc1ccc(Cn2cnc3c(-c4ccccc4)ncnc32)cc1,SIDXAOMKSAWATD-UHFFFAOYSA-N,0,train
C[C@@H]1CC[C@H]2[C@@H](C)C(OCCn3nnc4c3C[C@@H]3CC[C@@H]5[C@H](CC[C@]6(C)[C@@H](O)CC[C@@H]56)[C@@]3(C)C4)O[C@@H]3O[C@@]4(C)CC[C@@H]1[C@]32OO4,28.0,C[C@@H]1CC[C@H]2[C@@H](C)C(OCCn3nnc4c3C[C@@H]3CC[C@@H]5[C@H](CC[C@]6(C)[C@@H](O)CC[C@@H]56)[C@@]3(C)C4)O[C@@H]3O[C@@]4(C)CC[C@@H]1[C@]32OO4,KQZIBCYESGPDBO-OUJFEWBPSA-N,0,train
O=C1CCc2cc(N3CC[C@](O)(C(=O)NCc4cc(F)cc(F)c4)C3=O)ccc2N1,0.11,O=C1CCc2cc(N3CC[C@](O)(C(=O)NCc4cc(F)cc(F)c4)C3=O)ccc2N1,NGWJRTFPANCVSF-NRFANRHFSA-N,1,train
CN1CCC[C@@H]1COc1cc(Nc2nc3cc(Oc4ccnc5ccccc45)ccc3[nH]2)ccc1C(F)(F)F,0.0324,CN1CCC[C@@H]1COc1cc(Nc2nc3cc(Oc4ccnc5ccccc45)ccc3[nH]2)ccc1C(F)(F)F,WATHVYRKWVIPDZ-LJQANCHMSA-N,1,train
Cc1ccccc1-n1nncc1CN1C(=O)C2(C(C#N)=C(N)Oc3c2c2nc4ccccc4nc2c2ccccc32)c2ccccc21,50.0,Cc1ccccc1-n1nncc1CN1C(=O)C2(C(C#N)=C(N)Oc3c2c2nc4ccccc4nc2c2ccccc32)c2ccccc21,JUFNVODXQYFSSK-UHFFFAOYSA-N,0,train
COc1ccc(-c2ncc3c(n2)-c2ccc(Cl)cc2SC3)cc1,4.7,COc1ccc(-c2ncc3c(n2)-c2ccc(Cl)cc2SC3)cc1,OZFJDRNXWBYJFR-UHFFFAOYSA-N,1,train
COc1ccc2c(OC(C)C)c(C(N)=O)sc2c1,4.0,COc1ccc2c(OC(C)C)c(C(N)=O)sc2c1,HHSGABMWWADADO-UHFFFAOYSA-N,1,train
CC(C)(C)OC(=O)NCCOCCOCCOc1ccc(N(C(=O)CCl)C(C(=O)NCCc2ccccc2)c2cccs2)cc1Cl,21.36,CC(C)(C)OC(=O)NCCOCCOCCOc1ccc(N(C(=O)CCl)C(C(=O)NCCc2ccccc2)c2cccs2)cc1Cl,KPVVJDZADXTVHP-UHFFFAOYSA-N,0,train
COc1ccc2nccc(CCN3CCC(NCc4ccc(I)c(F)c4F)CC3)c2n1,34.5,COc1ccc2nccc(CCN3CCC(NCc4ccc(I)c(F)c4F)CC3)c2n1,IJZXBWJKPBRXAR-UHFFFAOYSA-N,0,train
Nc1ccccc1NC(=O)c1ccc(CNc2nc(NC3CC3)nc(NC3Cc4ccccc4C3)n2)cc1,18.0,Nc1ccccc1NC(=O)c1ccc(CNc2nc(NC3CC3)nc(NC3Cc4ccccc4C3)n2)cc1,PMDOCJVIMYUDCP-UHFFFAOYSA-N,0,train
CCCC(C)C(=O)c1c(O)cc(O)c(C/C=C(\C)CCC=C(C)C)c1O,8.7,CCCC(C)C(=O)c1c(O)cc(O)c(C/C=C(\C)CCC=C(C)C)c1O,JSFWEFKQXMCUON-RVDMUPIBSA-N,1,train
COc1cc2c(Oc3ccc(NC(=O)C4(C(=O)Nc5ccc(F)cc5)CC4)cc3F)ccnc2cc1OCCCN1CCOCC1,0.016,COc1cc2c(Oc3ccc(NC(=O)C4(C(=O)Nc5ccc(F)cc5)CC4)cc3F)ccnc2cc1OCCCN1CCOCC1,CXQHYVUVSFXTMY-UHFFFAOYSA-N,1,train
COc1cc(-c2nccn2-c2ccc3cc[nH]c3c2)cc(OC)c1OC,40.04,COc1cc(-c2nccn2-c2ccc3cc[nH]c3c2)cc(OC)c1OC,ZRGXWPWDTBKJKA-UHFFFAOYSA-N,0,train
CC(C)C1CC(O)OO1,28.19,CC(C)C1CC(O)OO1,XRSHTPSDGZXOCZ-UHFFFAOYSA-N,0,train
CC1CC(C)CN(C(=O)c2sc3ccccc3c2Cl)C1,149.0,CC1CC(C)CN(C(=O)c2sc3ccccc3c2Cl)C1,QPSRKDVGLFGUQL-UHFFFAOYSA-N,0,train
COc1cc2c(cc1OC)CN(CCc1ccc(Nc3nc(-c4ccncc4)nc4ccccc34)cc1)CC2,73.58,COc1cc2c(cc1OC)CN(CCc1ccc(Nc3nc(-c4ccncc4)nc4ccccc34)cc1)CC2,TXKOCTPGTLRGNL-UHFFFAOYSA-N,0,train
COc1cc(Nc2ncnc(Nc3ccccc3C(=O)NCCO)n2)cc(OC)c1OC,17.5,COc1cc(Nc2ncnc(Nc3ccccc3C(=O)NCCO)n2)cc(OC)c1OC,YSBXFEBTTLVRBX-UHFFFAOYSA-N,0,train
COc1ccccc1C(=O)Nc1cccc(Nc2ccc([N+](=O)[O-])c3ncnc(O)c23)c1,82.0,COc1ccccc1C(=O)Nc1cccc(Nc2ccc([N+](=O)[O-])c3ncnc(O)c23)c1,JEWLWPVBMFIICX-UHFFFAOYSA-N,0,train
CCOP(=O)(OCC)C(NC(=O)C(C)Oc1ccc2c(c1O)C(=O)c1ccccc1C2=O)c1cccc(C)c1,50.0,CCOP(=O)(OCC)C(NC(=O)C(C)Oc1ccc2c(c1O)C(=O)c1ccccc1C2=O)c1cccc(C)c1,PUZAGNJBSXUXEW-UHFFFAOYSA-N,0,train
C=CC(=O)Nc1ccc(Cn2cnc3c(-c4cc(OC)cc(OC)c4)ncnc32)cc1,82.14,C=CC(=O)Nc1ccc(Cn2cnc3c(-c4cc(OC)cc(OC)c4)ncnc32)cc1,FDYYKFWGYGBXLY-UHFFFAOYSA-N,0,train
COc1ccc(-c2cc(-c3ccc(OC)cc3)on2)cc1,100.0,COc1ccc(-c2cc(-c3ccc(OC)cc3)on2)cc1,OFUJZKSPFSYMPL-UHFFFAOYSA-N,0,train
CCc1ccc(Oc2cncc3sc(C(N)=O)cc23)cc1,10.0,CCc1ccc(Oc2cncc3sc(C(N)=O)cc23)cc1,CFGWRKSNAKLCHE-UHFFFAOYSA-N,1,train
CN1c2ccc(F)cc2C(=O)N2CCc3c([nH]c4ccc(O[C@@H]5O[C@H](CO)[C@@H](O)[C@H](O)[C@H]5O)cc34)[C@H]21,0.221,CN1c2ccc(F)cc2C(=O)N2CCc3c([nH]c4ccc(O[C@@H]5O[C@H](CO)[C@@H](O)[C@H](O)[C@H]5O)cc34)[C@H]21,ZWQBUSIGZLXUII-ZFRLZFHFSA-N,1,train
CCOP(=O)(OCC)c1c(C)oc2c1C(=O)c1cccnc1C2=O,2.88,CCOP(=O)(OCC)c1c(C)oc2c1C(=O)c1cccnc1C2=O,WLIAWAFJNHQALE-UHFFFAOYSA-N,1,train
Cn1ccc2ncnc(Oc3ccc(NC(=O)Nc4cccc(C(F)(F)F)c4)c(F)c3)c21,0.0044,Cn1ccc2ncnc(Oc3ccc(NC(=O)Nc4cccc(C(F)(F)F)c4)c(F)c3)c21,TWOLOZGQZKJZKJ-UHFFFAOYSA-N,1,train
FC(F)(F)c1cc(Nc2nc3cc(Oc4ccncc4)ccc3[nH]2)ccc1Cl,3.896,FC(F)(F)c1cc(Nc2nc3cc(Oc4ccncc4)ccc3[nH]2)ccc1Cl,NWABOGDQPNUAEX-UHFFFAOYSA-N,1,train
Cc1ccc2cccc(NS(=O)(=O)c3ccc(Br)s3)c2n1,1.4,Cc1ccc2cccc(NS(=O)(=O)c3ccc(Br)s3)c2n1,AYRIOCYNODBNFY-UHFFFAOYSA-N,1,train
CCOP(=O)(OCC)c1c(-c2cc(F)c(Cl)nc2Cl)oc2c1C(=O)c1ccccc1C2=O,4.85,CCOP(=O)(OCC)c1c(-c2cc(F)c(Cl)nc2Cl)oc2c1C(=O)c1ccccc1C2=O,KRSVEJYSIFYOJG-UHFFFAOYSA-N,1,train
C=CC(C)(C)c1cc(-c2ccc(OC)cc2)ccc1O,100.0,C=CC(C)(C)c1cc(-c2ccc(OC)cc2)ccc1O,TYHFWJHKXLPAGO-UHFFFAOYSA-N,0,train
Cc1cc(C)c(NS(=O)(=O)c2ccccc2)c(C(=O)O)c1,0.4,Cc1cc(C)c(NS(=O)(=O)c2ccccc2)c(C(=O)O)c1,ORCGTMODRHXXRZ-UHFFFAOYSA-N,1,train
N#CC1=C(N)Oc2c(c3nc4ccccc4nc3c3ccccc23)C12C(=O)N(Cc1cnnn1-c1ccccc1Br)c1ccccc12,50.0,N#CC1=C(N)Oc2c(c3nc4ccccc4nc3c3ccccc23)C12C(=O)N(Cc1cnnn1-c1ccccc1Br)c1ccccc12,YRVNSLXQJRLOJI-UHFFFAOYSA-N,0,train
C[C@@H]1CC[C@@]2(OC1)O[C@H]1C[C@H]3[C@@H]4CC[C@H]5C[C@@H](O)CC[C@]5(C)[C@H]4CC(=O)[C@]3(C)[C@H]1[C@@H]2C,100.0,C[C@@H]1CC[C@@]2(OC1)O[C@H]1C[C@H]3[C@@H]4CC[C@H]5C[C@@H](O)CC[C@]5(C)[C@H]4CC(=O)[C@]3(C)[C@H]1[C@@H]2C,QOLRLLFJMZLYQJ-LOBDNJQFSA-N,0,train
Fc1ccc2c(c1)/C(=N\OCc1ccccc1)C(c1c[nH]c3ccc(F)cc13)=N2,100.0,Fc1ccc2c(c1)/C(=N\OCc1ccccc1)C(c1c[nH]c3ccc(F)cc13)=N2,IULBFTIJTPNEGN-WEMUOSSPSA-N,0,train
COc1cc2c(Nc3ccc(Cl)cc3F)ncnc2cc1OCCN1CCOCC1,5.0,COc1cc2c(Nc3ccc(Cl)cc3F)ncnc2cc1OCCN1CCOCC1,WOSBEBRTYHKLTR-UHFFFAOYSA-N,1,train
C=CCc1ccc(OC(C)C)c(-c2cc(CC=C)cc(CN3CCC(NC(=O)[C@@H](N)Cc4ccccc4)CC3)c2O)c1,6.24,C=CCc1ccc(OC(C)C)c(-c2cc(CC=C)cc(CN3CCC(NC(=O)[C@@H](N)Cc4ccccc4)CC3)c2O)c1,PCZFESRDRPHQPH-XIFFEERXSA-N,1,train
C[n+]1c(/C=C/c2c[nH]c3ccccc23)cc(/C=C2\Sc3ccccc3N2CCCN2CCCCC2)c2ccccc21.[I-],11.9,C[n+]1c(/C=C/c2c[nH]c3ccccc23)cc(/C=C2\Sc3ccccc3N2CCCN2CCCCC2)c2ccccc21,MFMYVUOEORVCCU-LAKKEJQSSA-O,0,train
COc1ccc(C(=O)c2cn(C)c3c(OC)c(OC)c(OC)cc23)cc1F,0.0964,COc1ccc(C(=O)c2cn(C)c3c(OC)c(OC)c(OC)cc23)cc1F,AHAHGRQXIPKMTI-UHFFFAOYSA-N,1,train
COc1ccc(CCc2cccc(NC(=O)Nc3ccccc3Cl)c2)cc1,48.0,COc1ccc(CCc2cccc(NC(=O)Nc3ccccc3Cl)c2)cc1,MPDBODXFLVAFOS-UHFFFAOYSA-N,0,train
Nc1nc(NC2CC2)cc(-c2cccc(Cl)c2Cl)n1,3.2,Nc1nc(NC2CC2)cc(-c2cccc(Cl)c2Cl)n1,PNMYJIOQIAEYQL-UHFFFAOYSA-N,1,train
Clc1cccc(Nc2ncc3c(n2)-c2ccc(Cl)cc2SC3)c1,16.51,Clc1cccc(Nc2ncc3c(n2)-c2ccc(Cl)cc2SC3)c1,VBQWKBJZQHKLHV-UHFFFAOYSA-N,0,train
COc1ccc2c(C(=O)c3cc(OC)c(OC)c(OC)c3)c(-c3ccc(OC)c(O)c3)oc2c1,0.041,COc1ccc2c(C(=O)c3cc(OC)c(OC)c(OC)c3)c(-c3ccc(OC)c(O)c3)oc2c1,DQUBHUDLUYTBJM-UHFFFAOYSA-N,1,train
COc1cc([C@@H]2c3cc4c(cc3[C@@H](Nc3ccc5[nH]ccc5c3)[C@H]3COC(=O)[C@H]23)OCO4)cc(OC)c1OC,55.2,COc1cc([C@@H]2c3cc4c(cc3[C@@H](Nc3ccc5[nH]ccc5c3)[C@H]3COC(=O)[C@H]23)OCO4)cc(OC)c1OC,QYEJTDDSSYBZSD-PCULNXKLSA-N,0,train
CC[C@@H](CO)Nc1nc(NCc2ccccc2O)c2ncn(C(C)C)c2n1,1.59,CC[C@@H](CO)Nc1nc(NCc2ccccc2O)c2ncn(C(C)C)c2n1,NDUVSANREQEDRE-AWEZNQCLSA-N,1,train
Cc1csc(C(=O)/C=C/c2cc3ccc(C)cc3nc2Cl)c1,0.09893,Cc1csc(C(=O)/C=C/c2cc3ccc(C)cc3nc2Cl)c1,PIUHKZPPZDLPLB-AATRIKPKSA-N,1,train
Cc1ccc(NC(=O)Cn2cc(-c3ccc4c(NCC5CC5)n[nH]c4c3)cn2)cc1C(F)(F)F,17.94,Cc1ccc(NC(=O)Cn2cc(-c3ccc4c(NCC5CC5)n[nH]c4c3)cn2)cc1C(F)(F)F,GXXYXXRFZGVGEU-UHFFFAOYSA-N,0,train
CNC(=O)c1ccc(Nc2ncc(C(F)(F)F)c(Nc3ccc(OC)c(Cl)c3)n2)cc1,20.0,CNC(=O)c1ccc(Nc2ncc(C(F)(F)F)c(Nc3ccc(OC)c(Cl)c3)n2)cc1,BTBCDUZQIJRCLF-UHFFFAOYSA-N,0,train
COc1ccc(N(C)c2cc(=O)oc3ccccc23)cc1NC(=O)CCCCCl,0.26,COc1ccc(N(C)c2cc(=O)oc3ccccc23)cc1NC(=O)CCCCCl,LJJRMWULISLLCN-UHFFFAOYSA-N,1,train
COc1ccc(-c2cc3ccc(OC)cc3nc2Nc2ccc(NC(=O)CN3CCOCC3)cc2)cc1,9.1,COc1ccc(-c2cc3ccc(OC)cc3nc2Nc2ccc(NC(=O)CN3CCOCC3)cc2)cc1,IOLYSDLOSXJBJI-UHFFFAOYSA-N,1,train
O=C(Nc1cnc2ccccc2c1)c1cc(Br)cc(Br)c1O,0.0189,O=C(Nc1cnc2ccccc2c1)c1cc(Br)cc(Br)c1O,UKYFBDCFPNULGA-UHFFFAOYSA-N,1,train
O=C(c1cc(Br)ccc1O)c1cc(O)c(O)cc1Br,0.4,O=C(c1cc(Br)ccc1O)c1cc(O)c(O)cc1Br,GKGFCIICHDPASP-UHFFFAOYSA-N,1,train
C[C@H]1[C@H](C)CC[C@]2(C(=O)Nc3ccc(Cl)c(Cl)c3)CC[C@]3(C)C(=CC(=O)[C@@H]4[C@@]5(C)C[C@@H](O)[C@H](O)[C@@](C)(CO)[C@@H]5CC[C@]43C)[C@H]12,100.0,C[C@H]1[C@H](C)CC[C@]2(C(=O)Nc3ccc(Cl)c(Cl)c3)CC[C@]3(C)C(=CC(=O)[C@@H]4[C@@]5(C)C[C@@H](O)[C@H](O)[C@@](C)(CO)[C@@H]5CC[C@]43C)[C@H]12,DTZYLWFCISGYAP-RRHKSWSFSA-N,0,train
Nc1ccccc1NC(=O)CCCCCCNc1nn2c(=O)c3cc(Cl)ccc3nc2c2ccccc12,7.75,Nc1ccccc1NC(=O)CCCCCCNc1nn2c(=O)c3cc(Cl)ccc3nc2c2ccccc12,XGYHQFHPEPHYRW-UHFFFAOYSA-N,1,train
COc1ccc(/C=C\c2cccc(NC(=O)Nc3ccc(Cl)cc3)c2)cc1,33.0,COc1ccc(/C=C\c2cccc(NC(=O)Nc3ccc(Cl)cc3)c2)cc1,VGWVPSZVSVONQT-WAYWQWQTSA-N,0,train
COc1cc2ncnc(Oc3ccc4c(C(=O)NC5CC5)cccc4c3)c2cc1OC,0.0073,COc1cc2ncnc(Oc3ccc4c(C(=O)NC5CC5)cccc4c3)c2cc1OC,JLBAXNKYJZOYGQ-UHFFFAOYSA-N,1,train
CNC(=O)c1cc2c(Oc3ccc(NC(=S)NC(=O)Cc4ccccc4)cc3F)ccnc2cc1OC,10.0,CNC(=O)c1cc2c(Oc3ccc(NC(=S)NC(=O)Cc4ccccc4)cc3F)ccnc2cc1OC,ORRNXRYWGDUDOG-UHFFFAOYSA-N,1,train
CC(C)/N=c1\cc2n(-c3ccc(Cl)cc3)c3ccccc3nc-2cc1Nc1ccc(Cl)cc1,18.59,CC(C)/N=c1\cc2n(-c3ccc(Cl)cc3)c3ccccc3nc-2cc1Nc1ccc(Cl)cc1,WDQPAMHFFCXSNU-BGABXYSRSA-N,0,train
Cc1nc(N2C[C@@H](c3ccc(C#N)cc3)[C@]3(C2)C(=O)N(c2cc(Cl)cc(Cl)c2)C(=O)N3C)ccc1C(=O)O,0.012,Cc1nc(N2C[C@@H](c3ccc(C#N)cc3)[C@]3(C2)C(=O)N(c2cc(Cl)cc(Cl)c2)C(=O)N3C)ccc1C(=O)O,RGINYBTXUVTPLK-WXVAWEFUSA-N,1,train
O=[N+]([O-])c1ccc(COc2ccc([N+](=O)[O-])c(C(F)(F)F)c2)o1,9.6,O=[N+]([O-])c1ccc(COc2ccc([N+](=O)[O-])c(C(F)(F)F)c2)o1,PGFWLICWXVHDSB-UHFFFAOYSA-N,1,train
Cc1ccc(Cl)cc1-n1nncc1CN1C(=O)C2(C(C#N)=C(N)Oc3c(N)cc4nc5ccccc5nc4c32)c2ccccc21,50.0,Cc1ccc(Cl)cc1-n1nncc1CN1C(=O)C2(C(C#N)=C(N)Oc3c(N)cc4nc5ccccc5nc4c32)c2ccccc21,UXSFZJNHYIBHFB-UHFFFAOYSA-N,0,train
Nc1ccccc1NC(=O)c1ccc(CC2COc3ccccc3C2)cc1,23.0,Nc1ccccc1NC(=O)c1ccc(CC2COc3ccccc3C2)cc1,COJSUOYKFQWDMR-UHFFFAOYSA-N,0,train
NC(=O)c1ccc(N2CC[C@](O)(C(=O)NCc3cc(F)cc(Cl)c3)C2=O)cc1,1.6,NC(=O)c1ccc(N2CC[C@](O)(C(=O)NCc3cc(F)cc(Cl)c3)C2=O)cc1,DNBZUYUEKSXSFF-IBGZPJMESA-N,1,train
CCOP(=O)(CCOCn1cc(CN2C(=O)c3cccc4cc([N+](=O)[O-])cc(c34)C2=O)nn1)OCC,250.0,CCOP(=O)(CCOCn1cc(CN2C(=O)c3cccc4cc([N+](=O)[O-])cc(c34)C2=O)nn1)OCC,GEGLUZWDTUMOAS-UHFFFAOYSA-N,0,train
OCCCNc1cncc(-c2cncc(Nc3cccc(Cl)c3)n2)c1,0.164,OCCCNc1cncc(-c2cncc(Nc3cccc(Cl)c3)n2)c1,UCHQCSDTPQKAKL-UHFFFAOYSA-N,1,train
COc1ccc(N2CCN(c3cc(-c4ccccn4)nc4ccccc34)CC2)cc1,1.6,COc1ccc(N2CCN(c3cc(-c4ccccn4)nc4ccccc34)CC2)cc1,JSKOBBAIXHUWTC-UHFFFAOYSA-N,1,train
CCN(C)C(=O)c1ccc2c(c1)NC(=O)/C2=C(\Nc1ccc(CN2CCCCC2)cc1)c1ccccc1,0.718,CCN(C)C(=O)c1ccc2c(c1)NC(=O)/C2=C(\Nc1ccc(CN2CCCCC2)cc1)c1ccccc1,MUSRTIADFPCYTQ-ZIADKAODSA-N,1,train
Nc1ccccc1NC(=O)c1ccc(CNc2nc3ccc(OCCN4CCOCC4)cc3s2)cc1,15.0,Nc1ccccc1NC(=O)c1ccc(CNc2nc3ccc(OCCN4CCOCC4)cc3s2)cc1,UFNUYYXZNINYFN-UHFFFAOYSA-N,0,train
Cc1cnc(CN2CC(=O)N(CC(C)C)c3c(Cl)nc(N)nc32)c(C)c1Br,0.18,Cc1cnc(CN2CC(=O)N(CC(C)C)c3c(Cl)nc(N)nc32)c(C)c1Br,ZWVWFCCSBXKBDU-UHFFFAOYSA-N,1,train
CNC(=O)c1ccc(Nc2ncc(C(F)(F)F)c(NCc3ccccc3Br)n2)cc1,4.53,CNC(=O)c1ccc(Nc2ncc(C(F)(F)F)c(NCc3ccccc3Br)n2)cc1,KOFDWRLTLKILOG-UHFFFAOYSA-N,1,train
Cn1ncc2c(Oc3ccc4c(c3)nc(Nc3ccc(OC(F)(F)F)cc3)n4C)ncnc21,5.89,Cn1ncc2c(Oc3ccc4c(c3)nc(Nc3ccc(OC(F)(F)F)cc3)n4C)ncnc21,FLWXOHWVHFVZAK-UHFFFAOYSA-N,1,train
CCOP(=O)(OCC)C(NC(=O)C(C)Oc1ccc2c(c1O)C(=O)c1ccccc1C2=O)c1ccccc1OC,50.0,CCOP(=O)(OCC)C(NC(=O)C(C)Oc1ccc2c(c1O)C(=O)c1ccccc1C2=O)c1ccccc1OC,VSKJILPZORNUII-UHFFFAOYSA-N,0,train
O=C(/C=C/c1ccccc1F)/C=C/c1ccccc1F,6.1,O=C(/C=C/c1ccccc1F)/C=C/c1ccccc1F,ATKITYYWFUDIDD-WGDLNXRISA-N,1,train
O=C(Nc1cccc(Nc2ccc3c(/C=C/c4ccccc4)n[nH]c3c2)c1)c1ccccc1,0.0039,O=C(Nc1cccc(Nc2ccc3c(/C=C/c4ccccc4)n[nH]c3c2)c1)c1ccccc1,QUPHKWQXSYRZPR-SAPNQHFASA-N,1,train
CC[C@H](C)[C@@H]1CC(=O)[C@H](C)NC(=O)[C@H](CCCNC(=N)N)NC(=O)[C@H](Cc2ccc(O)cc2)NC(=O)[C@@H]2CSSC[C@@H]3NC(=O)[C@@H]4CCCN4C(=O)[C@H]([C@@H](C)CC)NC(=O)[C@H](Cc4ccc(O)cc4)NC(=O)[C@H](C(C)C)NC(=O)[C@@H]4CSSC[C@H](NC(=O)[C@H](CO)NC(=O)[C@H](CSSC[C@H](NC(=O)[C@@H]5CCCN5C1=O)C(=O)NCC(=O)N[C@@H](CCC(=O)O)C(=O)N[C@@H](CO)C(=O)N4)NC(=O)CNC(=O)[C@H]([C@@H](C)CC)NC(=O)[C@H](C)NC(=O)[C@H](C)NC(=O)[C@H]([C@H](C)O)NC(=O)[C@H](CC(C)C)NC3=O)C(=O)N[C@@H](CCCCN)C(=O)N[C@@H](CC(N)=O)C(=O)N[C@@H](CCCCN)C(=O)N[C@@H](C(C)C)C(=O)N2,0.2,CC[C@H](C)[C@@H]1CC(=O)[C@H](C)NC(=O)[C@H](CCCNC(=N)N)NC(=O)[C@H](Cc2ccc(O)cc2)NC(=O)[C@@H]2CSSC[C@@H]3NC(=O)[C@@H]4CCCN4C(=O)[C@H]([C@@H](C)CC)NC(=O)[C@H](Cc4ccc(O)cc4)NC(=O)[C@H](C(C)C)NC(=O)[C@@H]4CSSC[C@H](NC(=O)[C@H](CO)NC(=O)[C@H](CSSC[C@H](NC(=O)[C@@H]5CCCN5C1=O)C(=O)NCC(=O)N[C@@H](CCC(=O)O)C(=O)N[C@@H](CO)C(=O)N4)NC(=O)CNC(=O)[C@H]([C@@H](C)CC)NC(=O)[C@H](C)NC(=O)[C@H](C)NC(=O)[C@H]([C@H](C)O)NC(=O)[C@H](CC(C)C)NC3=O)C(=O)N[C@@H](CCCCN)C(=O)N[C@@H](CC(N)=O)C(=O)N[C@@H](CCCCN)C(=O)N[C@@H](C(C)C)C(=O)N2,WMGJCSQRKGZZFY-SSIGYPCASA-N,1,train
COc1ccc(CC(=O)Nc2ccc3oc(-c4ccccc4F)nc3c2)cc1,14.22,COc1ccc(CC(=O)Nc2ccc3oc(-c4ccccc4F)nc3c2)cc1,DLHDOJRHUKUDPV-UHFFFAOYSA-N,0,train
CCc1nnc2c3ccccc3n(CC(=O)Nc3ccc(OC)cc3)c(=O)n12,46.3,CCc1nnc2c3ccccc3n(CC(=O)Nc3ccc(OC)cc3)c(=O)n12,YJCHRTRBKBTKLA-UHFFFAOYSA-N,0,train
O=C(c1ccc(Cl)cc1)c1ccc(O)c(O)c1,8.9,O=C(c1ccc(Cl)cc1)c1ccc(O)c(O)c1,SYNNFRPIIUNOHK-UHFFFAOYSA-N,1,train
Cc1nc2c([nH]1)C(=O)/C(=N/c1ccc(F)cc1F)C(Cl)=C2O,1.0,Cc1nc2c([nH]1)C(=O)/C(=N/c1ccc(F)cc1F)C(Cl)=C2O,YKICCBYSYWBQFL-KEBDBYFISA-N,1,train
COc1ccc(-c2ncc3c(n2)-c2cccnc2SC3)cc1,20.0,COc1ccc(-c2ncc3c(n2)-c2cccnc2SC3)cc1,CHASZCXCBHKWIP-UHFFFAOYSA-N,0,train
CO/N=C1\CC[C@@]2(C)[C@@H](CC[C@]3(C)[C@@H]2C(=O)C=C2[C@@H]4[C@@H](C)[C@H](C)CC[C@]4(C)CC[C@]23C)[C@@]1(C)C(=O)O,13.11,CO/N=C1\CC[C@@]2(C)[C@@H](CC[C@]3(C)[C@@H]2C(=O)C=C2[C@@H]4[C@@H](C)[C@H](C)CC[C@]4(C)CC[C@]23C)[C@@]1(C)C(=O)O,JUPGAFAVAMLUPX-IJDCIKRISA-N,0,train
COc1ccc(CC(=O)Nc2ccc3oc(-c4ccccc4Cl)nc3c2)cc1,15.38,COc1ccc(CC(=O)Nc2ccc3oc(-c4ccccc4Cl)nc3c2)cc1,QLCKSPPLDITJOQ-UHFFFAOYSA-N,0,train
Cc1ccc(NC(=O)N2CCOc3cc(Oc4ncnc5[nH]ccc45)ccc32)cc1,0.23,Cc1ccc(NC(=O)N2CCOc3cc(Oc4ncnc5[nH]ccc45)ccc32)cc1,DLDOXZCZZRNZNZ-UHFFFAOYSA-N,1,train
COc1cc([C@@H]2c3cc4c(cc3[C@@H](c3nc5cc(F)ccc5s3)[C@H]3COC(=O)[C@H]23)OCO4)cc(OC)c1O,250.3,COc1cc([C@@H]2c3cc4c(cc3[C@@H](c3nc5cc(F)ccc5s3)[C@H]3COC(=O)[C@H]23)OCO4)cc(OC)c1O,NBAFUZYSMHBRQK-HAONIAKBSA-N,0,train
NC(=O)c1nnn([C@@H]2O[C@H](CO)[C@@H](O)[C@H]2O)c1N,1000.0,NC(=O)c1nnn([C@@H]2O[C@H](CO)[C@@H](O)[C@H]2O)c1N,RYGDRPTZZVTRIE-UMMCILCDSA-N,0,train
NC(=O)CCC(C(=O)O)N1C(=O)c2cccc3cc(N)cc(c23)C1=O,50.0,NC(=O)CCC(C(=O)O)N1C(=O)c2cccc3cc(N)cc(c23)C1=O,ZDAILVVZHMDSKY-UHFFFAOYSA-N,0,train
COc1cccc(Nc2nccc(Oc3ccc4c(C(=O)Nc5ccccc5)cccc4c3)n2)c1,0.0148,COc1cccc(Nc2nccc(Oc3ccc4c(C(=O)Nc5ccccc5)cccc4c3)n2)c1,ZCSHGIGMGLWSIY-UHFFFAOYSA-N,1,train
CCOP(=O)(OCC)[C@@H]1[C@@H](C(=O)c2cc(O)ccc2O)[C@H](c2ccccc2)ON1C,150.0,CCOP(=O)(OCC)[C@@H]1[C@@H](C(=O)c2cc(O)ccc2O)[C@H](c2ccccc2)ON1C,URLAPEXJOJMTRI-SESVDKBCSA-N,0,train
COc1ccc(N(C(=O)CCl)C(C(=O)NCCc2ccccc2)c2cccs2)cc1Cl,12.0,COc1ccc(N(C(=O)CCl)C(C(=O)NCCc2ccccc2)c2cccs2)cc1Cl,UNVKYJSNMVDZJE-UHFFFAOYSA-N,0,train
O=C(NCCc1cccs1)[C@@]1(O)CCN(c2ccccc2)C1=O,1.9,O=C(NCCc1cccs1)[C@@]1(O)CCN(c2ccccc2)C1=O,FZATYXICMFSLHR-KRWDZBQOSA-N,1,train
CCOP(=O)(OCC)C(NC(=O)c1cc(O)c2c(c1)C(=O)c1cccc(O)c1C2=O)c1cccc(Br)c1,100.0,CCOP(=O)(OCC)C(NC(=O)c1cc(O)c2c(c1)C(=O)c1cccc(O)c1C2=O)c1cccc(Br)c1,ULBQQRQQOTUHNQ-UHFFFAOYSA-N,0,train
C=CC(=O)Nc1cc(Cn2ccc3ccc(Br)cc32)ccc1F,76.47,C=CC(=O)Nc1cc(Cn2ccc3ccc(Br)cc32)ccc1F,RKEGHFXOJUHWGF-UHFFFAOYSA-N,0,train
COc1ccc(-c2nc(Cl)c(-c3ccccc3)c(Oc3ccc(OCCN(C)C)cc3)n2)cc1,11.72,COc1ccc(-c2nc(Cl)c(-c3ccccc3)c(Oc3ccc(OCCN(C)C)cc3)n2)cc1,ZQKJHONBRZABHX-UHFFFAOYSA-N,0,train
O=C(Nc1ccc(Cl)c(C(F)(F)F)c1)N[C@H]1CC[C@H](Oc2ccc(C(=O)O)cc2)CC1,25.0,O=C(Nc1ccc(Cl)c(C(F)(F)F)c1)N[C@H]1CC[C@H](Oc2ccc(C(=O)O)cc2)CC1,XPNZXPSQLQGYMM-SAZUREKKSA-N,0,train
NCCCC[C@@H](N)C(=O)N[C@H](CCCCN)C(=O)N[C@H](Cc1c[nH]c2ccccc12)C(=O)N[C@H](Cc1c[nH]c2ccccc12)C(=O)N[C@H](CCCCN)C(=O)N[C@H](CCCCN)C(=O)N[C@H](Cc1c[nH]c2ccccc12)C(=O)N[C@H](CSC(c1ccccc1)c1ccccc1)C(=O)N[C@H](CCCCN)C(N)=O,30.3,NCCCC[C@@H](N)C(=O)N[C@H](CCCCN)C(=O)N[C@H](Cc1c[nH]c2ccccc12)C(=O)N[C@H](Cc1c[nH]c2ccccc12)C(=O)N[C@H](CCCCN)C(=O)N[C@H](CCCCN)C(=O)N[C@H](Cc1c[nH]c2ccccc12)C(=O)N[C@H](CSC(c1ccccc1)c1ccccc1)C(=O)N[C@H](CCCCN)C(N)=O,ZHKFEHOOCQIYQC-BVMLIRCXSA-N,0,train
COc1ccc(-c2nc(Cl)cc(Nc3ccc(OCCN4CCCC4)cc3)n2)cc1,11.32,COc1ccc(-c2nc(Cl)cc(Nc3ccc(OCCN4CCCC4)cc3)n2)cc1,JBSXGTOIAIIBJJ-UHFFFAOYSA-N,0,train
C[C@H]1CCCc2ccc(NS(=O)(=O)c3ccc(F)cc3)c(C(=O)O)c21,0.13,C[C@H]1CCCc2ccc(NS(=O)(=O)c3ccc(F)cc3)c(C(=O)O)c21,KZALYMKORCVHMR-NSHDSACASA-N,1,train
COc1cc2c(cc1O)CC[C@@H]1[C@@H]2CC[C@]2(C)[C@@H](N)CC[C@@H]12,13.37,COc1cc2c(cc1O)CC[C@@H]1[C@@H]2CC[C@]2(C)[C@@H](N)CC[C@@H]12,QZHNTBOWRLWTGQ-SSTWWWIQSA-N,0,train
O=C1CCc2cc(N3CC[C@](O)(C(=O)NCc4cc(F)ccc4Cl)C3=O)ccc2N1,4.3,O=C1CCc2cc(N3CC[C@](O)(C(=O)NCc4cc(F)ccc4Cl)C3=O)ccc2N1,LLAQZXVXXJPFCA-NRFANRHFSA-N,1,train
Nc1ccccc1NC(=O)c1ccc(CN2C(=O)c3ccccc3C2=O)cc1,50.0,Nc1ccccc1NC(=O)c1ccc(CN2C(=O)c3ccccc3C2=O)cc1,QPOXAHHWWQYERQ-UHFFFAOYSA-N,0,train
Nc1ccc(-c2n[nH]c(N)c2-c2nc3ccccc3s2)cc1,17.7,Nc1ccc(-c2n[nH]c(N)c2-c2nc3ccccc3s2)cc1,CZHVNYXYWWFVBA-UHFFFAOYSA-N,0,train
COc1cc2nccc(Oc3ccc4c(C(=O)Nc5ccccn5)cccc4c3)c2cc1OC,0.002,COc1cc2nccc(Oc3ccc4c(C(=O)Nc5ccccn5)cccc4c3)c2cc1OC,AFNDEYWFNPXTKJ-UHFFFAOYSA-N,1,train
COc1ccc(C2=C(c3cc(OC)c(OC)c(OC)c3)CC2)cc1O,0.175,COc1ccc(C2=C(c3cc(OC)c(OC)c(OC)c3)CC2)cc1O,GHCHNEIIGUWODQ-UHFFFAOYSA-N,1,train
COc1cc2c(cc1[N+](=O)[O-])CC(C(=O)c1ccc(OC)c(OC)c1OC)CC2,199.0,COc1cc2c(cc1[N+](=O)[O-])CC(C(=O)c1ccc(OC)c(OC)c1OC)CC2,YOEQWINNEWKNSJ-UHFFFAOYSA-N,0,train
COc1ccc(/C=C2\COc3cc(OC)c(OC)c(OC)c3C2=O)cc1F,7.6,COc1ccc(/C=C2\COc3cc(OC)c(OC)c(OC)c3C2=O)cc1F,OMIFAVISLQXUAC-KPKJPENVSA-N,1,train
CC(Nc1ccccc1C)=C1C(=O)CC(c2cccc(O)c2)CC1=O,2.2,CC(Nc1ccccc1C)=C1C(=O)CC(c2cccc(O)c2)CC1=O,CNGMRLXCGNGTMM-UHFFFAOYSA-N,1,train
COc1ccc(NCc2ccc(C(=O)Nc3ccccc3N)cc2)cc1OC,15.0,COc1ccc(NCc2ccc(C(=O)Nc3ccccc3N)cc2)cc1OC,LMZMJYFRBVPBFO-UHFFFAOYSA-N,0,train
CCc1ccc2nc(N(CCCCCNC3CCCCC3)c3ccc(OC)c(OC)c3)sc2c1,6.51,CCc1ccc2nc(N(CCCCCNC3CCCCC3)c3ccc(OC)c(OC)c3)sc2c1,RDARPNDQKSBSFC-UHFFFAOYSA-N,1,train
COc1cc(Cc2c(-c3cccs3)[nH]c3ccccc23)cc(OC)c1OC,0.18,COc1cc(Cc2c(-c3cccs3)[nH]c3ccccc23)cc(OC)c1OC,ISBBEWKZGJYVIP-UHFFFAOYSA-N,1,train
COc1ccc2c(c1)C(=O)c1c-2n(-c2ccc(OCCCN3CCN(C)CC3)cc2)c(=O)c2cc(OC)ccc12,100.0,COc1ccc2c(c1)C(=O)c1c-2n(-c2ccc(OCCCN3CCN(C)CC3)cc2)c(=O)c2cc(OC)ccc12,OFFWGBUTIBFITI-UHFFFAOYSA-N,0,train
Cc1cc(C(=O)Nc2ccc(C)c(Oc3ccc4nc(NC(=O)C5CC5)cn4n3)c2)n(C)n1,0.011,Cc1cc(C(=O)Nc2ccc(C)c(Oc3ccc4nc(NC(=O)C5CC5)cn4n3)c2)n(C)n1,PORBJAAHGWZDRB-UHFFFAOYSA-N,1,train
CC(=O)O[C@@H]1CC[C@@]2(C)[C@@H](CC[C@]3(C)[C@@H]2C(=O)C=C2[C@@H]4[C@@H](C)[C@H](C)CC[C@]4(C)CC[C@]23C)[C@@]1(C)C(=O)N1CCCNCC1,2.79,CC(=O)O[C@@H]1CC[C@@]2(C)[C@@H](CC[C@]3(C)[C@@H]2C(=O)C=C2[C@@H]4[C@@H](C)[C@H](C)CC[C@]4(C)CC[C@]23C)[C@@]1(C)C(=O)N1CCCNCC1,NTJLTUWTVNLZCS-KANAAYPNSA-N,1,train
Cc1ccc(-c2cn(/N=C/c3cc4cc(C)ccc4nc3Cl)c(N)n2)cc1,18.04,Cc1ccc(-c2cn(/N=C/c3cc4cc(C)ccc4nc3Cl)c(N)n2)cc1,AXNLFLNGHOYXLM-BHGWPJFGSA-N,0,train
COc1cc2nccc(Oc3ccc(NC(=O)NC4CC4)c(Cl)c3)c2cc1C(N)=O,0.003,COc1cc2nccc(Oc3ccc(NC(=O)NC4CC4)c(Cl)c3)c2cc1C(N)=O,WOSKHXYHFSIKNG-UHFFFAOYSA-N,1,train
CC(C)n1ncc2c(Oc3ccc4c(c3)nc(Nc3ccc(Cl)c(C(F)(F)F)c3)n4C)ncnc21,37.64,CC(C)n1ncc2c(Oc3ccc4c(c3)nc(Nc3ccc(Cl)c(C(F)(F)F)c3)n4C)ncnc21,VFWDESRCIAAJJD-UHFFFAOYSA-N,0,train
COC(=O)[C@@H]1OC2(CCN(c3nc(=O)c4cc(C(F)(F)F)cc([N+](=O)[O-])c4s3)CC2)O[C@H]1c1ccccc1,50.0,COC(=O)[C@@H]1OC2(CCN(c3nc(=O)c4cc(C(F)(F)F)cc([N+](=O)[O-])c4s3)CC2)O[C@H]1c1ccccc1,KVGSIDYXPBYFEL-ZWKOTPCHSA-N,0,train
Cc1c(COc2cncc(OCC3CCOCC3)c2)[nH]c2ccccc2c1=O,0.063,Cc1c(COc2cncc(OCC3CCOCC3)c2)[nH]c2ccccc2c1=O,SOTKLRQAFDJYBQ-UHFFFAOYSA-N,1,train
Nc1c(-c2nc3cc(N4CCOCC4)ccc3[nH]2)c(=O)[nH]c2ccccc12,0.04,Nc1c(-c2nc3cc(N4CCOCC4)ccc3[nH]2)c(=O)[nH]c2ccccc12,JZGWDENJLOXKLZ-UHFFFAOYSA-N,1,train
Cc1ccccc1C(=O)Nc1cccc(Nc2ccc([N+](=O)[O-])c3ncnc(O)c23)c1,89.6,Cc1ccccc1C(=O)Nc1cccc(Nc2ccc([N+](=O)[O-])c3ncnc(O)c23)c1,IEVHRVLRXPPUEZ-UHFFFAOYSA-N,0,train
O=C1Nc2ccccc2[C@]12C[C@H]2c1ccc2c(/C=C/c3cccc(CN4CCOCC4)c3)n[nH]c2c1,50.0,O=C1Nc2ccccc2[C@]12C[C@H]2c1ccc2c(/C=C/c3cccc(CN4CCOCC4)c3)n[nH]c2c1,CVMCIQIOWUFBGE-VLXKKGHZSA-N,0,train
C=C1C(=O)N(c2ccccc2)N(c2ccccc2)C1CCCC,27.0,C=C1C(=O)N(c2ccccc2)N(c2ccccc2)C1CCCC,XTJZULLZIJAAQC-UHFFFAOYSA-N,0,train
O=C(Nc1ccc(Cl)cc1)Nc1nnc(Sc2ncnc3scc(-c4ccncc4)c23)s1,11.6,O=C(Nc1ccc(Cl)cc1)Nc1nnc(Sc2ncnc3scc(-c4ccncc4)c23)s1,FVIXPCCVSYPLFH-UHFFFAOYSA-N,0,train
O=C(/C=C/c1ccc(O)c(O)c1)NCCc1ccccc1,2.0,O=C(/C=C/c1ccc(O)c(O)c1)NCCc1ccccc1,QOWABIXYAFJMQE-VQHVLOKHSA-N,1,train
Cc1nc(C)c(CNC(=O)c2ccncc2)nc1C,37.0,Cc1nc(C)c(CNC(=O)c2ccncc2)nc1C,HNFVHMUTFIPZEN-UHFFFAOYSA-N,0,train
CC(=O)N[C@@H](Cc1ccccc1)C(=O)NP(=O)(O)OC[C@H]1O[C@@H](n2ccc(N)nc2=O)C(F)(F)[C@@H]1O,200.0,CC(=O)N[C@@H](Cc1ccccc1)C(=O)NP(=O)(O)OC[C@H]1O[C@@H](n2ccc(N)nc2=O)C(F)(F)[C@@H]1O,YGOLOXBHJQGJSJ-GARXJVFOSA-N,0,train
O=C(Nc1ccc2oc(-c3ccc(Cl)c(Br)c3)nc2c1)c1ccc(Cl)c(Br)c1,53.87,O=C(Nc1ccc2oc(-c3ccc(Cl)c(Br)c3)nc2c1)c1ccc(Cl)c(Br)c1,BXXWBYQLSWMPHJ-UHFFFAOYSA-N,0,train
CCc1cc2c(Sc3nnc(C)s3)ncnc2s1,51.0,CCc1cc2c(Sc3nnc(C)s3)ncnc2s1,VDRMYOGBNZKFRX-UHFFFAOYSA-N,0,train
C/C=C/C1=CC2=CC(=O)[C@@](C)(O)[C@@H](OC(=O)c3c(C)cc(O)cc3O)[C@@H]2CO1,200.0,C/C=C/C1=CC2=CC(=O)[C@@](C)(O)[C@@H](OC(=O)c3c(C)cc(O)cc3O)[C@@H]2CO1,HNVJWWBKFFDQAA-DAYKGMGPSA-N,0,train
CC(=O)N1CCC(NC(=O)Nc2ccc(C(F)(F)F)cc2)CC1,0.098,CC(=O)N1CCC(NC(=O)Nc2ccc(C(F)(F)F)cc2)CC1,WGDIJYGQSIUZOV-UHFFFAOYSA-N,1,train
CCCCCc1nnc(NC(=O)c2c(O)c3ccccc3n(CC)c2=O)s1,41.9,CCCCCc1nnc(NC(=O)c2c(O)c3ccccc3n(CC)c2=O)s1,OWMLSIYLICDINK-UHFFFAOYSA-N,0,train
CCOC(=O)/C=C/c1oc2ccc(O)cc2c1/C=C/C(=O)OCC,32.9,CCOC(=O)/C=C/c1oc2ccc(O)cc2c1/C=C/C(=O)OCC,WBEJOICYMOINNK-OAMUUVBCSA-N,0,train
C[C@H](Nc1ncnc(N)c1C#N)c1nn2ccc(C#N)c2c(=O)n1-c1ccccc1,0.295,C[C@H](Nc1ncnc(N)c1C#N)c1nn2ccc(C#N)c2c(=O)n1-c1ccccc1,QUMWKKVIZAIAHU-LBPRGKRZSA-N,1,train
Cn1ccnc1/C=N/NC(=O)c1ccccc1Sc1ccc2c(/C=C/c3ccccn3)n[nH]c2c1,0.019,Cn1ccnc1/C=N/NC(=O)c1ccccc1Sc1ccc2c(/C=C/c3ccccn3)n[nH]c2c1,NWVARYWEVLSGCD-MSXKPISQSA-N,1,train
Cc1cc(C(=O)Nc2cccc(C(=O)c3ccc4c(/C=C/c5ccccn5)n[nH]c4c3)c2)n(C)n1,0.00027,Cc1cc(C(=O)Nc2cccc(C(=O)c3ccc4c(/C=C/c5ccccn5)n[nH]c4c3)c2)n(C)n1,BTYKIQPZILZZIK-ZRDIBKRKSA-N,1,train
CN1CC2(CC(Cc3cccc(CNC4(c5ccc(F)cc5)CCCC4)c3)C2)C1,30.0,CN1CC2(CC(Cc3cccc(CNC4(c5ccc(F)cc5)CCCC4)c3)C2)C1,HLTXYINXXZZHTA-UHFFFAOYSA-N,0,train
CC(Nc1ccccc1Oc1cccc(F)c1)=C1C(=O)CC(c2ccccc2)CC1=O,0.36,CC(Nc1ccccc1Oc1cccc(F)c1)=C1C(=O)CC(c2ccccc2)CC1=O,TVSGAGXOFUNANH-UHFFFAOYSA-N,1,train
O=C1CCc2cc(N3CC[C@](O)(C(=O)NCc4cc(F)c(F)c(F)c4)C3=O)ccc2N1,1.1,O=C1CCc2cc(N3CC[C@](O)(C(=O)NCc4cc(F)c(F)c(F)c4)C3=O)ccc2N1,AJIOJGRRRWENCI-NRFANRHFSA-N,1,train
CNC(=O)c1ccc(Nc2ncc(C(F)(F)F)c(Nc3ccccc3[N+](=O)[O-])n2)cc1,1.02,CNC(=O)c1ccc(Nc2ncc(C(F)(F)F)c(Nc3ccccc3[N+](=O)[O-])n2)cc1,FEUMOHHKIQFLOI-UHFFFAOYSA-N,1,train
CC(=O)N1CCC(NC(=O)NC23CC4CC(CC(C4)C2)C3)CC1,0.057,CC(=O)N1CCC(NC(=O)NC23CC4CC(CC(C4)C2)C3)CC1,HUDQLWBKJOMXSZ-UHFFFAOYSA-N,1,train
COc1cc2nccc(Oc3ccc4[nH]c(Nc5ccc(Cl)c(CN6CCN(C)CC6)c5)nc4c3)c2cc1OC,0.0166,COc1cc2nccc(Oc3ccc4[nH]c(Nc5ccc(Cl)c(CN6CCN(C)CC6)c5)nc4c3)c2cc1OC,GZXULZRBYRVYLK-UHFFFAOYSA-N,1,train
CC(C)n1cnc2c(NCc3cc(F)cnc3Cl)nc(N3CCC(C4CCN(CCO)CC4)CC3)nc21,1.55,CC(C)n1cnc2c(NCc3cc(F)cnc3Cl)nc(N3CCC(C4CCN(CCO)CC4)CC3)nc21,JAEXRXSHLBICDA-UHFFFAOYSA-N,1,train
Cc1ccc(NS(=O)(=O)c2ccc(/C=C/C(=O)Nc3ccccc3N)cc2)cc1,41.0,Cc1ccc(NS(=O)(=O)c2ccc(/C=C/C(=O)Nc3ccccc3N)cc2)cc1,FVMOHEFQXYYGSP-XNTDXEJSSA-N,0,train
Fc1ccccc1/C=C/c1nnc(-c2ccc3c(c2)OCCO3)o1,1.16,Fc1ccccc1/C=C/c1nnc(-c2ccc3c(c2)OCCO3)o1,FGKASUJLZFPRBA-SOFGYWHQSA-N,1,train
COCC[n+]1c2c(n(Cc3cnccn3)c1C)C(=O)c1ccccc1C2=O.[Br-],0.0005,COCC[n+]1c2c(n(Cc3cnccn3)c1C)C(=O)c1ccccc1C2=O,OTSOOHRUMBRSHZ-UHFFFAOYSA-N,1,train
C[C@@H]1CN(C(=O)c2sc3ccccc3c2Cl)C[C@H](C)O1,195.0,C[C@@H]1CN(C(=O)c2sc3ccccc3c2Cl)C[C@H](C)O1,LJXMGMZOYDGWON-AOOOYVTPSA-N,0,train
c1ccc2oc(-c3c[nH]nn3)cc2c1,20.0,c1ccc2oc(-c3c[nH]nn3)cc2c1,DCERZYFATQLVJN-UHFFFAOYSA-N,0,train
COc1ccc(-c2nnsc2-c2cc(OC)c(OC)c(OC)c2)cc1[N+](=O)[O-],1.0,COc1ccc(-c2nnsc2-c2cc(OC)c(OC)c(OC)c2)cc1[N+](=O)[O-],UFKMSDLOWIVJOA-UHFFFAOYSA-N,1,train
CCCCCCCC/C=C\CCCCCCCC(=O)O[C@H](COC(=O)CCCCCCCC1CC1CCCCCCCC)CO[C@@H]1O[C@H](COC(C)=O)[C@@H](OC(C)=O)[C@H](OC(C)=O)[C@H]1OC(C)=O,121.5,CCCCCCCC/C=C\CCCCCCCC(=O)O[C@H](COC(=O)CCCCCCCC1CC1CCCCCCCC)CO[C@@H]1O[C@H](COC(C)=O)[C@@H](OC(C)=O)[C@H](OC(C)=O)[C@H]1OC(C)=O,DTQRGYHUUKYMST-MQGIBKNJSA-N,0,train
Cc1ccc(CO/N=C2/C(c3c[nH]c4ccccc34)=Nc3ccccc32)cc1,100.0,Cc1ccc(CO/N=C2/C(c3c[nH]c4ccccc34)=Nc3ccccc32)cc1,DFBNVPLWDGDEBO-SOYKGTTHSA-N,0,train
Cc1c(CN2CCCC2)cc(-c2ccc(Cl)cc2)n1Nc1ccnc2cc(Cl)ccc12,7.176,Cc1c(CN2CCCC2)cc(-c2ccc(Cl)cc2)n1Nc1ccnc2cc(Cl)ccc12,HHRUDLQQSYMJJR-UHFFFAOYSA-N,1,train
CC(C)CCC[C@@H](C)[C@H]1CC[C@H]2[C@@H]3CC[C@H]4C[C@@H](O[C@H]5O[C@H](COS(=O)(=O)[O-])[C@@H](OS(=O)(=O)[O-])[C@H](OS(=O)(=O)[O-])[C@@H]5O[C@H]5O[C@H](COS(=O)(=O)[O-])[C@@H](OS(=O)(=O)[O-])[C@H](OS(=O)(=O)[O-])[C@@H]5OS(=O)(=O)[O-])CC[C@]4(C)[C@H]3CC[C@]12C.[Na+].[Na+].[Na+].[Na+].[Na+].[Na+].[Na+],1.8,CC(C)CCC[C@@H](C)[C@H]1CC[C@H]2[C@@H]3CC[C@H]4C[C@@H](O[C@H]5O[C@H](COS(=O)(=O)O)[C@@H](OS(=O)(=O)O)[C@H](OS(=O)(=O)O)[C@@H]5O[C@H]5O[C@H](COS(=O)(=O)O)[C@@H](OS(=O)(=O)O)[C@H](OS(=O)(=O)O)[C@@H]5OS(=O)(=O)O)CC[C@]4(C)[C@H]3CC[C@]12C,ZHPDNFVCUVRXEV-XTGLIMJMSA-N,1,train
Nc1ccccc1NC(=O)c1ccc(CNC(=O)c2cc3ccc(OCc4ccc(Cl)c(Cl)c4)cc3oc2=O)cc1,100.0,Nc1ccccc1NC(=O)c1ccc(CNC(=O)c2cc3ccc(OCc4ccc(Cl)c(Cl)c4)cc3oc2=O)cc1,TUYTWDOSSAVPGB-UHFFFAOYSA-N,0,train
C[C@H]1[C@@H](CCCOC(=O)NCCCCNC(=O)OCCC[C@H]2O[C@@H]3O[C@@]4(C)CC[C@H]5[C@H](C)CC[C@@H]([C@H]2C)[C@@]35OO4)O[C@@H]2O[C@@]3(C)CC[C@H]4[C@H](C)CC[C@@H]1[C@@]24OO3,3.6,C[C@H]1[C@@H](CCCOC(=O)NCCCCNC(=O)OCCC[C@H]2O[C@@H]3O[C@@]4(C)CC[C@H]5[C@H](C)CC[C@@H]([C@H]2C)[C@@]35OO4)O[C@@H]2O[C@@]3(C)CC[C@H]4[C@H](C)CC[C@@H]1[C@@]24OO3,SXAXRYKKMZEEPO-QKBAYODKSA-N,1,train
COc1ccc(/C=C/C(=O)c2cc(C/C=C(\C)CCC=C(C)C)c(OC)cc2OC)cc1,78.01,COc1ccc(/C=C/C(=O)c2cc(C/C=C(\C)CCC=C(C)C)c(OC)cc2OC)cc1,IUMSQUFJEQXLKS-WGEGVIJPSA-N,0,train
COc1cc2nc(N/N=C3\CCCc4cccnc43)sc2cc1OC,0.9246,COc1cc2nc(N/N=C3\CCCc4cccnc43)sc2cc1OC,WLBHSKRQFFMASC-CIAFOILYSA-N,1,train
CO[C@@H]1O[C@H](C(=O)O)[C@@H](O)[C@H](O)[C@H]1OC(=O)CCC(=O)O[C@@H](C(=O)O[C@H]1C[C@@]2(O)[C@@H](OC(=O)c3ccccc3)[C@@H]3[C@]4(OC(C)=O)CO[C@@H]4C[C@H](O)[C@@]3(C)C(=O)[C@H](OC(C)=O)C(=C1C)C2(C)C)[C@@H](NC(=O)c1ccccc1)c1ccccc1,100.0,CO[C@@H]1O[C@H](C(=O)O)[C@@H](O)[C@H](O)[C@H]1OC(=O)CCC(=O)O[C@@H](C(=O)O[C@H]1C[C@@]2(O)[C@@H](OC(=O)c3ccccc3)[C@@H]3[C@]4(OC(C)=O)CO[C@@H]4C[C@H](O)[C@@]3(C)C(=O)[C@H](OC(C)=O)C(=C1C)C2(C)C)[C@@H](NC(=O)c1ccccc1)c1ccccc1,AKSLVAOUPKFVAO-NNFJVSIVSA-N,0,train
CCCCCCCCCCCCCCNNC(=O)COC,33.6,CCCCCCCCCCCCCCNNC(=O)COC,GOXVYNTVQXSZJR-UHFFFAOYSA-N,0,train
COc1ccccc1NC(C)=C1C(=O)CC(c2ccccc2)CC1=O,0.09,COc1ccccc1NC(C)=C1C(=O)CC(c2ccccc2)CC1=O,VBDYUYVCODLQFF-UHFFFAOYSA-N,1,train
O=C1C=CC2(OCC(=O)N2Cc2ccc(Cl)cc2)C2CC12,83.65,O=C1C=CC2(OCC(=O)N2Cc2ccc(Cl)cc2)C2CC12,KGRFOWZODKGPPA-UHFFFAOYSA-N,0,train
C[C@@H]1CC[C@H]2[C@@H](C)C(OCCn3nnc4c3CCN(Cc3ccccc3)C4)O[C@@H]3O[C@@]4(C)CC[C@@H]1[C@]32OO4,30.0,C[C@@H]1CC[C@H]2[C@@H](C)C(OCCn3nnc4c3CCN(Cc3ccccc3)C4)O[C@@H]3O[C@@]4(C)CC[C@@H]1[C@]32OO4,QHZWKDXLKAKCKE-TVELYSJGSA-N,0,train
COc1ccc(NC(=S)OCCNC(=O)c2cccnc2)cc1,549.6,COc1ccc(NC(=S)OCCNC(=O)c2cccnc2)cc1,YIVXUZIUKFPHDL-UHFFFAOYSA-N,0,train
Cc1c(COc2cccc(OCC3CCOCC3)c2)[nH]c2ccc(F)cc2c1=O,0.0068,Cc1c(COc2cccc(OCC3CCOCC3)c2)[nH]c2ccc(F)cc2c1=O,VFXPGUSWBCYCOT-UHFFFAOYSA-N,1,train
O=C1CCc2cc(N3CC[C@](O)(C(=O)NCc4cccc(F)c4F)C3=O)ccc2N1,0.14,O=C1CCc2cc(N3CC[C@](O)(C(=O)NCc4cccc(F)c4F)C3=O)ccc2N1,AFMSZGSJNRBDMK-NRFANRHFSA-N,1,train
COc1ccc(CC2COc3cc(OC)c(OC)c(OC)c3C2=O)cc1C(=O)O,92.0,COc1ccc(CC2COc3cc(OC)c(OC)c(OC)c3C2=O)cc1C(=O)O,BJVDWQZPVVKZEI-UHFFFAOYSA-N,0,train
Cl.Clc1ccc(C2CCC(NCCC3CCOCC3)c3ccsc32)cc1Cl,20.18,Clc1ccc(C2CCC(NCCC3CCOCC3)c3ccsc32)cc1Cl,CTHJFWFRZKPLQO-UHFFFAOYSA-N,0,train
O=C1Nc2ccc(F)cc2/C1=C/c1ccc(-c2cn(-c3cccc(Cl)c3)nn2)cc1,19.42,O=C1Nc2ccc(F)cc2/C1=C/c1ccc(-c2cn(-c3cccc(Cl)c3)nn2)cc1,KKJUWMVGOHXEQI-JMIUGGIZSA-N,0,train
NC/C(=C/F)COc1ccc(S(N)(=O)=O)cc1,100.0,NC/C(=C/F)COc1ccc(S(N)(=O)=O)cc1,GJRSZKOPZAJCGZ-YVMONPNESA-N,0,train
CCC(C)n1ncn(-c2ccc(N3CCN(c4ccc(OCC5COC(C)(Cn6cncn6)O5)cc4)CC3)cc2)c1=O,18.4,CCC(C)n1ncn(-c2ccc(N3CCN(c4ccc(OCC5COC(C)(Cn6cncn6)O5)cc4)CC3)cc2)c1=O,DSNVAOFAUKUBTK-UHFFFAOYSA-N,0,train
Nc1cc(Oc2ccc3c(C(=O)Nc4cccc(C(F)(F)F)c4)cccc3c2)ncn1,0.0017,Nc1cc(Oc2ccc3c(C(=O)Nc4cccc(C(F)(F)F)c4)cccc3c2)ncn1,IOYGAWXBNPFOKF-UHFFFAOYSA-N,1,train
CCCCCCCCCCCC/C=C/N(NC(=O)COC)C(=O)OC(C)(C)C,36.1,CCCCCCCCCCCC/C=C/N(NC(=O)COC)C(=O)OC(C)(C)C,HGPVYEZKMSWGEP-ISLYRVAYSA-N,0,train
CN(c1ccc(NC(=O)Nc2cc(C(F)(F)F)ccc2F)cc1)c1ccnc(Nc2ccc(S(N)(=O)=O)cc2)n1,0.008,CN(c1ccc(NC(=O)Nc2cc(C(F)(F)F)ccc2F)cc1)c1ccnc(Nc2ccc(S(N)(=O)=O)cc2)n1,YJFKREHADGLMHG-UHFFFAOYSA-N,1,train
C=CC(=O)Nc1ccc(C(=O)Nc2ccc(-c3cc(C)nc4noc(N)c34)cc2)cc1OC,10.0,C=CC(=O)Nc1ccc(C(=O)Nc2ccc(-c3cc(C)nc4noc(N)c34)cc2)cc1OC,RPCQOAZMIZHTSV-UHFFFAOYSA-N,1,train
COc1cc2c(cc1O)CC[C@@H]1[C@@H]2CC[C@]2(C)C=CC[C@@H]12,0.71,COc1cc2c(cc1O)CC[C@@H]1[C@@H]2CC[C@]2(C)C=CC[C@@H]12,XYQNSUIMCBJUCF-MVWRLGRASA-N,1,train
CCC(C)n1ncn(-c2ccc(N3CCN(c4ccc(OC[C@@H]5CO[C@@](CC6CCCC6)(c6ccc(Cl)cc6Cl)O5)cc4)CC3)cc2)c1=O,0.512,CCC(C)n1ncn(-c2ccc(N3CCN(c4ccc(OC[C@@H]5CO[C@@](CC6CCCC6)(c6ccc(Cl)cc6Cl)O5)cc4)CC3)cc2)c1=O,CAUISNSJAYFGTL-HMPUBFBJSA-N,1,train
Cc1[nH]c(/C=C2\C(=O)N(CCCN(C)C)c3ccc(F)cc32)c(C)c1C(=O)N1CCN(C)CC1.Cl.Cl,2.99,Cc1[nH]c(/C=C2\C(=O)N(CCCN(C)C)c3ccc(F)cc32)c(C)c1C(=O)N1CCN(C)CC1,WGXKHSPUQRVYSD-PGMHBOJBSA-N,1,train
CC(C)(C)c1[nH]cnc1/C=c1\[nH]c(=O)/c(=C/c2cccc3cnccc23)[nH]c1=O,0.013,CC(C)(C)c1[nH]cnc1/C=c1\[nH]c(=O)/c(=C/c2cccc3cnccc23)[nH]c1=O,VOLBQTLKWHHCEP-XFQWXJFMSA-N,1,train
CNC(=O)c1ccc(Nc2ncc(C(F)(F)F)c(Nc3ccc(NC(C)=O)cc3)n2)cc1,20.0,CNC(=O)c1ccc(Nc2ncc(C(F)(F)F)c(Nc3ccc(NC(C)=O)cc3)n2)cc1,JZHPGUOMVGQWMX-UHFFFAOYSA-N,0,train
[O-][S+](Cc1ccccc1)c1nnc(-c2ccccn2)o1,4.0,[O-][S+](Cc1ccccc1)c1nnc(-c2ccccn2)o1,LULNHCNTQCLIFT-UHFFFAOYSA-N,1,train
COc1ccc(-c2nn(Cc3ccccc3)cc2-c2cc(OC)c(OC)c(OC)c2)cc1O,2.0,COc1ccc(-c2nn(Cc3ccccc3)cc2-c2cc(OC)c(OC)c(OC)c2)cc1O,IRBNTLFJRXGCHI-UHFFFAOYSA-N,1,train
COC(=O)[C@H](NC(=O)O[C@@H]1CC[C@]2(CO2)[C@H]([C@@]2(C)O[C@@H]2CC=C(C)C)[C@@H]1OC)c1ccccc1,3.5999999999999994e-05,COC(=O)[C@H](NC(=O)O[C@@H]1CC[C@]2(CO2)[C@H]([C@@]2(C)O[C@@H]2CC=C(C)C)[C@@H]1OC)c1ccccc1,AOTXOPOOGNVUMJ-JSXMWASKSA-N,1,train
COc1ccc(C2CC2c2cc(OC)c(OC)c(OC)c2)cc1O,0.13,COc1ccc(C2CC2c2cc(OC)c(OC)c(OC)c2)cc1O,UDGSMCKILRWBIJ-UHFFFAOYSA-N,1,train
CCc1cc2c(Sc3nnc(N)s3)ncnc2s1,95.0,CCc1cc2c(Sc3nnc(N)s3)ncnc2s1,AUPONMVZYSWRCP-UHFFFAOYSA-N,0,train
C=CCc1cc(-c2ccc(C(F)(F)F)cc2)ccc1OC,100.0,C=CCc1cc(-c2ccc(C(F)(F)F)cc2)ccc1OC,IMPIAUVSUXNHLU-UHFFFAOYSA-N,0,train
Cc1cnccc1CCC(C)[C@H]1CC[C@@H]2[C@]1(C)CCC1=CC3=CC[C@@H](N(C)C)C[C@]34CC[C@@]12O4,0.35,Cc1cnccc1CCC(C)[C@H]1CC[C@@H]2[C@]1(C)CCC1=CC3=CC[C@@H](N(C)C)C[C@]34CC[C@@]12O4,XWJPSPMNDHNLFX-RHIQJKQESA-N,1,train
O=C1Nc2ccccc2/C1=C/c1ccc(-c2cn(-c3ccccc3)nn2)cc1,12.68,O=C1Nc2ccccc2/C1=C/c1ccc(-c2cn(-c3ccccc3)nn2)cc1,MLDLEWVHWAYPBQ-ZHZULCJRSA-N,0,train
COCCOCCCCc1[nH]c2ccccc2c(=O)c1C,0.46,COCCOCCCCc1[nH]c2ccccc2c(=O)c1C,PQYHUSRDVJDIMP-UHFFFAOYSA-N,1,train
COc1ccc(S(=O)(=O)Nc2cccc3ccc(C)nc23)c([N+](=O)[O-])c1,1.0,COc1ccc(S(=O)(=O)Nc2cccc3ccc(C)nc23)c([N+](=O)[O-])c1,FFFWFVRMWPALDL-UHFFFAOYSA-N,1,train
CC(Nc1ccccc1C(F)(F)F)=C1C(=O)CC(c2ccccc2)CC1=O,7.7,CC(Nc1ccccc1C(F)(F)F)=C1C(=O)CC(c2ccccc2)CC1=O,NEZFZWXHJLUAKC-UHFFFAOYSA-N,1,train
CCOC(=O)C1ON(c2ccccc2)C(c2ccccc2F)C12C(=O)Nc1ccc(F)cc12,51.0,CCOC(=O)C1ON(c2ccccc2)C(c2ccccc2F)C12C(=O)Nc1ccc(F)cc12,YPGIJVQKJKYNOM-UHFFFAOYSA-N,0,train
CC(=O)O[C@]12CCC(C(=O)O)=CC[C@]13CC[C@H]2[C@@](C)(/C=C/C=C(\C)C(=O)O)OC3=O,10.0,CC(=O)O[C@]12CCC(C(=O)O)=CC[C@]13CC[C@H]2[C@@](C)(/C=C/C=C(\C)C(=O)O)OC3=O,ZPSQWDVEMDWXPJ-HPHAYBORSA-N,1,train
CCCC(Nc1ccccc1C)=C1C(=O)CC(c2ccccc2)CC1=O,44.0,CCCC(Nc1ccccc1C)=C1C(=O)CC(c2ccccc2)CC1=O,ASLWJJRZEVRZHU-UHFFFAOYSA-N,0,train
Cc1ccc(-n2nncc2CN2C(=O)C3(C(C#N)=C(N)Oc4c3c3nc5ccccc5nc3c3ccccc43)c3ccccc32)cc1Cl,50.0,Cc1ccc(-n2nncc2CN2C(=O)C3(C(C#N)=C(N)Oc4c3c3nc5ccccc5nc3c3ccccc43)c3ccccc32)cc1Cl,YMSBTIQNVONFEC-UHFFFAOYSA-N,0,train
COc1ccc(/C=C\c2cc(OC)c(OC)c(OC)c2)cc1NC(=O)Nc1cc(C)cc(C)c1,60.0,COc1ccc(/C=C\c2cc(OC)c(OC)c(OC)c2)cc1NC(=O)Nc1cc(C)cc(C)c1,XZSHDQXPMIDNHQ-FPLPWBNLSA-N,0,train
CNc1cc(Oc2ccc3oc(Nc4ccc(Cl)c(CN5CCN(C)CC5)c4)nc3c2)ncn1,0.289,CNc1cc(Oc2ccc3oc(Nc4ccc(Cl)c(CN5CCN(C)CC5)c4)nc3c2)ncn1,FKHQZLPZYPUSEY-UHFFFAOYSA-N,1,train
Cc1c(CCC(=O)Nc2ccc(F)cc2)c(=O)oc2cc(OCCOc3no[n+]([O-])c3S(=O)(=O)c3ccccc3)ccc12,3.4,Cc1c(CCC(=O)Nc2ccc(F)cc2)c(=O)oc2cc(OCCOc3no[n+]([O-])c3S(=O)(=O)c3ccccc3)ccc12,GDPJAEQXZSVCGK-UHFFFAOYSA-N,1,train
COc1cc(OC)c(C2C(C#N)=C(N)Oc3c2ccc2ccc(C)nc32)cc1OC,7.87,COc1cc(OC)c(C2C(C#N)=C(N)Oc3c2ccc2ccc(C)nc32)cc1OC,GVXBTRKMBKAEMP-UHFFFAOYSA-N,1,train
Cc1cc(O)c2c3c4c(cc(O)c13)C(C)(C)C(=O)c1c(O)c(CNC(C)(C)C)c(O)c(c1-4)C2=O,7.8,Cc1cc(O)c2c3c4c(cc(O)c13)C(C)(C)C(=O)c1c(O)c(CNC(C)(C)C)c(O)c(c1-4)C2=O,YLNSTENXXFAZTG-UHFFFAOYSA-N,1,train
O=C(c1cccc(NC(=O)c2cccc3[nH]ccc23)c1)c1ccc2c(/C=C/c3ccccc3)n[nH]c2c1,0.0023,O=C(c1cccc(NC(=O)c2cccc3[nH]ccc23)c1)c1ccc2c(/C=C/c3ccccc3)n[nH]c2c1,DMUVCRWVKJNDMB-NTCAYCPXSA-N,1,train
Cc1nc2c(cc1-n1c3ccc(F)cc3c3[nH]ncc31)ncn2C,0.02512,Cc1nc2c(cc1-n1c3ccc(F)cc3c3[nH]ncc31)ncn2C,IUZBXISRROMZSL-UHFFFAOYSA-N,1,train
CCOC(=O)C1C(c2ccc(C#N)cc2)N(c2ccccc2)OC12C(=O)Nc1ccc(F)cc12,49.0,CCOC(=O)C1C(c2ccc(C#N)cc2)N(c2ccccc2)OC12C(=O)Nc1ccc(F)cc12,RKYRHXVIZWODFL-UHFFFAOYSA-N,0,train
CC(C)(C)CC(C)(C)c1ccc(OCCOP(=O)([O-])OCCC[N+](C)(C)Cc2ccccc2)cc1,100.0,CC(C)(C)CC(C)(C)c1ccc(OCCOP(=O)([O-])OCCC[N+](C)(C)Cc2ccccc2)cc1,ZIFIDQPZOHCOFB-UHFFFAOYSA-N,0,train
COc1cc2c(cc1OC)[C@@H]1[C@@H](CC2)[C@@H]2CC[C@H](OC)[C@@]2(C)C[C@H]1OC(=O)c1ccc(NC(=O)CN2CCN(C)CC2)cc1,4.85,COc1cc2c(cc1OC)[C@@H]1[C@@H](CC2)[C@@H]2CC[C@H](OC)[C@@]2(C)C[C@H]1OC(=O)c1ccc(NC(=O)CN2CCN(C)CC2)cc1,SIHNQDVFSRBTHM-IBZCVZHTSA-N,1,train
C=CCn1nc(C)cc1C(=O)Nc1cc(C(=O)c2ccc3c(/C=C/c4ccccn4)n[nH]c3c2)ccc1C,0.0056,C=CCn1nc(C)cc1C(=O)Nc1cc(C(=O)c2ccc3c(/C=C/c4ccccn4)n[nH]c3c2)ccc1C,MANWHVOLRGFEBV-ACCUITESSA-N,1,train
COc1cc(CC(=O)Nc2ccc3oc(-c4ccccc4F)nc3c2)cc(OC)c1OC,21.46,COc1cc(CC(=O)Nc2ccc3oc(-c4ccccc4F)nc3c2)cc(OC)c1OC,VHZZHHNFSVXMLT-UHFFFAOYSA-N,0,train
COc1ccc(/C=C\c2cc(OC)c(OC)c(OC)c2)cc1NC(=O)Nc1ccc(C)cc1,4.0,COc1ccc(/C=C\c2cc(OC)c(OC)c(OC)c2)cc1NC(=O)Nc1ccc(C)cc1,UYEREBJGPWYWOD-HJWRWDBZSA-N,1,train
NC(=O)C1=C(N)[C@@H](O)[C@H](O)[C@@H](Nc2cc3nc4cc(CO)ccc4oc-3cc2=O)C1=O,36.6,NC(=O)C1=C(N)[C@@H](O)[C@H](O)[C@@H](Nc2cc3nc4cc(CO)ccc4oc-3cc2=O)C1=O,NURWOUVTSOIROK-QXAKKESOSA-N,0,train
C[C@@]12CC[C@@H]3[C@@](CC[C@@H]4C5=C(CC[C@]43C)C(=O)OC5)(CC1=O)C2,20.0,C[C@@]12CC[C@@H]3[C@@](CC[C@@H]4C5=C(CC[C@]43C)C(=O)OC5)(CC1=O)C2,QJRQFNFXVIWLNC-OPTDIUSFSA-N,0,train
CC(C)=C/C=C/C(C)=C/C=C/C(C)=C1/C(=O)C[C@H]2CC3(CC[C@]12C)OCCO3,13.0,CC(C)=C/C=C/C(C)=C/C=C/C(C)=C1/C(=O)C[C@H]2CC3(CC[C@]12C)OCCO3,KHCNYPABIFVSAC-WFGVZEFFSA-N,0,train
O=S(=O)(Nc1ccc(O)c2ncccc12)c1ccc(F)cc1,50.0,O=S(=O)(Nc1ccc(O)c2ncccc12)c1ccc(F)cc1,ZPLJVEYEKBDFPG-UHFFFAOYSA-N,0,train
Nc1ccccc1NC(=O)c1ccc(CNC(=O)c2cc3ccc(OCc4ccc(F)cc4)cc3oc2=O)cc1,75.58,Nc1ccccc1NC(=O)c1ccc(CNC(=O)c2cc3ccc(OCc4ccc(F)cc4)cc3oc2=O)cc1,JIXQTJIKMFJQBU-UHFFFAOYSA-N,0,train
COc1cc(C(=O)c2c(O)cc3c(c2O)CCC(C)(C)O3)cc(OC)c1OC,51.5,COc1cc(C(=O)c2c(O)cc3c(c2O)CCC(C)(C)O3)cc(OC)c1OC,GGGXKCNYUOFVCO-UHFFFAOYSA-N,0,train
COc1ccc(-c2cc3ccc(OC)cc3nc2Nc2ccc(NC(=O)CN(C)C)cc2)cc1,9.2,COc1ccc(-c2cc3ccc(OC)cc3nc2Nc2ccc(NC(=O)CN(C)C)cc2)cc1,YJZWYFVCSIIDBC-UHFFFAOYSA-N,1,train
Clc1ccc(CNc2ncc3c(n2)-c2ccc(Cl)cc2SC3)cc1,17.0,Clc1ccc(CNc2ncc3c(n2)-c2ccc(Cl)cc2SC3)cc1,OVUTXYXNOBNGCY-UHFFFAOYSA-N,0,train
COc1ccc(/C=C/C(=O)c2ccc(OC)c(C/C=C(\C)CCC=C(C)C)c2OC)cc1,37.68,COc1ccc(/C=C/C(=O)c2ccc(OC)c(C/C=C(\C)CCC=C(C)C)c2OC)cc1,DYAMLAYKVSKXNZ-MHQDQBLBSA-N,0,train
CC(c1ccc(N2CCN(C)CC2)cc1)c1ccc2c(c1)Nc1ccccc1S2,10.0,CC(c1ccc(N2CCN(C)CC2)cc1)c1ccc2c(c1)Nc1ccccc1S2,DUFWSQSTMSZBDW-UHFFFAOYSA-N,1,train
Cc1ccc(Nc2nccc(N(C)c3ccc4c(C)n(C)nc4c3)n2)cc1S(N)(=O)=O,0.008,Cc1ccc(Nc2nccc(N(C)c3ccc4c(C)n(C)nc4c3)n2)cc1S(N)(=O)=O,CUIHSIWYWATEQL-UHFFFAOYSA-N,1,train
COc1c(C)cnc(CN2CC(=O)N(C(C)C)c3c(Cl)nc(N)nc32)c1C,0.32,COc1c(C)cnc(CN2CC(=O)N(C(C)C)c3c(Cl)nc(N)nc32)c1C,UAPLXNNDFPWRMK-UHFFFAOYSA-N,1,train
O=C(Nc1ccc2oc(-c3ccccc3Br)nc2c1)c1ccc(Cl)c(Br)c1,37.28,O=C(Nc1ccc2oc(-c3ccccc3Br)nc2c1)c1ccc(Cl)c(Br)c1,QDJSEVXQTGHWLE-UHFFFAOYSA-N,0,train
CCC(=O)O/N=C1\c2ccccc2-c2c1c(N1CCN(c3ccccn3)CC1)nc1ccc(Cl)cc21,35.0,CCC(=O)O/N=C1\c2ccccc2-c2c1c(N1CCN(c3ccccn3)CC1)nc1ccc(Cl)cc21,RXPDVXKZAFUBRF-QVAGMWBUSA-N,0,train
COc1ccc(-c2cnnn2-c2cc(OC)c(OC)c(OC)c2)c(O)c1,0.0486,COc1ccc(-c2cnnn2-c2cc(OC)c(OC)c(OC)c2)c(O)c1,YOMVTNUTNPBUEI-UHFFFAOYSA-N,1,train
COc1ccc(-c2cc(-c3ccc(O)cc3)nc(Nc3ccc(OCCN4CCN(C)CC4)cc3)n2)cc1,2.4,COc1ccc(-c2cc(-c3ccc(O)cc3)nc(Nc3ccc(OCCN4CCN(C)CC4)cc3)n2)cc1,OMRPVIQGHPZOSJ-UHFFFAOYSA-N,1,train
COc1cccc2c1CCc1sc(NC(C)=O)nc1-2,10.0,COc1cccc2c1CCc1sc(NC(C)=O)nc1-2,FSNZKQYLSHJVSX-UHFFFAOYSA-N,1,train
COc1ccc(Cc2cn(CCNC(=O)Nc3ccc(C)cc3)nn2)cc1,200.0,COc1ccc(Cc2cn(CCNC(=O)Nc3ccc(C)cc3)nn2)cc1,NDZRZSBLPBZOQE-UHFFFAOYSA-N,0,train
COc1cc(N)c(Cl)cc1C(=O)N[C@H]1CCN(CCCOc2ccc(F)cc2)C[C@H]1OC,13.9,COc1cc(N)c(Cl)cc1C(=O)N[C@H]1CCN(CCCOc2ccc(F)cc2)C[C@H]1OC,DCSUBABJRXZOMT-RBBKRZOGSA-N,0,train
COc1cc(OC)c(-c2coc3cc(OCc4cccc(Br)c4)ccc3c2=O)cc1OC,10.0,COc1cc(OC)c(-c2coc3cc(OCc4cccc(Br)c4)ccc3c2=O)cc1OC,IGZFPAQTCXKISS-UHFFFAOYSA-N,1,train
c1ccc(COc2ccc3[nH]nc(-c4nc5cc(N6CCC(N7CCCCC7)CC6)ccc5[nH]4)c3c2)cc1,0.19,c1ccc(COc2ccc3[nH]nc(-c4nc5cc(N6CCC(N7CCCCC7)CC6)ccc5[nH]4)c3c2)cc1,AQYYPSFZMCKSEL-UHFFFAOYSA-N,1,train
CCC(C)n1ncn(-c2ccc(N3CCN(c4ccc(OC[C@@H]5CO[C@@](Cn6cc(C(F)(F)F)nc6C)(c6ccc(Cl)cc6Cl)O5)cc4)CC3)cc2)c1=O,0.441,CCC(C)n1ncn(-c2ccc(N3CCN(c4ccc(OC[C@@H]5CO[C@@](Cn6cc(C(F)(F)F)nc6C)(c6ccc(Cl)cc6Cl)O5)cc4)CC3)cc2)c1=O,URHMMRGDNDWORP-BTSGXLJOSA-N,1,train
Cc1ccc2c(c1)[C@]1(C[C@H]1c1ccc3c(/C=C/c4ccc(CN5CCOCC5)cc4)n[nH]c3c1)C(=O)N2,9.3,Cc1ccc2c(c1)[C@]1(C[C@H]1c1ccc3c(/C=C/c4ccc(CN5CCOCC5)cc4)n[nH]c3c1)C(=O)N2,AHXHWEURVLCQAX-MDTIIALHSA-N,1,train
C=C(C)CC1CC(CCCCCC)OO1,11.69,C=C(C)CC1CC(CCCCCC)OO1,ATCDPZREKNDTTQ-UHFFFAOYSA-N,0,train
CNc1nc(Nc2cc(OC)c(OC)c(OC)c2)nc(Nc2ccccc2NS(C)(=O)=O)n1,34.2,CNc1nc(Nc2cc(OC)c(OC)c(OC)c2)nc(Nc2ccccc2NS(C)(=O)=O)n1,LTFMPTPVGGXBKF-UHFFFAOYSA-N,0,train
CC(=O)/C(C)=C/C=C/C=C\C=C\C=C\C=C\C=C\C=C/CC(=O)O,71.6,CC(=O)/C(C)=C/C=C/C=C\C=C\C=C\C=C\C=C\C=C/CC(=O)O,CDWUSKQYAYNGOO-ABYSHMNISA-N,0,train
COc1cc2nccc(Oc3ccc4c(C(=O)Nc5ccc(C)cc5)cccc4c3)c2cc1OC,0.002,COc1cc2nccc(Oc3ccc4c(C(=O)Nc5ccc(C)cc5)cccc4c3)c2cc1OC,PSHDSOBXUGVZEM-UHFFFAOYSA-N,1,train
COc1ccc(-c2cc3c([nH]c(=O)n3-c3cc(OC)c(OC)c(OC)c3)c(C(N)=O)n2)cc1O,10.0,COc1ccc(-c2cc3c([nH]c(=O)n3-c3cc(OC)c(OC)c(OC)c3)c(C(N)=O)n2)cc1O,WUZIEGHVPAZRFN-UHFFFAOYSA-N,1,train
CCC1=C(c2cc(OC)c(OC)c(OC)c2)c2ccc(OC)c(O)c2CCC1,0.1934,CCC1=C(c2cc(OC)c(OC)c(OC)c2)c2ccc(OC)c(O)c2CCC1,BWRGSIUAZKQCPM-UHFFFAOYSA-N,1,train
CS[C@]1(CO)C(=O)N2[C@H]3C(=CC=C[C@@H]3O)C[C@@]2(SC)C(=O)N1C,1.12,CS[C@]1(CO)C(=O)N2[C@H]3C(=CC=C[C@@H]3O)C[C@@]2(SC)C(=O)N1C,OVBAGMZLGLXSBN-UOVKNHIHSA-N,1,train
NC(=S)N/N=C(\c1ccccc1)c1cccc(C(=O)c2ccccc2)c1,53.3,NC(=S)N/N=C(\c1ccccc1)c1cccc(C(=O)c2ccccc2)c1,ACCQXUWQPDUKDF-FCDQGJHFSA-N,0,train
COc1cc2ccc(=O)oc2cc1OCC(=O)c1ccc(Br)cc1,16.8,COc1cc2ccc(=O)oc2cc1OCC(=O)c1ccc(Br)cc1,HDVWSZVETBXJAS-UHFFFAOYSA-N,0,train
O=C(CCCCCCNc1nn2c(=O)c3cc(Br)ccc3nc2c2ccccc12)NO,0.738,O=C(CCCCCCNc1nn2c(=O)c3cc(Br)ccc3nc2c2ccccc12)NO,ACHSACBEQNAECY-UHFFFAOYSA-N,1,train
COc1cc2c(Nc3cc(O)c(Cl)cc3F)ncnc2cc1OCC1CCN(C)CC1.Cl,0.5,COc1cc2c(Nc3cc(O)c(Cl)cc3F)ncnc2cc1OCC1CCN(C)CC1,HCAUEIOBSYOQPN-UHFFFAOYSA-N,1,train
Cc1[nH]c(/C=C2\C(=O)N(CCCN(C)C)c3ccc(F)cc32)c(C)c1C(=O)N1CCOCC1.Cl,9.11,Cc1[nH]c(/C=C2\C(=O)N(CCCN(C)C)c3ccc(F)cc32)c(C)c1C(=O)N1CCOCC1,FNJGIERDRYWDSQ-HKWRFOASSA-N,1,train
Nc1ncnc2c1c(-c1ccc(Cl)cc1)nn2-c1cccc(-c2cnnn2CCCCCC(=O)NO)c1,4.7,Nc1ncnc2c1c(-c1ccc(Cl)cc1)nn2-c1cccc(-c2cnnn2CCCCCC(=O)NO)c1,SJKCAVNLLOXGJL-UHFFFAOYSA-N,1,train
COc1cc2nccc(Oc3ccc(NC(=O)Nc4cc(C)on4)c(Cl)c3)c2cc1OC,0.00067,COc1cc2nccc(Oc3ccc(NC(=O)Nc4cc(C)on4)c(Cl)c3)c2cc1OC,SPMVMDHWKHCIDT-UHFFFAOYSA-N,1,train
O=C(O)c1ccc(Nc2ccnc3cc(Cl)ccc23)cc1O,90.0,O=C(O)c1ccc(Nc2ccnc3cc(Cl)ccc23)cc1O,IBIBFYMDRZDJKR-UHFFFAOYSA-N,0,train
COc1cc(OC)c(-c2coc3cc(OCc4ccc(Br)cc4)ccc3c2=O)cc1OC,10.0,COc1cc(OC)c(-c2coc3cc(OCc4ccc(Br)cc4)ccc3c2=O)cc1OC,XVLYAAUBUTTXBN-UHFFFAOYSA-N,1,train
COc1ccc(NC(=O)c2cccc(/C=C3\CC(=O)N(c4ccc(C)cc4)C3=O)c2)cc1,8.56,COc1ccc(NC(=O)c2cccc(/C=C3\CC(=O)N(c4ccc(C)cc4)C3=O)c2)cc1,DPQLRIZYCDMCIV-HMMYKYKNSA-N,1,train
COc1cc(CNCc2ccc3c(c2)OCO3)cc(OC)c1OC.Cl,200.0,COc1cc(CNCc2ccc3c(c2)OCO3)cc(OC)c1OC,FCNZWSBJPKDSTG-UHFFFAOYSA-N,0,train
Cc1nc(C)c(/C=C/C(=O)c2ccc(NC(=O)c3ccc(F)cc3)cc2)nc1C,32.71,Cc1nc(C)c(/C=C/C(=O)c2ccc(NC(=O)c3ccc(F)cc3)cc2)nc1C,FSTRNLDJOLSMBP-OUKQBFOZSA-N,0,train
CC(C)=CCc1c(O)cc(O)c(C(=O)/C=C/c2ccc(O)cc2)c1O,18.92,CC(C)=CCc1c(O)cc(O)c(C(=O)/C=C/c2ccc(O)cc2)c1O,FUSADYLVRMROPL-UXBLZVDNSA-N,0,train
COc1cc2ncnc(Oc3ccc(NC(=O)NC4(C#N)CCCC4)c4ccccc34)c2cc1OC,3.62,COc1cc2ncnc(Oc3ccc(NC(=O)NC4(C#N)CCCC4)c4ccccc34)c2cc1OC,CQPKETIXTALDET-UHFFFAOYSA-N,1,train
O=C1CCC(N2C(=O)c3ccccc3C2=O)C(=O)N1,50.0,O=C1CCC(N2C(=O)c3ccccc3C2=O)C(=O)N1,UEJJHQNACJXSKW-UHFFFAOYSA-N,0,train
COc1cc(C2Oc3cc(-c4oc5cc(O)cc(O)c5c(=O)c4OC)ccc3OC2CO)ccc1O,4.9,COc1cc(C2Oc3cc(-c4oc5cc(O)cc(O)c5c(=O)c4OC)ccc3OC2CO)ccc1O,CYDDBSYUEBEEFA-UHFFFAOYSA-N,1,train
Cc1c(F)c(N)cc(C(=O)Nc2cc(-n3cc(C(=O)NC4CCN(C)CC4)nn3)ccc2N2CCN(C)CC2)c1Cl,100.0,Cc1c(F)c(N)cc(C(=O)Nc2cc(-n3cc(C(=O)NC4CCN(C)CC4)nn3)ccc2N2CCN(C)CC2)c1Cl,AQQCBBDWEBSYPT-UHFFFAOYSA-N,0,train
Cc1ccc2nc(Cl)c(/C=C/C(=O)c3cc(C)sc3C)cc2c1,0.22857,Cc1ccc2nc(Cl)c(/C=C/C(=O)c3cc(C)sc3C)cc2c1,NKMADAOWTBBFCG-FNORWQNLSA-N,1,train
COc1ccccc1NC(C)=C1C(=O)CC(C2CCCCC2)CC1=O,12.0,COc1ccccc1NC(C)=C1C(=O)CC(C2CCCCC2)CC1=O,ZIWZXYSWLFMVKW-UHFFFAOYSA-N,0,train
CNC(=O)c1ccccc1Sc1ccc2c(/N=N/c3cc(C)[nH]c3C)n[nH]c2c1,44.0,CNC(=O)c1ccccc1Sc1ccc2c(/N=N/c3cc(C)[nH]c3C)n[nH]c2c1,IQZFWIIJTHSDNT-SHHOIMCASA-N,0,train
CNC(=O)Nc1ccc(Oc2ncnc3ccn(C)c23)cc1,24.0,CNC(=O)Nc1ccc(Oc2ncnc3ccn(C)c23)cc1,DQLNSXWMOVNYKM-UHFFFAOYSA-N,0,train
COc1cc([C@@H]2c3cc4c(cc3[C@@H](c3nc5cc(C(F)(F)F)ccc5o3)[C@H]3COC(=O)[C@H]23)OCO4)cc(OC)c1O,72.8,COc1cc([C@@H]2c3cc4c(cc3[C@@H](c3nc5cc(C(F)(F)F)ccc5o3)[C@H]3COC(=O)[C@H]23)OCO4)cc(OC)c1O,HTXZYFJIISKCMI-HAONIAKBSA-N,0,train
Cc1cc(O)c2c3c4c(cc(O)c13)C(C)(C)C(=O)c1c(O)c(CN(C)C)c(O)c(c1-4)C2=O,32.6,Cc1cc(O)c2c3c4c(cc(O)c13)C(C)(C)C(=O)c1c(O)c(CN(C)C)c(O)c(c1-4)C2=O,VIGQRFHVULMYOM-UHFFFAOYSA-N,0,train
O=C(N[C@@H]1C[C@H]1c1ccccc1)c1ccccc1Sc1ccc2c(/C=C/c3ccccn3)n[nH]c2c1,0.015,O=C(N[C@@H]1C[C@H]1c1ccccc1)c1ccccc1Sc1ccc2c(/C=C/c3ccccn3)n[nH]c2c1,GORKMKQSTWKFIY-FHLQVREHSA-N,1,train
Cc1ccc(Oc2cncc3sc(C(N)=O)cc23)cc1,91.0,Cc1ccc(Oc2cncc3sc(C(N)=O)cc23)cc1,CALOLERUXQBROP-UHFFFAOYSA-N,0,train
COc1cc2nccc(Oc3ccc4c(NC(=O)c5cccc(C(F)(F)F)c5)nn(C)c4c3)c2cc1OC,0.009,COc1cc2nccc(Oc3ccc4c(NC(=O)c5cccc(C(F)(F)F)c5)nn(C)c4c3)c2cc1OC,VCBGNDQGKNIBBK-UHFFFAOYSA-N,1,train
COC(=O)c1cc2cc(NC(=O)c3cc(NC(=O)c4ccc(CN5CCN(C)CC5)cc4)ccc3C)cnc2[nH]1,1.0,COC(=O)c1cc2cc(NC(=O)c3cc(NC(=O)c4ccc(CN5CCN(C)CC5)cc4)ccc3C)cnc2[nH]1,PDFXGSFJBYPVSI-UHFFFAOYSA-N,1,train
COC(=O)c1cc2c(cc1OC)[C@H]1CC[C@]3(C)[C@@H](O)CC[C@H]3[C@@H]1CC2,100.0,COC(=O)c1cc2c(cc1OC)[C@H]1CC[C@]3(C)[C@@H](O)CC[C@H]3[C@@H]1CC2,OEHCMBRUTZKLFQ-VYTZOGDHSA-N,0,train
CCNC(=O)Nc1ccc(Nc2ncnc3cc(OCC4CCN(C)CC4)ccc23)cc1,0.587,CCNC(=O)Nc1ccc(Nc2ncnc3cc(OCC4CCN(C)CC4)ccc23)cc1,KNGFHQANEKOYRA-UHFFFAOYSA-N,1,train
Cc1cccc(/C=C/c2nnc(-c3ccc4c(c3)OCCO4)o2)c1,40.6,Cc1cccc(/C=C/c2nnc(-c3ccc4c(c3)OCCO4)o2)c1,UQMPMAKQMNWFAL-VMPITWQZSA-N,0,train
COc1ccc2c(Oc3ccc4c(C(=O)Nc5ccc(Cl)cc5)cccc4c3)ccnc2c1,0.008,COc1ccc2c(Oc3ccc4c(C(=O)Nc5ccc(Cl)cc5)cccc4c3)ccnc2c1,BZKLUSSXEGESCM-UHFFFAOYSA-N,1,train
O=C(Nc1cccc(C(F)(F)F)c1)c1cccc2c1CCN(Cc1ccnc3ccccc13)C2=O,0.015,O=C(Nc1cccc(C(F)(F)F)c1)c1cccc2c1CCN(Cc1ccnc3ccccc13)C2=O,FKBDRNXYZLXBMD-UHFFFAOYSA-N,1,train
COc1ccccc1NC(C)=C1C(=O)CC(c2cccc(C)c2)CC1=O,0.33,COc1ccccc1NC(C)=C1C(=O)CC(c2cccc(C)c2)CC1=O,KZQVZIYIHNNWSR-UHFFFAOYSA-N,1,train
CN(c1ccc(NS(=O)(=O)Cc2ccccc2)cc1)c1ccnc(Nc2cccc(CS(C)(=O)=O)c2)n1,0.35,CN(c1ccc(NS(=O)(=O)Cc2ccccc2)cc1)c1ccnc(Nc2cccc(CS(C)(=O)=O)c2)n1,ROIHUUVUCIGOLZ-UHFFFAOYSA-N,1,train
CN1CCc2c(c3ccccc3n2Cc2ccc(C(=O)NO)cc2)C1,29.17,CN1CCc2c(c3ccccc3n2Cc2ccc(C(=O)NO)cc2)C1,GOVYBPLHWIEHEJ-UHFFFAOYSA-N,0,train
CCOP(=O)(OCC)C(NC(=O)c1cc(O)c2c(c1)C(=O)c1cccc(O)c1C2=O)c1ccc(Br)cc1,100.0,CCOP(=O)(OCC)C(NC(=O)c1cc(O)c2c(c1)C(=O)c1cccc(O)c1C2=O)c1ccc(Br)cc1,ODPNGIXKTWKIRQ-UHFFFAOYSA-N,0,train
CNCCCNc1nnc(-c2cn3ncnc(Nc4cc(C(=O)NC5CC5)c(F)cc4F)c3c2C(C)C)o1,0.062,CNCCCNc1nnc(-c2cn3ncnc(Nc4cc(C(=O)NC5CC5)c(F)cc4F)c3c2C(C)C)o1,YXVBGKJDCKGSED-UHFFFAOYSA-N,1,train
C=CC(=O)Nc1cc(Cn2nnc3c(C(=O)OC)cccc32)ccc1F,64.17,C=CC(=O)Nc1cc(Cn2nnc3c(C(=O)OC)cccc32)ccc1F,ZJHASKJKRUOFBR-UHFFFAOYSA-N,0,train
CCCC[C@@H](C)C[C@H]1CN(C)[C@@H](C)C(=O)O[C@H](C)C(=O)N[C@@H](C[C@H](C)CCCC)C(=O)N(C)[C@@H](CC(C)C)C(=O)N[C@@H](CC(C)C)C(=O)N(C)[C@@H](Cc2cn(OC)c3ccccc23)C(=O)N1,0.018,CCCC[C@@H](C)C[C@H]1CN(C)[C@@H](C)C(=O)O[C@H](C)C(=O)N[C@@H](C[C@H](C)CCCC)C(=O)N(C)[C@@H](CC(C)C)C(=O)N[C@@H](CC(C)C)C(=O)N(C)[C@@H](Cc2cn(OC)c3ccccc23)C(=O)N1,CXKNWXAMQXYTQA-OILCIQGBSA-N,1,train
C[C@@H]1CN(C(=O)c2sc3ccccc3c2OCc2ccccc2)C[C@H](C)O1,73.0,C[C@@H]1CN(C(=O)c2sc3ccccc3c2OCc2ccccc2)C[C@H](C)O1,OGVZQXQYUMBNIX-IYBDPMFKSA-N,0,train
O=S1(=O)Nc2c(ccc3cccnc23)-c2cc(Cl)ccc21,1.1,O=S1(=O)Nc2c(ccc3cccnc23)-c2cc(Cl)ccc21,JVPPTVNJBXFSPQ-UHFFFAOYSA-N,1,train
CCc1cccc(C)c1-n1nncc1CN1C(=O)C2(C(C#N)=C(N)Oc3c(N)cc4nc5ccccc5nc4c32)c2ccccc21,50.0,CCc1cccc(C)c1-n1nncc1CN1C(=O)C2(C(C#N)=C(N)Oc3c(N)cc4nc5ccccc5nc4c32)c2ccccc21,ZAJUXHVXJWUNCF-UHFFFAOYSA-N,0,train
COc1cc2nccc(Oc3ccc4c(NC(=O)c5cc(Cl)ccn5)nn(C)c4c3)c2cc1OC,0.027,COc1cc2nccc(Oc3ccc4c(NC(=O)c5cc(Cl)ccn5)nn(C)c4c3)c2cc1OC,PGVQGRXAKLFXDO-UHFFFAOYSA-N,1,train
C=C(c1ccccc1)c1ccc2c(/C=C/c3ccccc3)n[nH]c2c1,0.7,C=C(c1ccccc1)c1ccc2c(/C=C/c3ccccc3)n[nH]c2c1,HNXJFVISGJJGTB-NTCAYCPXSA-N,1,train
O=S(=O)(Nc1cccc2cccnc12)c1cccs1,3.6,O=S(=O)(Nc1cccc2cccnc12)c1cccs1,CPSRVVXBTZFZPM-UHFFFAOYSA-N,1,train
COc1cc2c(cc1O)CC[C@@H]1[C@@H]2CC[C@]2(C)[C@@H](NC(C)C)CC[C@@H]12,18.81,COc1cc2c(cc1O)CC[C@@H]1[C@@H]2CC[C@]2(C)[C@@H](NC(C)C)CC[C@@H]12,PTAIDWOXJBPQKX-HIFDQRORSA-N,0,train
CN1CCN(Cc2ccc(C(c3ccccc3)C34CC5CC(CC(C5)C3)C4)cc2)CC1,0.00412,CN1CCN(Cc2ccc(C(c3ccccc3)C34CC5CC(CC(C5)C3)C4)cc2)CC1,SFUKSBBZRGPCJX-UHFFFAOYSA-N,1,train
CCN1CCN(c2ccc(Nc3nc(N[C@H]4CC[C@H](N)CC4)nc4c3ncn4C3CCCC3)cc2)CC1,4.439,CCN1CCN(c2ccc(Nc3nc(N[C@H]4CC[C@H](N)CC4)nc4c3ncn4C3CCCC3)cc2)CC1,AGAQJVYMHPGORF-AQYVVDRMSA-N,1,train
O=C1c2c(O)cc(O)cc2OC[C@H]1Cc1ccc(O)c(O)c1,100.0,O=C1c2c(O)cc(O)cc2OC[C@H]1Cc1ccc(O)c(O)c1,GVVKSKFIFOYDOK-SECBINFHSA-N,0,train
CCOP(=O)(OCC)C(NC(=O)c1cc(O)c2c(c1)C(=O)c1cccc(O)c1C2=O)c1ccccc1F,100.0,CCOP(=O)(OCC)C(NC(=O)c1cc(O)c2c(c1)C(=O)c1cccc(O)c1C2=O)c1ccccc1F,UHPYQCZDDAIUFR-UHFFFAOYSA-N,0,train
CC[C@H]1OC(=O)[C@H](C)[C@@H](O)[C@H](C)[C@@H](O[C@@H]2O[C@H](C)C[C@H](N(C)Cc3ccc(-c4cn(CCCCCCCC(=O)NO)nn4)cc3)[C@H]2O)[C@](C)(OC)C[C@@H](C)C(=O)[C@H](C)[C@@H](O)[C@]1(C)O,10.0,CC[C@H]1OC(=O)[C@H](C)[C@@H](O)[C@H](C)[C@@H](O[C@@H]2O[C@H](C)C[C@H](N(C)Cc3ccc(-c4cn(CCCCCCCC(=O)NO)nn4)cc3)[C@H]2O)[C@](C)(OC)C[C@@H](C)C(=O)[C@H](C)[C@@H](O)[C@]1(C)O,OWNQXRQGTKPGNA-PDJRWEKZSA-N,1,train
C=C[C@]1(C)C=C2C(=O)C3=C4[C@@](C)(CC[C@@H](O)[C@]4(C)[C@@]2(O)CC1)[C@@H](O)O3,236.4,C=C[C@]1(C)C=C2C(=O)C3=C4[C@@](C)(CC[C@@H](O)[C@]4(C)[C@@]2(O)CC1)[C@@H](O)O3,HLWYVYSGPCXCSB-ROEDYFHJSA-N,0,train
CONC(=O)c1cccc(CSc2cnc(Nc3ccccn3)s2)c1,0.11,CONC(=O)c1cccc(CSc2cnc(Nc3ccccn3)s2)c1,KXQQIVCSTCQZAB-UHFFFAOYSA-N,1,train
CCc1ccc2cc(C(c3ccc(O)c(O)c3)n3cc(CCN(C)C)nn3)oc2c1,6.1,CCc1ccc2cc(C(c3ccc(O)c(O)c3)n3cc(CCN(C)C)nn3)oc2c1,RTDQZVVHCNUGPV-UHFFFAOYSA-N,1,train
C/C=C1\CC[C@H]2[C@@H]3CCc4cc(NC=O)c(OC)cc4[C@H]3CC[C@]12C,0.58,C/C=C1\CC[C@H]2[C@@H]3CCc4cc(NC=O)c(OC)cc4[C@H]3CC[C@]12C,IABXYILWTDVBQZ-REMSLAHMSA-N,1,train
CON(C)C(=O)c1cc2c(Sc3ccc(C)cc3)cncc2s1,44.0,CON(C)C(=O)c1cc2c(Sc3ccc(C)cc3)cncc2s1,SOQHCJHLGFPETK-UHFFFAOYSA-N,0,train
CN1CCN(c2cc(F)c(-c3ccc(C(=O)N4CCOCC4)cc3)cc2Nc2ncnc(Cl)c2N)CC1,100.0,CN1CCN(c2cc(F)c(-c3ccc(C(=O)N4CCOCC4)cc3)cc2Nc2ncnc(Cl)c2N)CC1,SEBSJBBYOATKQX-UHFFFAOYSA-N,0,train
O=C(Nc1ccc(Cl)cc1)c1cccnc1SCc1ccc(F)cc1,2.0,O=C(Nc1ccc(Cl)cc1)c1cccnc1SCc1ccc(F)cc1,QZCNJSFCVSYPCV-UHFFFAOYSA-N,1,train
O=C1CCc2cc(N3CC[C@](O)(C(=O)NCc4ccc(F)c(Cl)c4F)C3=O)ccc2N1,0.93,O=C1CCc2cc(N3CC[C@](O)(C(=O)NCc4ccc(F)c(Cl)c4F)C3=O)ccc2N1,XUXUWHAAFGOLQN-NRFANRHFSA-N,1,train
CN1c2ccc(F)cc2C(=O)N2CCc3c([nH]c4ccc(OC(=O)CCCC(=O)Oc5ccc6[nH]c7c(c6c5)CCN5C(=O)c6cc(F)ccc6N(C)C75)cc34)C21,0.58,CN1c2ccc(F)cc2C(=O)N2CCc3c([nH]c4ccc(OC(=O)CCCC(=O)Oc5ccc6[nH]c7c(c6c5)CCN5C(=O)c6cc(F)ccc6N(C)C75)cc34)C21,SEGHRBDHWNUBHD-UHFFFAOYSA-N,1,train
CC[C@H](Nc1ncnc2[nH]cnc12)c1nc2cccc(F)c2c(=O)n1-c1ccccc1,38.22,CC[C@H](Nc1ncnc2[nH]cnc12)c1nc2cccc(F)c2c(=O)n1-c1ccccc1,IFSDAJWBUCMOAH-HNNXBMFYSA-N,0,train
COc1cc2nccc(Oc3ccc4c(c3)OCCN4C(=O)N[C@@H](C)c3ccccc3)c2cc1OC,0.003,COc1cc2nccc(Oc3ccc4c(c3)OCCN4C(=O)N[C@@H](C)c3ccccc3)c2cc1OC,DJNWXYTWORPJNI-SFHVURJKSA-N,1,train
COc1ccc(Nc2ncc3c(n2)-c2ccc(OC)cc2SC3)cc1,0.74,COc1ccc(Nc2ncc3c(n2)-c2ccc(OC)cc2SC3)cc1,MTJGZVIQMHPUTQ-UHFFFAOYSA-N,1,train
Cc1ccc(NC(=O)Cn2cc(-c3ccc4c(NC(=O)c5ccc(N)cc5)nn(C(=O)CCCCCCCCC(=O)N[C@H](C(=O)N5C[C@H](O)C[C@H]5C(=O)NCc5ccc(-c6scnc6C)cc5)C(C)(C)C)c4c3)cn2)cc1C(F)(F)F,5.5,Cc1ccc(NC(=O)Cn2cc(-c3ccc4c(NC(=O)c5ccc(N)cc5)nn(C(=O)CCCCCCCCC(=O)N[C@H](C(=O)N5C[C@H](O)C[C@H]5C(=O)NCc5ccc(-c6scnc6C)cc5)C(C)(C)C)c4c3)cn2)cc1C(F)(F)F,BPHRXUICXLKBKI-WDXSTBBASA-N,1,train
COc1cc(-n2cncc2-c2ccc3ccccc3c2)cc(OC)c1OC.Cl,0.04,COc1cc(-n2cncc2-c2ccc3ccccc3c2)cc(OC)c1OC,VQIFHAGEERVOKJ-UHFFFAOYSA-N,1,train
Cn1ncc2c(Oc3ccc4c(c3)nc(Nc3cc(F)ccc3Br)n4C)ncnc21,100.0,Cn1ncc2c(Oc3ccc4c(c3)nc(Nc3cc(F)ccc3Br)n4C)ncnc21,JKHHGDHTFDKMFB-UHFFFAOYSA-N,0,train
COc1cc([C@@H]2c3cc4c(cc3[C@@H](O[C@@H]3O[C@@H]5CO[C@@H](c6cccs6)O[C@H]5[C@H](O)[C@H]3NC(=O)CSc3nc5cc(F)ccc5s3)[C@H]3COC(=O)[C@H]23)OCO4)cc(OC)c1O,160.2,COc1cc([C@@H]2c3cc4c(cc3[C@@H](O[C@@H]3O[C@@H]5CO[C@@H](c6cccs6)O[C@H]5[C@H](O)[C@H]3NC(=O)CSc3nc5cc(F)ccc5s3)[C@H]3COC(=O)[C@H]23)OCO4)cc(OC)c1O,IAEGBKHTYNGOTJ-BXUPCQSKSA-N,0,train
O=C(N[C@@H](c1ccccn1)C1CC1)c1ccc2[nH]nc(-c3ccc(N4[C@H]5CC[C@H]4CC(O)C5)cc3)c2c1,30.0,O=C(N[C@@H](c1ccccn1)C1CC1)c1ccc2[nH]nc(-c3ccc(N4[C@H]5CC[C@H]4CC(O)C5)cc3)c2c1,DUKJABPGWUISRC-SBZVUBOMSA-N,0,train
Cc1cccc2cc(/C=C/C(=O)c3ccc(Br)s3)c(Cl)nc12,0.24308,Cc1cccc2cc(/C=C/C(=O)c3ccc(Br)s3)c(Cl)nc12,YBMZKYUZXBIAHJ-AATRIKPKSA-N,1,train
COc1cc2c(cc1N)CC[C@@H]1[C@@H]2CC[C@]2(C)[C@@H](O)CC[C@@H]12,2.32,COc1cc2c(cc1N)CC[C@@H]1[C@@H]2CC[C@]2(C)[C@@H](O)CC[C@@H]12,YVQVFKZSPHOFCO-SSTWWWIQSA-N,1,train
O=C1Nc2ccccc2[C@]12C[C@H]2c1ccc2c(/C=C/c3ccc(CN4CCCCC4)cc3)n[nH]c2c1,20.0,O=C1Nc2ccccc2[C@]12C[C@H]2c1ccc2c(/C=C/c3ccc(CN4CCCCC4)cc3)n[nH]c2c1,QRDCBCOPUDYBCB-CUQMHDSBSA-N,0,train
[O-][S+](CC#Cc1cccnc1C#CCO)c1c(F)c(F)c(F)c(F)c1F,0.6,[O-][S+](CC#Cc1cccnc1C#CCO)c1c(F)c(F)c(F)c(F)c1F,GEUARYMLBJZKCQ-UHFFFAOYSA-N,1,train
C[C@@H]1CC[C@H]2[C@@H](C)C(=O)O[C@@H]3O[C@@]4(C)CC[C@@H]1[C@]32O4,50.0,C[C@@H]1CC[C@H]2[C@@H](C)C(=O)O[C@@H]3O[C@@]4(C)CC[C@@H]1[C@]32O4,ZQGMLVQZBIKKMP-NNWCWBAJSA-N,0,train
Cc1ccccc1-n1nncc1CN1C(=O)C2(C(C#N)=C(N)Oc3c(N)cc4nc5ccccc5nc4c32)c2ccccc21,50.0,Cc1ccccc1-n1nncc1CN1C(=O)C2(C(C#N)=C(N)Oc3c(N)cc4nc5ccccc5nc4c32)c2ccccc21,LADOYJYDMQRIMJ-UHFFFAOYSA-N,0,train
COc1cc2c(cc1OS(N)(=O)=O)CC[C@@H]1[C@@H]2CC[C@]2(C)[C@@H](CC#N)CC[C@@H]12,0.03,COc1cc2c(cc1OS(N)(=O)=O)CC[C@@H]1[C@@H]2CC[C@]2(C)[C@@H](CC#N)CC[C@@H]12,NTSPHKOMJMBWOU-NNKXXINSSA-N,1,train
CCOC(=O)C1ON(c2ccccc2)C(c2cccc(C)c2)C12C(=O)Nc1ccccc12,35.0,CCOC(=O)C1ON(c2ccccc2)C(c2cccc(C)c2)C12C(=O)Nc1ccccc12,VUTGIDDNIWEICT-UHFFFAOYSA-N,0,train
C/C(=N\OCC(C)C)c1ccc2c(c1)c1c3c(c4c(c1n2C(C)C)CCc1nn(C)cc1-4)C(=O)NC3,0.002,C/C(=N\OCC(C)C)c1ccc2c(c1)c1c3c(c4c(c1n2C(C)C)CCc1nn(C)cc1-4)C(=O)NC3,WBNNWMOEDXYOBE-VTNSRFBWSA-N,1,train
Nc1nc2c(s1)CCCc1ccccc1-2,19.1,Nc1nc2c(s1)CCCc1ccccc1-2,NWKXBHRPLGONGL-UHFFFAOYSA-N,0,train
NCCCc1[nH]nc(N)c1-c1nc2ccccc2s1,10.8,NCCCc1[nH]nc(N)c1-c1nc2ccccc2s1,YHCLQAVKRVLZRL-UHFFFAOYSA-N,0,train
CC(=O)N1CCC[C@H]1C(=O)NP(=O)(S)OC[C@H]1O[C@@H](n2ccc(N)nc2=O)C(F)(F)[C@@H]1O,800.0,CC(=O)N1CCC[C@H]1C(=O)NP(=O)(S)OC[C@H]1O[C@@H](n2ccc(N)nc2=O)C(F)(F)[C@@H]1O,CROHQJHAAKYLMZ-VPLMXIHASA-N,0,train
CN1CCCN(c2ccc(Nc3ncc(Br)c(Nc4ccccc4NS(=O)(=O)C4CC4)n3)cc2)CC1,0.799,CN1CCCN(c2ccc(Nc3ncc(Br)c(Nc4ccccc4NS(=O)(=O)C4CC4)n3)cc2)CC1,CMLZWOZIYPTVCH-UHFFFAOYSA-N,1,train
Oc1cccc(-c2nc(N3CCOCC3)c3oc4ncccc4c3n2)c1,0.0006,Oc1cccc(-c2nc(N3CCOCC3)c3oc4ncccc4c3n2)c1,TUVCWJQQGGETHL-UHFFFAOYSA-N,1,train
CCO[C@H]1O[C@@H]2O[C@@]3(C)CC[C@H]4[C@H](C)CC[C@@H]([C@H]1C)[C@@]24OO3,50.0,CCO[C@H]1O[C@@H]2O[C@@]3(C)CC[C@H]4[C@H](C)CC[C@@H]([C@H]1C)[C@@]24OO3,NLYNIRQVMRLPIQ-XQLAAWPRSA-N,0,train
COc1cc2c(cc1OC)-c1n[nH]c(Nc3cccc(Br)c3)c1C2,1.48,COc1cc2c(cc1OC)-c1n[nH]c(Nc3cccc(Br)c3)c1C2,CALKDKBZWSEPMN-UHFFFAOYSA-N,1,train
COc1ccc(CNc2nc3cc(Oc4ncnc5c4cnn5C)ccc3n2C)cc1,20.36,COc1ccc(CNc2nc3cc(Oc4ncnc5c4cnn5C)ccc3n2C)cc1,YEZLCFHUXKXVPH-UHFFFAOYSA-N,0,train
COc1ccc(CNCc2ccc3c(c2)OCO3)cc1OC.Cl,200.0,COc1ccc(CNCc2ccc3c(c2)OCO3)cc1OC,UQORZIHYXFGJRG-UHFFFAOYSA-N,0,train
COc1cc(C(=O)n2nc(Nc3ccc(C)cc3)nc2N)cc(OC)c1OC,11.9,COc1cc(C(=O)n2nc(Nc3ccc(C)cc3)nc2N)cc(OC)c1OC,JEUKFJYLKNNCEE-UHFFFAOYSA-N,0,train
CCOC(=O)C1C(c2cccc([N+](=O)[O-])c2)N(c2ccccc2)OC12C(=O)Nc1ccccc12,45.0,CCOC(=O)C1C(c2cccc([N+](=O)[O-])c2)N(c2ccccc2)OC12C(=O)Nc1ccccc12,ICTDYXJAQHRXCT-UHFFFAOYSA-N,0,train
COc1ccc(C(N)=O)cc1/C=C/c1ccc(F)cc1,2.1,COc1ccc(C(N)=O)cc1/C=C/c1ccc(F)cc1,BFVPZOLHFLBVGX-GORDUTHDSA-N,1,train
C=CC(=O)Nc1ccc(Cn2cnc3c(-c4ccc(F)c(F)c4)ncnc32)cc1,75.16,C=CC(=O)Nc1ccc(Cn2cnc3c(-c4ccc(F)c(F)c4)ncnc32)cc1,FRMYRJLJMOMOEN-UHFFFAOYSA-N,0,train
CNC(=O)c1cc(Oc2ccc3oc(Nc4ccc(Cl)c(OC[C@@H]5CCCN5C)c4)nc3c2)ccn1,0.0153,CNC(=O)c1cc(Oc2ccc3oc(Nc4ccc(Cl)c(OC[C@@H]5CCCN5C)c4)nc3c2)ccn1,KMNCFOUKJYOZIF-KRWDZBQOSA-N,1,train
COc1cc([C@@H]2c3cc4c(cc3[C@@H](c3nc5cc(OC(F)F)ccc5[nH]3)[C@H]3COC(=O)[C@H]23)OCO4)cc(OC)c1O,51.4,COc1cc([C@@H]2c3cc4c(cc3[C@@H](c3nc5cc(OC(F)F)ccc5[nH]3)[C@H]3COC(=O)[C@H]23)OCO4)cc(OC)c1O,OWGBDNGZWFASTF-HAONIAKBSA-N,0,train
Oc1cc(Br)c(Cc2ccccc2)cc1O,12.2,Oc1cc(Br)c(Cc2ccccc2)cc1O,OMELPYQOXGTQNN-UHFFFAOYSA-N,0,train
COc1ccc2c3c(c4cc(OC)c(OC)cc4c2c1)CN1CCCC[C@H]1C3,0.082,COc1ccc2c3c(c4cc(OC)c(OC)cc4c2c1)CN1CCCC[C@H]1C3,ANTGAFQZQJMDNP-HNNXBMFYSA-N,1,train
CCOP(=O)(CCOCn1cc(CN2C(=O)c3cccc4c(Br)ccc(c34)C2=O)nn1)OCC,250.0,CCOP(=O)(CCOCn1cc(CN2C(=O)c3cccc4c(Br)ccc(c34)C2=O)nn1)OCC,QGPRURKIWJEJRM-UHFFFAOYSA-N,0,train
CCC(=O)CCCCCC(Oc1ccc2ccccc2c1)c1ncc(Cc2ccncc2)[nH]1,50.0,CCC(=O)CCCCCC(Oc1ccc2ccccc2c1)c1ncc(Cc2ccncc2)[nH]1,XCFMNCOBLCFTKZ-UHFFFAOYSA-N,0,train
Nc1c(-c2nc3ccc[nH]c-3n2)c(O)nc2cnccc12,0.077,Nc1c(-c2nc3ccc[nH]c-3n2)c(O)nc2cnccc12,SNYMIRFSGCNEHH-UHFFFAOYSA-N,1,train
Cc1cc(C(=O)Nc2cc(Oc3ccc4nc(NC(=O)C5CC5)cn4n3)ccc2Cl)n(C)n1,0.003,Cc1cc(C(=O)Nc2cc(Oc3ccc4nc(NC(=O)C5CC5)cn4n3)ccc2Cl)n(C)n1,DBUIDELURWLCSA-UHFFFAOYSA-N,1,train
COc1cc(/C=C/C(=O)/C=C/c2cc(OC)c(OC)c(OC)c2)cc(OC)c1O,0.4,COc1cc(/C=C/C(=O)/C=C/c2cc(OC)c(OC)c(OC)c2)cc(OC)c1O,SKZNJIJSGSQNJQ-CDJQDVQCSA-N,1,train
Cc1ncsc1-c1ccc([C@H](C)NC(=O)[C@@H]2C[C@@H](O)CN2C(=O)[C@@H](NC(=O)CCCCCCCCCNC(=O)c2ccc(C(=O)N3CCC(CCCCNC(=O)/C=C/c4cccnc4)CC3)cc2)C(C)(C)C)cc1,0.00151,Cc1ncsc1-c1ccc([C@H](C)NC(=O)[C@@H]2C[C@@H](O)CN2C(=O)[C@@H](NC(=O)CCCCCCCCCNC(=O)c2ccc(C(=O)N3CCC(CCCCNC(=O)/C=C/c4cccnc4)CC3)cc2)C(C)(C)C)cc1,KWJABVUBCJFJCX-SMICPIEHSA-N,1,train
CCCCCCCCCCCc1ccc(B2OC(C)(C)C(C)(C)O2)cc1,1.4,CCCCCCCCCCCc1ccc(B2OC(C)(C)C(C)(C)O2)cc1,FCFRRIGVRPSQAC-UHFFFAOYSA-N,1,train
Nc1ccccc1NC(=O)c1ccc(CNC(=O)c2cc3cc(Br)ccc3oc2=O)cc1,76.287,Nc1ccccc1NC(=O)c1ccc(CNC(=O)c2cc3cc(Br)ccc3oc2=O)cc1,MKZXZUWGJFBKLC-UHFFFAOYSA-N,0,train
CN1CCC(n2cc(Nc3ncc(Cl)c(CCc4ccccc4C4(C(N)=O)CC4)n3)cn2)C1,0.073,CN1CCC(n2cc(Nc3ncc(Cl)c(CCc4ccccc4C4(C(N)=O)CC4)n3)cn2)C1,IZRLUPFLGZEWCW-UHFFFAOYSA-N,1,train
C=C(C)CCC[C@]1(C)OC(=O)[C@]23CC[C@@H]4C(=CCC5C(C)(C)[C@@H](O[C@@H]6OC[C@@H](OS(=O)(=O)[O-])[C@H](O)[C@H]6O[C@@H]6O[C@H](C)[C@@H](O[C@@H]7OC[C@@H](O)[C@H](O[C@@H]8O[C@H](CO)[C@@H](O)[C@H](OC)[C@H]8O)[C@H]7O)[C@H](O)[C@H]6O)CC[C@@]54C)[C@]2(C)C[C@H](OC(C)=O)[C@@H]31.[Na+],0.05,C=C(C)CCC[C@]1(C)OC(=O)[C@]23CC[C@@H]4C(=CCC5C(C)(C)[C@@H](O[C@@H]6OC[C@@H](OS(=O)(=O)O)[C@H](O)[C@H]6O[C@@H]6O[C@H](C)[C@@H](O[C@@H]7OC[C@@H](O)[C@H](O[C@@H]8O[C@H](CO)[C@@H](O)[C@H](OC)[C@H]8O)[C@H]7O)[C@H](O)[C@H]6O)CC[C@@]54C)[C@]2(C)C[C@H](OC(C)=O)[C@@H]31,RCKPXCOTGSEBPP-DWUBFEJESA-N,1,train
CCOP(=O)(OCC)[C@@H]1C[C@@H](Cn2c(=O)n(Cc3ccccc3F)c(=O)c3ccccc32)ON1Cc1ccccc1,145.0,CCOP(=O)(OCC)[C@@H]1C[C@@H](Cn2c(=O)n(Cc3ccccc3F)c(=O)c3ccccc32)ON1Cc1ccccc1,ZZHLXYDDXRJOEZ-RBJSKKJNSA-N,0,train
COc1ccc(CNc2ncc3c(n2)-c2ccc(OC)cc2SC3)cc1,20.0,COc1ccc(CNc2ncc3c(n2)-c2ccc(OC)cc2SC3)cc1,HMOXABGOHIWUEQ-UHFFFAOYSA-N,0,train
FC(F)(F)c1cccc(Nc2ncc3c(n2)-c2ccccc2SC3)c1,5.02,FC(F)(F)c1cccc(Nc2ncc3c(n2)-c2ccccc2SC3)c1,VCXNKIFBNKFJEG-UHFFFAOYSA-N,1,train
COc1cc2c(cc1N(C)C)CC[C@@H]1[C@@H]2CC[C@]2(C)[C@@H](O)CC[C@@H]12,2.82,COc1cc2c(cc1N(C)C)CC[C@@H]1[C@@H]2CC[C@]2(C)[C@@H](O)CC[C@@H]12,NGERUYICTDGTQV-PVHGPHFFSA-N,1,train
CCCCN(CCCC)c1c([N+](=O)[O-])cc(C(=O)Nc2ccc(Cl)cc2)cc1[N+](=O)[O-],17.1,CCCCN(CCCC)c1c([N+](=O)[O-])cc(C(=O)Nc2ccc(Cl)cc2)cc1[N+](=O)[O-],VVCDWTSXMQEYMR-UHFFFAOYSA-N,0,train
O=[N+]([O-])c1ccccc1/C=C/c1nnc(-c2ccc3c(c2)OCCO3)o1,25.02,O=[N+]([O-])c1ccccc1/C=C/c1nnc(-c2ccc3c(c2)OCCO3)o1,VPPHMKQSXQXLTA-SOFGYWHQSA-N,0,train
C[C@H]1[C@H](C)CC[C@]2(C(=O)Nc3ccccc3F)CC[C@]3(C)C(=CC(=O)[C@@H]4[C@@]5(C)C[C@@H](O)[C@H](O)[C@@](C)(CO)[C@@H]5CC[C@]43C)[C@H]12,100.0,C[C@H]1[C@H](C)CC[C@]2(C(=O)Nc3ccccc3F)CC[C@]3(C)C(=CC(=O)[C@@H]4[C@@]5(C)C[C@@H](O)[C@H](O)[C@@](C)(CO)[C@@H]5CC[C@]43C)[C@H]12,BYJNYYSLVRMSBS-SUCQNGCESA-N,0,train
CCC(C)n1ncn(-c2ccc(N3CCN(c4ccc(OC[C@@H]5CO[C@@](Cn6c(C)cnc6C)(c6ccc(Cl)cc6Cl)O5)cc4)CC3)cc2)c1=O,0.765,CCC(C)n1ncn(-c2ccc(N3CCN(c4ccc(OC[C@@H]5CO[C@@](Cn6c(C)cnc6C)(c6ccc(Cl)cc6Cl)O5)cc4)CC3)cc2)c1=O,RWICBBJFVANCDZ-CTSCUDNUSA-N,1,train
Cc1cnccc1C(=O)Nc1cccc(C(=O)c2ccc3c(/C=C/c4ccccn4)n[nH]c3c2)c1,0.0077,Cc1cnccc1C(=O)Nc1cccc(C(=O)c2ccc3c(/C=C/c4ccccn4)n[nH]c3c2)c1,YSPRURCZYCTTAQ-PKNBQFBNSA-N,1,train
C=CC(=O)Nc1ccc(C(=O)Nc2ccc(-c3cc(C)nc4noc(N)c34)cc2)cc1Br,10.0,C=CC(=O)Nc1ccc(C(=O)Nc2ccc(-c3cc(C)nc4noc(N)c34)cc2)cc1Br,HHJDHPMGFIDAIT-UHFFFAOYSA-N,1,train
CCc1ccc2nc(N(CCCN3CCOCC3)c3ccc(OC)c(OC)c3)sc2c1,9.04,CCc1ccc2nc(N(CCCN3CCOCC3)c3ccc(OC)c(OC)c3)sc2c1,HSJDYPGQHMBCQZ-UHFFFAOYSA-N,1,train
Oc1nc2ncccc2c(O)c1-c1nc2ccccc2[nH]1,10.0,Oc1nc2ncccc2c(O)c1-c1nc2ccccc2[nH]1,QRYNTGJRIPZSPM-UHFFFAOYSA-N,1,train
CN(C)CCN1C(=O)c2cccc3c(N4CCN(C(=S)SCc5ccccc5)CC4)ccc(c23)C1=O,16.74,CN(C)CCN1C(=O)c2cccc3c(N4CCN(C(=S)SCc5ccccc5)CC4)ccc(c23)C1=O,MSWXPGNCXHFNIU-UHFFFAOYSA-N,0,train
COc1ccc2[nH]c([S+]([O-])Cc3ncc(C)c(OC)c3C)nc2c1,100.0,COc1ccc2[nH]c([S+]([O-])Cc3ncc(C)c(OC)c3C)nc2c1,SUBDBMMJDZJVOS-UHFFFAOYSA-N,0,train
CC(=O)O[C@@H]1CC[C@@]2(C)[C@@H](CC[C@]3(C)[C@@H]2C(=O)C=C2[C@@H]4[C@@H](C)[C@H](C)CC[C@]4(C)CC[C@]23C)[C@@]1(C)C(=O)N1CCCCC1,35.81,CC(=O)O[C@@H]1CC[C@@]2(C)[C@@H](CC[C@]3(C)[C@@H]2C(=O)C=C2[C@@H]4[C@@H](C)[C@H](C)CC[C@]4(C)CC[C@]23C)[C@@]1(C)C(=O)N1CCCCC1,NDYJYJCRAADXCO-KANAAYPNSA-N,0,train
O=C1CCC(n2c(=O)c3cc4c(=O)n(C5CCC(=O)NC5=O)c(=O)c4cc3c2=O)C(=O)N1,50.0,O=C1CCC(n2c(=O)c3cc4c(=O)n(C5CCC(=O)NC5=O)c(=O)c4cc3c2=O)C(=O)N1,LRZQHHAUHURLMW-UHFFFAOYSA-N,0,train
COc1c(O[C@@H]2O[C@H](C(=O)O)[C@@H](O)[C@H](O)[C@H]2O)cc(O)c2c(=O)cc(-c3ccccc3)oc12,1000.0,COc1c(O[C@@H]2O[C@H](C(=O)O)[C@@H](O)[C@H](O)[C@H]2O)cc(O)c2c(=O)cc(-c3ccccc3)oc12,LNOHXHDWGCMVCO-NTKSAMNMSA-N,0,train
CC(C)(C)C1=CC(=O)C(C2CCCCC2)=CC1=O,6.0,CC(C)(C)C1=CC(=O)C(C2CCCCC2)=CC1=O,SYEKXJSPUQRMOF-UHFFFAOYSA-N,1,train
CCCCc1ccc(NS(=O)(=O)c2ccccc2)c(C(=O)O)c1,100.0,CCCCc1ccc(NS(=O)(=O)c2ccccc2)c(C(=O)O)c1,GUFYXBDBRAROGG-UHFFFAOYSA-N,0,train
O=C(Nc1ccc(-c2ccnc3[nH]ccc23)cc1)c1ccc([N+](=O)[O-])cc1,50.0,O=C(Nc1ccc(-c2ccnc3[nH]ccc23)cc1)c1ccc([N+](=O)[O-])cc1,QCXMALAKYVDZBU-UHFFFAOYSA-N,0,train
CCC(C)C(=O)c1c(O)cc(O)c(C/C=C(\C)CCC=C(C)C)c1O,11.0,CCC(C)C(=O)c1c(O)cc(O)c(C/C=C(\C)CCC=C(C)C)c1O,YMYBAWFGDGMZLY-GXDHUFHOSA-N,0,train
CC(=O)N[C@H]1CC[C@@]2(C)[C@@H](CC[C@]3(C)[C@@H]2C(=O)C=C2[C@@H]4[C@@H](C)[C@H](C)CC[C@]4(C)CC[C@]23C)[C@@]1(C)C(=O)O,47.45,CC(=O)N[C@H]1CC[C@@]2(C)[C@@H](CC[C@]3(C)[C@@H]2C(=O)C=C2[C@@H]4[C@@H](C)[C@H](C)CC[C@]4(C)CC[C@]23C)[C@@]1(C)C(=O)O,NACNKPZUCAUMBG-GOBAHYPASA-N,0,train
COc1cc(C2Oc3cc(-c4oc5cc(O)cc(O)c5c(=O)c4O)ccc3OC2CO)ccc1OC(=O)c1cc(O)c(O)c(O)c1,4.0,COc1cc(C2Oc3cc(-c4oc5cc(O)cc(O)c5c(=O)c4O)ccc3OC2CO)ccc1OC(=O)c1cc(O)c(O)c(O)c1,LCZZWGUEGSFHMF-UHFFFAOYSA-N,1,train
CCc1c(-c2ccc(OC)cc2)noc1-c1ccc(OC)cc1,100.0,CCc1c(-c2ccc(OC)cc2)noc1-c1ccc(OC)cc1,AVRSVMVKGKMOCT-UHFFFAOYSA-N,0,train
Cc1ccc(C2C(C#N)=C(N)Oc3c2ccc2ccc(C)nc32)cc1,9.02,Cc1ccc(C2C(C#N)=C(N)Oc3c2ccc2ccc(C)nc32)cc1,IXNNWKMEEPNZAG-UHFFFAOYSA-N,1,train
COc1ccc(N2Cc3cnc(Nc4ccccc4)nc3N([C@@H]3CC[C@@H](O)C3)C2=O)cc1,0.068,COc1ccc(N2Cc3cnc(Nc4ccccc4)nc3N([C@@H]3CC[C@@H](O)C3)C2=O)cc1,NDEFXZOKPREYOV-WOJBJXKFSA-N,1,train
CCCCCCC1CC(OC(C)=O)OO1,57.83,CCCCCCC1CC(OC(C)=O)OO1,AHIBLDIWIBHZPQ-UHFFFAOYSA-N,0,train
O=C(O)c1c(O)c(-c2ccc(Cl)cc2)nc2c(OC(F)(F)F)cccc12,10.5,O=C(O)c1c(O)c(-c2ccc(Cl)cc2)nc2c(OC(F)(F)F)cccc12,QGCYMNXZEWXDEK-UHFFFAOYSA-N,0,train
O=[N+]([O-])c1ccccc1S(=O)(=O)Nc1cccc2cccnc12,3.2,O=[N+]([O-])c1ccccc1S(=O)(=O)Nc1cccc2cccnc12,YCXUFEOBLVZNAP-UHFFFAOYSA-N,1,train
C/C=C/C=C/C=C/C[N+](C)(C)CCCCCCCCCCCCCCCCCC.[I-],16.72,C/C=C/C=C/C=C/C[N+](C)(C)CCCCCCCCCCCCCCCCCC,MLFBLQAUJZJFHJ-CUMLXMQLSA-N,0,train
CC[C@H]1OC(=O)[C@H](C)[C@@H](O)[C@H](C)[C@@H](O[C@@H]2O[C@H](C)C[C@H](N(C)Cc3ccc(-c4cn(CCCCCC(=O)NO)nn4)cc3)[C@H]2O)[C@](C)(O)C[C@@H](C)CN(C)[C@H](C)[C@@H](O)[C@]1(C)O,10.0,CC[C@H]1OC(=O)[C@H](C)[C@@H](O)[C@H](C)[C@@H](O[C@@H]2O[C@H](C)C[C@H](N(C)Cc3ccc(-c4cn(CCCCCC(=O)NO)nn4)cc3)[C@H]2O)[C@](C)(O)C[C@@H](C)CN(C)[C@H](C)[C@@H](O)[C@]1(C)O,IDLKKCGMSKDKFN-RHSNAQLASA-N,1,train
CCN1CCC(Nc2ccc3c(c2)C(=C(c2nc(C)c[nH]2)c2ccccc2F)C(=O)N3)CC1,0.016,CCN1CCC(Nc2ccc3c(c2)C(=C(c2nc(C)c[nH]2)c2ccccc2F)C(=O)N3)CC1,IQCIFDSCWKQXJA-UHFFFAOYSA-N,1,train
CC(C)Oc1c(C(N)=O)sc2ccc(O)cc12,3.3,CC(C)Oc1c(C(N)=O)sc2ccc(O)cc12,KZXZTPXNSYQTLG-UHFFFAOYSA-N,1,train
O[C@@](CN1CCN(CCn2ccc3cc(Br)ccc32)CC1)(Cn1cncn1)c1ccc(F)cc1F,13.97,O[C@@](CN1CCN(CCn2ccc3cc(Br)ccc32)CC1)(Cn1cncn1)c1ccc(F)cc1F,MPJDYOVQYFIADA-VWLOTQADSA-N,0,train
Nc1nccc(Oc2ccc3c(C(=O)Nc4cccc(C(F)(F)F)c4)cccc3c2)n1,0.0002099999999999,Nc1nccc(Oc2ccc3c(C(=O)Nc4cccc(C(F)(F)F)c4)cccc3c2)n1,MLLQJNIKDWEEFT-UHFFFAOYSA-N,1,train
CCC(C)C(=O)c1c(O)cc(O)c2c1O[C@](C)(CCC=C(C)C)[C@@H](O)C2,18.4,CCC(C)C(=O)c1c(O)cc(O)c2c1O[C@](C)(CCC=C(C)C)[C@@H](O)C2,OOUQAKUAWXZBEN-PTPQSVRFSA-N,0,train
CCCONC(=O)c1ccccc1Sc1ccc2c(/C=C/c3ccccn3)n[nH]c2c1,0.004,CCCONC(=O)c1ccccc1Sc1ccc2c(/C=C/c3ccccn3)n[nH]c2c1,VKVMIPAQKNLQIS-JLHYYAGUSA-N,1,train
CN(Cc1ccccc1)c1nc(O)nc(Nc2ccc3scnc3c2)n1,2.4,CN(Cc1ccccc1)c1nc(O)nc(Nc2ccc3scnc3c2)n1,VMRHPZPEPRKOPG-UHFFFAOYSA-N,1,train
Cc1ccc(NC(=O)Cn2cc(-c3ccc4c(NC(=O)c5ccc(NC(=O)CCCCC(=O)N6CCN(CCCCCCCC(=O)N[C@H](C(=O)N7C[C@H](O)C[C@H]7C(=O)NCc7ccc(-c8scnc8C)cc7)C(C)(C)C)CC6)cc5)n[nH]c4c3)cn2)cc1C(F)(F)F,24.97,Cc1ccc(NC(=O)Cn2cc(-c3ccc4c(NC(=O)c5ccc(NC(=O)CCCCC(=O)N6CCN(CCCCCCCC(=O)N[C@H](C(=O)N7C[C@H](O)C[C@H]7C(=O)NCc7ccc(-c8scnc8C)cc7)C(C)(C)C)CC6)cc5)n[nH]c4c3)cn2)cc1C(F)(F)F,LRWGPPYRKYLKHG-QYRAUQDNSA-N,0,train
COc1ccc(S(=O)(=O)Nc2cccnc2-c2ccc(C#N)c(F)c2)cc1,8.9,COc1ccc(S(=O)(=O)Nc2cccnc2-c2ccc(C#N)c(F)c2)cc1,LQXYXJBABDFVFM-UHFFFAOYSA-N,1,train
C[C@@H]1CC[C@H]2[C@@H](C)C(OCCn3nnc4c3CCc3ccccc3-4)O[C@@H]3O[C@@]4(C)CC[C@@H]1[C@]32OO4,250.0,C[C@@H]1CC[C@H]2[C@@H](C)C(OCCn3nnc4c3CCc3ccccc3-4)O[C@@H]3O[C@@]4(C)CC[C@@H]1[C@]32OO4,RVNOUBZVYNIPAE-YKQJRROPSA-N,0,train
CCOC(=O)/C=C1/C(=O)N(CC(=O)OCC)c2ccc(Cl)cc21,25.0,CCOC(=O)/C=C1/C(=O)N(CC(=O)OCC)c2ccc(Cl)cc21,NXEQZKILGIBWFH-XYOKQWHBSA-N,0,train
CN1CC2CN(c3ccnc(CN4CCN(c5ccc(Cl)cc5)CC4)c3)CC2C1,50.0,CN1CC2CN(c3ccnc(CN4CCN(c5ccc(Cl)cc5)CC4)c3)CC2C1,OKYQFYIEAZXNII-UHFFFAOYSA-N,0,train
CC(C)CCC[C@@H](C)[C@H]1CC[C@H]2[C@@H]3CC[C@H]4C[C@@H](O[C@@H]5O[C@H](COS(=O)(=O)[O-])[C@@H](O[C@H]6O[C@H](COS(=O)(=O)[O-])[C@@H](O[C@H]7O[C@H](COS(=O)(=O)[O-])[C@@H](O[C@H]8O[C@H](COS(=O)(=O)[O-])[C@@H](OS(=O)(=O)[O-])[C@H](OS(=O)(=O)[O-])[C@H]8OS(=O)(=O)[O-])[C@H](OS(=O)(=O)[O-])[C@H]7OS(=O)(=O)[O-])[C@H](OS(=O)(=O)[O-])[C@H]6OS(=O)(=O)[O-])[C@H](OS(=O)(=O)[O-])[C@H]5OS(=O)(=O)[O-])CC[C@]4(C)[C@H]3CC[C@]12C.[Na+].[Na+].[Na+].[Na+].[Na+].[Na+].[Na+].[Na+].[Na+].[Na+].[Na+].[Na+].[Na+],0.5,CC(C)CCC[C@@H](C)[C@H]1CC[C@H]2[C@@H]3CC[C@H]4C[C@@H](O[C@@H]5O[C@H](COS(=O)(=O)O)[C@@H](O[C@H]6O[C@H](COS(=O)(=O)O)[C@@H](O[C@H]7O[C@H](COS(=O)(=O)O)[C@@H](O[C@H]8O[C@H](COS(=O)(=O)O)[C@@H](OS(=O)(=O)O)[C@H](OS(=O)(=O)O)[C@H]8OS(=O)(=O)O)[C@H](OS(=O)(=O)O)[C@H]7OS(=O)(=O)O)[C@H](OS(=O)(=O)O)[C@H]6OS(=O)(=O)O)[C@H](OS(=O)(=O)O)[C@H]5OS(=O)(=O)O)CC[C@]4(C)[C@H]3CC[C@]12C,LNUFLCYMSVYYNW-ZPJMAFJPSA-N,1,train
N#CC1=C(N)Oc2c(N)cc3nc4ccccc4nc3c2C12C(=O)N(Cc1cnnn1-c1cccc(Br)c1)c1ccccc12,50.0,N#CC1=C(N)Oc2c(N)cc3nc4ccccc4nc3c2C12C(=O)N(Cc1cnnn1-c1cccc(Br)c1)c1ccccc12,RUVXPNOJFPCDDF-UHFFFAOYSA-N,0,train
CC(=O)Oc1cc(O)cc2c1C(=O)/C(=C/c1ccc(O)c(O)c1)CO2,5.0,CC(=O)Oc1cc(O)cc2c1C(=O)/C(=C/c1ccc(O)c(O)c1)CO2,DBQSMZBWTHHICO-NYYWCZLTSA-N,1,train
COc1ccc(/C=C/c2nc(C)c(C)nc2C)c(OC)c1OC,5.76,COc1ccc(/C=C/c2nc(C)c(C)nc2C)c(OC)c1OC,MKBVDATYYQGSEL-VQHVLOKHSA-N,1,train
CCC1=C(NC(=O)C(C)(C)C)C(=O)C2=C(C1=O)S(=O)(=O)CCN2,100.0,CCC1=C(NC(=O)C(C)(C)C)C(=O)C2=C(C1=O)S(=O)(=O)CCN2,DTUBWZIBGUFFAK-UHFFFAOYSA-N,0,train
CC1(C)C=Cc2c(ccc3c(=O)c(-c4ccc(C(F)(F)F)cc4Cl)coc23)O1,10.0,CC1(C)C=Cc2c(ccc3c(=O)c(-c4ccc(C(F)(F)F)cc4Cl)coc23)O1,KUMHCAFVLYLQOI-UHFFFAOYSA-N,1,train
Cc1ccc2cccc(NS(=O)(=O)c3cc([N+](=O)[O-])ccc3C)c2n1,57.0,Cc1ccc2cccc(NS(=O)(=O)c3cc([N+](=O)[O-])ccc3C)c2n1,GANMCBAUYLIAOL-UHFFFAOYSA-N,0,train
O=C(Nc1cccc(Oc2ccc3c(/C=C/c4ccccc4)n[nH]c3c2)c1)c1cccc2[nH]ccc12,0.0038,O=C(Nc1cccc(Oc2ccc3c(/C=C/c4ccccc4)n[nH]c3c2)c1)c1cccc2[nH]ccc12,RMRGQCNTCGUCGP-NTCAYCPXSA-N,1,train
CNC(=O)c1cc(Oc2ccc3[nH]c(Nc4ccc(C(F)(F)F)c(OCCN(C)C)c4)nc3c2)ccn1,0.065,CNC(=O)c1cc(Oc2ccc3[nH]c(Nc4ccc(C(F)(F)F)c(OCCN(C)C)c4)nc3c2)ccn1,ZKSUUBLMUIKQJD-UHFFFAOYSA-N,1,train
CC(=O)Cc1c(C)c(O)c2c(c1O)C(=O)CCC2O,5.8,CC(=O)Cc1c(C)c(O)c2c(c1O)C(=O)CCC2O,UFGYFAZEBIZXTJ-UHFFFAOYSA-N,1,train
Cc1ccc2c(c1)/C(=N\O)C(c1c[nH]c3ccc(C)cc13)=N2,100.0,Cc1ccc2c(c1)/C(=N\O)C(c1c[nH]c3ccc(C)cc13)=N2,NRXKXHARSINSHO-DYTRJAOYSA-N,0,train
CC(C)C[C@H](NC(=O)[C@H](CC(C)C)NC(=O)[C@@H](NC(=O)[C@H](CS)NC(=O)[C@H](CCCCN)NC(=O)[C@H](CCCCN)NC(=O)[C@H](CC(C)C)NC(=O)[C@H](CCCCN)NC(=O)[C@H](CCCNC(=N)N)NC(=O)[C@H](Cc1ccccc1)NC(=O)[C@H](Cc1ccccc1)NC(=O)[C@H](CCCCN)NC(=O)[C@H](CCCCN)NC(=O)[C@H](Cc1ccccc1)NC(=O)[C@H](CCCNC(=N)N)NC(=O)[C@H](CCCCN)NC(=O)[C@@H](NC(=O)[C@@H](N)CC(C)C)C(C)C)C(C)C)C(N)=O,40.17,CC(C)C[C@H](NC(=O)[C@H](CC(C)C)NC(=O)[C@@H](NC(=O)[C@H](CS)NC(=O)[C@H](CCCCN)NC(=O)[C@H](CCCCN)NC(=O)[C@H](CC(C)C)NC(=O)[C@H](CCCCN)NC(=O)[C@H](CCCNC(=N)N)NC(=O)[C@H](Cc1ccccc1)NC(=O)[C@H](Cc1ccccc1)NC(=O)[C@H](CCCCN)NC(=O)[C@H](CCCCN)NC(=O)[C@H](Cc1ccccc1)NC(=O)[C@H](CCCNC(=N)N)NC(=O)[C@H](CCCCN)NC(=O)[C@@H](NC(=O)[C@@H](N)CC(C)C)C(C)C)C(C)C)C(N)=O,KQVCRZKKOCMBIQ-PALKTXQDSA-N,0,train
C=CC(=O)Nc1cc(Cn2ccc3c(Cl)ncnc32)ccc1F,60.27,C=CC(=O)Nc1cc(Cn2ccc3c(Cl)ncnc32)ccc1F,XAGAJLBPFOEQPM-UHFFFAOYSA-N,0,train
COc1ccc(C(N)=O)cc1/C=C/c1ccc(C(C)(C)C)cc1,0.37,COc1ccc(C(N)=O)cc1/C=C/c1ccc(C(C)(C)C)cc1,BHAPETVDLKNVOH-VMPITWQZSA-N,1,train
CN1CCN(Cc2cc(Nc3nc4cc(Oc5ncnc6[nH]ccc56)ccc4[nH]3)ccc2Cl)CC1,0.645,CN1CCN(Cc2cc(Nc3nc4cc(Oc5ncnc6[nH]ccc56)ccc4[nH]3)ccc2Cl)CC1,LHXBUGCZCPLCBE-UHFFFAOYSA-N,1,train
CCC(Nc1cc(OC)c(OC)c(OC)c1)=C1C(=O)CC(c2ccccc2)CC1=O,100.0,CCC(Nc1cc(OC)c(OC)c(OC)c1)=C1C(=O)CC(c2ccccc2)CC1=O,APQWXQDBZYJQBL-UHFFFAOYSA-N,0,train
CCOC(=O)C1ON(c2ccccc2)C(c2cccc([N+](=O)[O-])c2)C12C(=O)Nc1ccccc12,169.0,CCOC(=O)C1ON(c2ccccc2)C(c2cccc([N+](=O)[O-])c2)C12C(=O)Nc1ccccc12,CCJODDVJTNULFT-UHFFFAOYSA-N,0,train
C[C@H](CC[C@@]1(O)O[C@H]2C[C@H]3[C@@H]4CC=C5C[C@@H](O[C@@H]6O[C@H](CO)[C@@H](O[C@@H]7O[C@@H](C)[C@H](O)[C@@H](O)[C@H]7O)[C@H](O)[C@H]6O[C@@H]6O[C@@H](C)[C@H](O)[C@@H](O)[C@H]6O)CC[C@]5(C)[C@H]4CC[C@]3(C)[C@H]2[C@@H]1C)CO[C@@H]1O[C@H](CO)[C@@H](O)[C@H](O)[C@H]1O,3.22,C[C@H](CC[C@@]1(O)O[C@H]2C[C@H]3[C@@H]4CC=C5C[C@@H](O[C@@H]6O[C@H](CO)[C@@H](O[C@@H]7O[C@@H](C)[C@H](O)[C@@H](O)[C@H]7O)[C@H](O)[C@H]6O[C@@H]6O[C@@H](C)[C@H](O)[C@@H](O)[C@H]6O)CC[C@]5(C)[C@H]4CC[C@]3(C)[C@H]2[C@@H]1C)CO[C@@H]1O[C@H](CO)[C@@H](O)[C@H](O)[C@H]1O,LVTJOONKWUXEFR-UEZXSUPNSA-N,1,train
C=CC(=O)N1CCC[C@@H](n2nc(-c3ccc(NC(=O)c4ccc(N(C)C)cc4)c4c3OCO4)c3c(N)ncnc32)C1,27.31,C=CC(=O)N1CCC[C@@H](n2nc(-c3ccc(NC(=O)c4ccc(N(C)C)cc4)c4c3OCO4)c3c(N)ncnc32)C1,XLTSMXXGRIGBEL-LJQANCHMSA-N,0,train
COc1cc(Nc2nccc(Oc3ccc4c(C(=O)Nc5ccccc5)cccc4c3)n2)cc(OC)c1,0.0092,COc1cc(Nc2nccc(Oc3ccc4c(C(=O)Nc5ccccc5)cccc4c3)n2)cc(OC)c1,AWBOECHGHWESKB-UHFFFAOYSA-N,1,train
Cc1cc2ccc(=O)oc2c2c1OC(C)(C)[C@H](OC(=O)C13CCC(C)(C(=O)O1)C3(C)C)[C@@H]2OC(=O)C12CCC(C)(C(=O)O1)C2(C)C,72.0,Cc1cc2ccc(=O)oc2c2c1OC(C)(C)[C@H](OC(=O)C13CCC(C)(C(=O)O1)C3(C)C)[C@@H]2OC(=O)C12CCC(C)(C(=O)O1)C2(C)C,GXSSXFWLNIQEHQ-QFSSIGTRSA-N,0,train
CCC(Nc1ccccc1O)=C1C(=O)CC(c2ccccc2)CC1=O,22.0,CCC(Nc1ccccc1O)=C1C(=O)CC(c2ccccc2)CC1=O,VLVSMTNJQKGVTN-UHFFFAOYSA-N,0,train
Cc1ccc(-c2cc(NCCCO)c3ccccc3n2)cc1,34.5,Cc1ccc(-c2cc(NCCCO)c3ccccc3n2)cc1,JYJWIWQLQZXZJZ-UHFFFAOYSA-N,0,train
COc1ccc2c(c1)CC[C@@H]1[C@@H]2[C@H](OC(=O)c2ccc(NC(=O)CN3CCCC3)cc2)C[C@]2(C)[C@@H](OC)CC[C@@H]12,3.69,COc1ccc2c(c1)CC[C@@H]1[C@@H]2[C@H](OC(=O)c2ccc(NC(=O)CN3CCCC3)cc2)C[C@]2(C)[C@@H](OC)CC[C@@H]12,HHCMCIHEJGRECL-FOIPTSRRSA-N,1,train
Clc1ccc2c(NCc3nc4ccccc4[nH]3)ccnc2c1,2.401,Clc1ccc2c(NCc3nc4ccccc4[nH]3)ccnc2c1,HTDSMTLWQRDONK-UHFFFAOYSA-N,1,train
COc1cccc(C2CC(=O)C(=C(C)Nc3ccccc3OC)C(=O)C2)c1,0.3,COc1cccc(C2CC(=O)C(=C(C)Nc3ccccc3OC)C(=O)C2)c1,HOAPQRSVOFQKHU-UHFFFAOYSA-N,1,train
Cc1cc(=O)oc2cc(OCC(=O)OCCOc3no[n+]([O-])c3S(=O)(=O)c3ccccc3)ccc12,20.0,Cc1cc(=O)oc2cc(OCC(=O)OCCOc3no[n+]([O-])c3S(=O)(=O)c3ccccc3)ccc12,KRCNKTJQKVMUGV-UHFFFAOYSA-N,0,train
Cl.c1ccc(CNCc2ccc3c(c2)OCO3)cc1,200.0,c1ccc(CNCc2ccc3c(c2)OCO3)cc1,PUBLVNIUFCOQFU-UHFFFAOYSA-N,0,train
COc1cc(C2Oc3cc([C@H]4Oc5cc(O)cc(O)c5C(=O)[C@@H]4OC(=O)c4cc(O)c(O)c(O)c4)ccc3OC2CO)ccc1O,12.31,COc1cc(C2Oc3cc([C@H]4Oc5cc(O)cc(O)c5C(=O)[C@@H]4OC(=O)c4cc(O)c(O)c(O)c4)ccc3OC2CO)ccc1O,HDDQSJDYUUWFSK-UJEJBADBSA-N,0,train
FC(F)(F)c1cccc(Nc2ncc3c(n2)-c2cccnc2SC3)c1,4.95,FC(F)(F)c1cccc(Nc2ncc3c(n2)-c2cccnc2SC3)c1,SHQWILZWNUHAQK-UHFFFAOYSA-N,1,train
O=C(Nc1cccc(OC(F)(F)F)c1)c1ccccc1SCc1ccncc1,0.0033,O=C(Nc1cccc(OC(F)(F)F)c1)c1ccccc1SCc1ccncc1,BXGHIRNFIJCAIM-UHFFFAOYSA-N,1,train
CCN(C(=O)c1cc(C(C)C)c(O)cc1O)c1ccncc1,0.1,CCN(C(=O)c1cc(C(C)C)c(O)cc1O)c1ccncc1,DOMCWNGDGRPARI-UHFFFAOYSA-N,1,train
COc1ccc(Cc2c[nH]c3c(OC)c(OC)c(OC)cc23)cc1O,0.228,COc1ccc(Cc2c[nH]c3c(OC)c(OC)c(OC)cc23)cc1O,VGQMMFHNVNJKLF-UHFFFAOYSA-N,1,train
COc1cccc(NC(=O)[C@]23CC[C@@H](C)[C@H](C)[C@H]2C2=CC(=O)[C@@H]4[C@@]5(C)C[C@@H](O)[C@H](O)[C@@](C)(CO)[C@@H]5CC[C@@]4(C)[C@]2(C)CC3)c1,100.0,COc1cccc(NC(=O)[C@]23CC[C@@H](C)[C@H](C)[C@H]2C2=CC(=O)[C@@H]4[C@@]5(C)C[C@@H](O)[C@H](O)[C@@](C)(CO)[C@@H]5CC[C@@]4(C)[C@]2(C)CC3)c1,CHSDJIXSCTURDV-ZKYBHVDOSA-N,0,train
Oc1ccc(-c2noc3c2CCc2cc(O)c(O)cc2-3)cc1,7.4,Oc1ccc(-c2noc3c2CCc2cc(O)c(O)cc2-3)cc1,GPDZBQNCBXZAAI-UHFFFAOYSA-N,1,train
Cc1c(F)c(N)cc(C(=O)Nc2cc(-c3ccc(C(=O)N4CCOCC4)cc3)ccc2N2CCN(C)CC2)c1Cl,100.0,Cc1c(F)c(N)cc(C(=O)Nc2cc(-c3ccc(C(=O)N4CCOCC4)cc3)ccc2N2CCN(C)CC2)c1Cl,GQCCHJGHPVLGRW-UHFFFAOYSA-N,0,train
Cc1ccc(NC(=O)Cn2cc(-c3ccc4c(NC(=O)C5CC5)n[nH]c4c3)c(C)n2)cc1C(F)(F)F,4.92,Cc1ccc(NC(=O)Cn2cc(-c3ccc4c(NC(=O)C5CC5)n[nH]c4c3)c(C)n2)cc1C(F)(F)F,RIBUYPLGZNPKLX-UHFFFAOYSA-N,1,train
COc1cc2c(Nc3ccc(Cl)cc3F)ncnc2cc1OCCn1ccnn1,0.04,COc1cc2c(Nc3ccc(Cl)cc3F)ncnc2cc1OCCn1ccnn1,ZDUNROKMXDSWQP-UHFFFAOYSA-N,1,train
COc1ccc(/C=C2\CC[C@H]3C(C)(C)CCC[C@]3(C)[C@H]2CCC(C)CC(=O)O)cc1OC,200.0,COc1ccc(/C=C2\CC[C@H]3C(C)(C)CCC[C@]3(C)[C@H]2CCC(C)CC(=O)O)cc1OC,NAQAHDXNEDTIIO-VFSRYTEGSA-N,0,train
COc1cc([C@@H]2c3cc4c(cc3[C@@H](c3nc5cnccc5[nH]3)[C@H]3COC(=O)[C@H]23)OCO4)cc(OC)c1O,100.0,COc1cc([C@@H]2c3cc4c(cc3[C@@H](c3nc5cnccc5[nH]3)[C@H]3COC(=O)[C@H]23)OCO4)cc(OC)c1O,HGXXDXOEZWVBCB-QQOSJILYSA-N,0,train
Cc1ccc(C)c(-n2nncc2CN2C(=O)C3(C(C#N)=C(N)Oc4c3c3nc5ccccc5nc3c3ccccc43)c3ccccc32)c1,50.0,Cc1ccc(C)c(-n2nncc2CN2C(=O)C3(C(C#N)=C(N)Oc4c3c3nc5ccccc5nc3c3ccccc43)c3ccccc32)c1,RTFMOAVSPPHHMM-UHFFFAOYSA-N,0,train
COc1cc(/C=N/Nc2nc(-c3ccc(C(F)(F)F)cc3)cs2)cc(Br)c1OC,100.0,COc1cc(/C=N/Nc2nc(-c3ccc(C(F)(F)F)cc3)cs2)cc(Br)c1OC,JTFPPLGYLNFXQV-PGGKNCGUSA-N,0,train
CCOC(=O)/C=C/c1coc2ccccc2c1=O,184.0,CCOC(=O)/C=C/c1coc2ccccc2c1=O,FHRBQMBCNVAZFW-BQYQJAHWSA-N,0,train
Cc1ccc2cc(/C=C/C(=O)c3ccc(C)s3)c(Cl)nc2c1,0.10229,Cc1ccc2cc(/C=C/C(=O)c3ccc(C)s3)c(Cl)nc2c1,QNVABWJYISHLOW-VOTSOKGWSA-N,1,train
CN(C)CCCN1C(=O)/C(=C(/c2ccccc2)c2ccc[nH]2)c2cc(F)ccc21.Cl,8.83,CN(C)CCCN1C(=O)/C(=C(/c2ccccc2)c2ccc[nH]2)c2cc(F)ccc21,RJPPDFYTICWOMR-FCQUAONHSA-N,1,train
COc1cc2c(cc1O)CC[C@@H]1[C@@H]2CC[C@]2(C)[C@@H](O)[C@@H](CO)C[C@@H]12,6.36,COc1cc2c(cc1O)CC[C@@H]1[C@@H]2CC[C@]2(C)[C@@H](O)[C@@H](CO)C[C@@H]12,KUVHVAUZZQUZNT-NSOKOSIWSA-N,1,train
COc1ccc2nc(SCc3ccc(C(=O)Nc4ccccc4N)cc3)[nH]c2c1,10.0,COc1ccc2nc(SCc3ccc(C(=O)Nc4ccccc4N)cc3)[nH]c2c1,QKVOWBOTBUOZJM-UHFFFAOYSA-N,1,train
Cc1ccc(NC(=O)Cn2cc(-c3ccc4c(NC(=O)c5ccc(NC(=O)CCCCC(=O)N6CCN(CCCCCC(=O)N[C@H](C(=O)N7C[C@H](O)C[C@H]7C(=O)NCc7ccc(-c8scnc8C)cc7)C(C)(C)C)CC6)cc5)n[nH]c4c3)cn2)cc1C(F)(F)F,50.0,Cc1ccc(NC(=O)Cn2cc(-c3ccc4c(NC(=O)c5ccc(NC(=O)CCCCC(=O)N6CCN(CCCCCC(=O)N[C@H](C(=O)N7C[C@H](O)C[C@H]7C(=O)NCc7ccc(-c8scnc8C)cc7)C(C)(C)C)CC6)cc5)n[nH]c4c3)cn2)cc1C(F)(F)F,YXBHEGMDGOWCKX-MPZHPWTRSA-N,0,train
CNC(=O)c1ccc(O[C@H]2CC[C@H](NC(=O)NC34CC5CC(CC(C5)C3)C4)CC2)cc1,25.0,CNC(=O)c1ccc(O[C@H]2CC[C@H](NC(=O)NC34CC5CC(CC(C5)C3)C4)CC2)cc1,UHCRWCSTKBZBFL-MGAMQBSKSA-N,0,train
COc1ccccc1-c1csc(N/N=C/c2ccc(F)c(F)c2)n1,100.0,COc1ccccc1-c1csc(N/N=C/c2ccc(F)c(F)c2)n1,CEWAJXHLDDWARA-AWQFTUOYSA-N,0,train
C=C(C)[C@@H]1CC[C@]2(C(=O)O)CC[C@]3(C)[C@H](CC[C@@H]4[C@@]5(C)Cc6nnn(CCOC7O[C@@H]8O[C@@]9(C)CC[C@H]%10[C@H](C)CC[C@@H]([C@H]7C)[C@@]8%10OO9)c6C(C)(C)[C@@H]5CC[C@]43C)[C@@H]12,121.0,C=C(C)[C@@H]1CC[C@]2(C(=O)O)CC[C@]3(C)[C@H](CC[C@@H]4[C@@]5(C)Cc6nnn(CCOC7O[C@@H]8O[C@@]9(C)CC[C@H]%10[C@H](C)CC[C@@H]([C@H]7C)[C@@]8%10OO9)c6C(C)(C)[C@@H]5CC[C@]43C)[C@@H]12,TXVLBXRSKXVMLA-HKOYHGQMSA-N,0,train
Cn1cc2c(n1)CCc1c-2c2c(c3c1[nH]c1ccc(C4CCCCO4)cc13)CNC2=O,0.01,Cn1cc2c(n1)CCc1c-2c2c(c3c1[nH]c1ccc(C4CCCCO4)cc13)CNC2=O,PACMCHVNXJZGFE-UHFFFAOYSA-N,1,train
Cc1[nH]nc(N)c1-c1nc2ccc(S(=O)(=O)NCC(F)(F)F)cc2s1,5.9,Cc1[nH]nc(N)c1-c1nc2ccc(S(=O)(=O)NCC(F)(F)F)cc2s1,WNAMZFOXKDMWAL-UHFFFAOYSA-N,1,train
C=CCc1cc(-c2cccc(OC)c2)ccc1O,100.0,C=CCc1cc(-c2cccc(OC)c2)ccc1O,CHYQQLFQBUMXIH-UHFFFAOYSA-N,0,train
O=C(COc1ccc2ccc(=O)oc2c1)OCCOc1no[n+]([O-])c1S(=O)(=O)c1ccccc1,20.0,O=C(COc1ccc2ccc(=O)oc2c1)OCCOc1no[n+]([O-])c1S(=O)(=O)c1ccccc1,DKKMORQZKUZHOL-UHFFFAOYSA-N,0,train
Cc1ccc2c(=O)c3cccc(CC(=O)Nc4cccc(Cl)c4)c3oc2c1C,11.1,Cc1ccc2c(=O)c3cccc(CC(=O)Nc4cccc(Cl)c4)c3oc2c1C,RVFRYZQRCDORBQ-UHFFFAOYSA-N,0,train
CO[C@H]1[C@@H]([C@@]2(C)O[C@@H]2CC=C(C)C)[C@]2(CC[C@H]1OC(=O)NC1(C(N)=O)CCCC1)CO2,0.0007,CO[C@H]1[C@@H]([C@@]2(C)O[C@@H]2CC=C(C)C)[C@]2(CC[C@H]1OC(=O)NC1(C(N)=O)CCCC1)CO2,MQIQBHVNONYWJH-GKHUVYMASA-N,1,train
COc1ccc2nccc(CCN3CCC(NCc4cc(F)c(Br)c(F)c4)CC3)c2n1,28.53,COc1ccc2nccc(CCN3CCC(NCc4cc(F)c(Br)c(F)c4)CC3)c2n1,RDTDFCZCBIXFEI-UHFFFAOYSA-N,0,train
O=C1CCc2cc(N3CC[C@](O)(C(=O)NCc4cc(F)cc(Cl)c4F)C3=O)ccc2N1,0.016,O=C1CCc2cc(N3CC[C@](O)(C(=O)NCc4cc(F)cc(Cl)c4F)C3=O)ccc2N1,MGGILDNIPCGICN-NRFANRHFSA-N,1,train
COc1ccc(/C=C\c2cc(OC)c(OC)c(OC)c2)cc1NC(=O)Oc1ccc(C)c(C)c1,0.13,COc1ccc(/C=C\c2cc(OC)c(OC)c(OC)c2)cc1NC(=O)Oc1ccc(C)c(C)c1,GYUSCUSKZCJFRM-HJWRWDBZSA-N,1,train
CC(C)CCC[C@@H](C)[C@H]1CC[C@H]2[C@@H]3CC[C@H]4C[C@@H](O[C@H]5O[C@H](COS(=O)(=O)[O-])[C@@H](OS(=O)(=O)[O-])[C@H](OS(=O)(=O)[O-])[C@@H]5OS(=O)(=O)[O-])CC[C@]4(C)[C@H]3CC[C@]12C.[Na+].[Na+].[Na+].[Na+],2.2,CC(C)CCC[C@@H](C)[C@H]1CC[C@H]2[C@@H]3CC[C@H]4C[C@@H](O[C@H]5O[C@H](COS(=O)(=O)O)[C@@H](OS(=O)(=O)O)[C@H](OS(=O)(=O)O)[C@@H]5OS(=O)(=O)O)CC[C@]4(C)[C@H]3CC[C@]12C,CUVFYDOJFCWZIF-GYEBWSHQSA-N,1,train
C=CCc1ccc(OCC)c(-c2ccc(OCC)c(CC=C)c2)c1,100.0,C=CCc1ccc(OCC)c(-c2ccc(OCC)c(CC=C)c2)c1,ZBAYEOYBEJFJCK-UHFFFAOYSA-N,0,train
C=CCc1ccc(OC)c(-c2cccc([N+](=O)[O-])c2)c1,100.0,C=CCc1ccc(OC)c(-c2cccc([N+](=O)[O-])c2)c1,KGYGEVLJIYJHOQ-UHFFFAOYSA-N,0,train
Fc1cccc(/C=C/c2nnc(-c3ccc4c(c3)OCCO4)o2)c1,3.53,Fc1cccc(/C=C/c2nnc(-c3ccc4c(c3)OCCO4)o2)c1,DNFXSQKWKWOPFM-QPJJXVBHSA-N,1,train
COc1cc(OC)c(-c2coc3cc(OCC=C(C)C)ccc3c2=O)cc1OC,3.8,COc1cc(OC)c(-c2coc3cc(OCC=C(C)C)ccc3c2=O)cc1OC,YQAUIYLGHXJVKN-UHFFFAOYSA-N,1,train
CCCCCCCCCCCC/C=C\N(NC(C)=O)C(=O)CCCCCCCCC,39.7,CCCCCCCCCCCC/C=C\N(NC(C)=O)C(=O)CCCCCCCCC,NYVUWIGKYRITGH-GYHWCHFESA-N,0,train
CC(C)(C)NC(=O)c1ccc(OC/C(=C\F)CN)cc1,100.0,CC(C)(C)NC(=O)c1ccc(OC/C(=C\F)CN)cc1,OWNSXNXYELKDSO-FLIBITNWSA-N,0,train
CC(C)C[C@@H](C=O)NC(=O)[C@H](CC(C)C)NC(=O)[C@H](CC(C)C)NC(=O)OCc1ccccc1,0.6,CC(C)C[C@@H](C=O)NC(=O)[C@H](CC(C)C)NC(=O)[C@H](CC(C)C)NC(=O)OCc1ccccc1,TZYWCYJVHRLUCT-VABKMULXSA-N,1,train
NC1=NC(C2CC2)Cc2sccc21,0.75,NC1=NC(C2CC2)Cc2sccc21,SDSGBYHHAGJJCK-UHFFFAOYSA-N,1,train
CCC(C)C(=O)c1c(O)cc(O)c2c1O[C@]1(C)CC[C@@H](O)C(C)(C)[C@H]1C2,29.2,CCC(C)C(=O)c1c(O)cc(O)c2c1O[C@]1(C)CC[C@@H](O)C(C)(C)[C@H]1C2,CQKLJJCVXBOQJX-WLLLBLRDSA-N,0,train
OC[C@@H]1[C@@H](O)[C@H](O)[C@@H](O)CN1CCCCOc1cccc(-c2cnn[nH]2)c1,2.0,OC[C@@H]1[C@@H](O)[C@H](O)[C@@H](O)CN1CCCCOc1cccc(-c2cnn[nH]2)c1,CXGKFTZPINCGQW-XMTFNYHQSA-N,1,train
CNC(=O)c1cc(Oc2cc(F)c3oc(Nc4ccc(Cl)c(OC[C@@H]5CCCN5C)c4)nc3c2)ccn1,0.031,CNC(=O)c1cc(Oc2cc(F)c3oc(Nc4ccc(Cl)c(OC[C@@H]5CCCN5C)c4)nc3c2)ccn1,QLSXSSVKJHMGDQ-INIZCTEOSA-N,1,train
COc1cc2c(cc1O)CC[C@@H]1[C@@H]2CC[C@]2(C)[C@@H](O)[C@@H](C)C[C@@H]12,2.26,COc1cc2c(cc1O)CC[C@@H]1[C@@H]2CC[C@]2(C)[C@@H](O)[C@@H](C)C[C@@H]12,YSBMWOFCBJPODU-XKNMSPGRSA-N,1,train
C=Cc1cc2c(cc1OC)[C@H]1CC[C@]3(C)CCC[C@H]3[C@@H]1CC2,0.58,C=Cc1cc2c(cc1OC)[C@H]1CC[C@]3(C)CCC[C@H]3[C@@H]1CC2,UHLTXTNFFWSHOH-NZGUISNBSA-N,1,train
C[C@@H]1CC[C@H]2[C@@H](C)C(=O)N[C@@H]3O[C@@]4(C)CC[C@@H]1[C@]32OO4,250.0,C[C@@H]1CC[C@H]2[C@@H](C)C(=O)N[C@@H]3O[C@@]4(C)CC[C@@H]1[C@]32OO4,LSHOKYZGSIIBMK-NNWCWBAJSA-N,0,train
Cc1c(O)c(C)c2c(c1O)C(=O)CC(c1ccco1)O2,20.0,Cc1c(O)c(C)c2c(c1O)C(=O)CC(c1ccco1)O2,LDSLQPTUYGVPBU-UHFFFAOYSA-N,0,train
COc1cc(O)c2c(=O)c(OC)c(-c3ccc4c(c3)OC(c3ccc(O)c(OC)c3)C(CO)O4)oc2c1,8.3,COc1cc(O)c2c(=O)c(OC)c(-c3ccc4c(c3)OC(c3ccc(O)c(OC)c3)C(CO)O4)oc2c1,JHSZAXSNCVUDNI-UHFFFAOYSA-N,1,train
C[C@H]1[C@H](C)CC[C@]2(C(=O)Nc3ccc(F)cc3)CC[C@]3(C)C(=CC(=O)[C@@H]4[C@@]5(C)C[C@@H](O)[C@H](O)[C@@](C)(CO)[C@@H]5CC[C@]43C)[C@H]12,100.0,C[C@H]1[C@H](C)CC[C@]2(C(=O)Nc3ccc(F)cc3)CC[C@]3(C)C(=CC(=O)[C@@H]4[C@@]5(C)C[C@@H](O)[C@H](O)[C@@](C)(CO)[C@@H]5CC[C@]43C)[C@H]12,OSHVHECTKMOFMY-SUCQNGCESA-N,0,train
CCCCCCC1CC(O)OO1,71.68,CCCCCCC1CC(O)OO1,GFLHQYYHEFPKPP-UHFFFAOYSA-N,0,train
O=C(Nc1cc(Sc2ncn[nH]2)c(O)c2ccccc12)c1ccccc1[N+](=O)[O-],5.34,O=C(Nc1cc(Sc2ncn[nH]2)c(O)c2ccccc12)c1ccccc1[N+](=O)[O-],ATLGHGMQRAHWIL-UHFFFAOYSA-N,1,train
Clc1ccc(Nc2ncc3c(n2)-c2ccc(Cl)cc2SC3)cc1,0.35,Clc1ccc(Nc2ncc3c(n2)-c2ccc(Cl)cc2SC3)cc1,KRPKPDYONWEWGV-UHFFFAOYSA-N,1,train
Cc1cc(Br)cc(C(=O)Nc2cnc3ccccc3c2)c1,0.0896,Cc1cc(Br)cc(C(=O)Nc2cnc3ccccc3c2)c1,HBJUXTLOOQRHBL-UHFFFAOYSA-N,1,train
Cc1cccc(NC(=O)Nc2ccc(-c3ccnc4[nH]ccc34)cc2)c1,31.02,Cc1cccc(NC(=O)Nc2ccc(-c3ccnc4[nH]ccc34)cc2)c1,DAYYWVZLOKEIMJ-UHFFFAOYSA-N,0,train
COc1cc2c(cc1OC)-c1nc(N)sc1CC2,10.0,COc1cc2c(cc1OC)-c1nc(N)sc1CC2,FUPRWGKCEQIKPX-UHFFFAOYSA-N,1,train
COc1cc(CC(=O)Nc2ccc3oc(-c4ccccc4Cl)nc3c2)cc(OC)c1OC,29.48,COc1cc(CC(=O)Nc2ccc3oc(-c4ccccc4Cl)nc3c2)cc(OC)c1OC,FVQSYJQKUGMLMS-UHFFFAOYSA-N,0,train
COc1ccc2c(c1)/C(=N\OCc1ccc(F)cc1Cl)C(c1c[nH]c3ccc(OC)cc13)=N2,100.0,COc1ccc2c(c1)/C(=N\OCc1ccc(F)cc1Cl)C(c1c[nH]c3ccc(OC)cc13)=N2,MYXVGKIPHJOVCP-QCWLDUFUSA-N,0,train
NC(=O)c1cc2c(Sc3ccc(-c4ccccc4)cc3)cncc2s1,100.0,NC(=O)c1cc2c(Sc3ccc(-c4ccccc4)cc3)cncc2s1,ZWUVBQXJINWOPT-UHFFFAOYSA-N,0,train
COc1ccc2c(Nc3ccc(OCCN4CCCCC4)cc3)c(-c3ccc(F)cc3)c(=O)oc2c1,9.05,COc1ccc2c(Nc3ccc(OCCN4CCCCC4)cc3)c(-c3ccc(F)cc3)c(=O)oc2c1,KQSOEHZFMYIAAS-UHFFFAOYSA-N,1,train
Nc1nccc(Oc2ccc3c(C(=O)Nc4ccc(F)c(C(F)(F)F)c4)cccc3c2)n1,7.7e-05,Nc1nccc(Oc2ccc3c(C(=O)Nc4ccc(F)c(C(F)(F)F)c4)cccc3c2)n1,OODPPJDFRMJIDK-UHFFFAOYSA-N,1,train
Cc1cc2c(ccc3c(=O)cc(-c4ccccc4)[nH]c32)[nH]1,10.0,Cc1cc2c(ccc3c(=O)cc(-c4ccccc4)[nH]c32)[nH]1,NFBJOHGDKMEZOE-UHFFFAOYSA-N,1,train
COc1cc(OC)c2c(c1O)OCC(Cc1ccc(O)cc1)C2,100.0,COc1cc(OC)c2c(c1O)OCC(Cc1ccc(O)cc1)C2,WUDOKVVTDHMXTQ-UHFFFAOYSA-N,0,train
CN1CCC2(CC1)CCN(c1ccnc(CN3CCN(c4ccc(Cl)cc4)CC3)c1)C2,31.51,CN1CCC2(CC1)CCN(c1ccnc(CN3CCN(c4ccc(Cl)cc4)CC3)c1)C2,NSPIVNWFWJQREG-UHFFFAOYSA-N,0,train
Cn1ncc2c(Oc3ccc4[nH]c(Nc5ccc(Cl)cc5)nc4c3)ncnc21,100.0,Cn1ncc2c(Oc3ccc4[nH]c(Nc5ccc(Cl)cc5)nc4c3)ncnc21,KAKMPCFSFZSVIL-UHFFFAOYSA-N,0,train
COc1ccc2c(C(=O)c3cc(OC)c(OC)c(OC)c3)c(-c3ccc(OC)c(N)c3)oc2c1,0.032,COc1ccc2c(C(=O)c3cc(OC)c(OC)c(OC)c3)c(-c3ccc(OC)c(N)c3)oc2c1,CMEFMOKLOSBTSU-UHFFFAOYSA-N,1,train
CCOC(=O)CN(Cc1cccc(F)c1)c1ccc2c(c1)OC(C)(COc1ccc(C(=N)N)cc1)CN2C,2.6,CCOC(=O)CN(Cc1cccc(F)c1)c1ccc2c(c1)OC(C)(COc1ccc(C(=N)N)cc1)CN2C,HZAPYSMRYZAAMC-UHFFFAOYSA-N,1,train
COC(=O)c1c(-c2ccc(COC(=O)c3cc(O)cc(O)c3)cc2)oc2ccccc12,10.0,COC(=O)c1c(-c2ccc(COC(=O)c3cc(O)cc(O)c3)cc2)oc2ccccc12,ORMICAAQQAWMES-UHFFFAOYSA-N,1,train
COc1cc(C(=O)c2c(-c3ccco3)oc3c(O)c(OC)ccc23)cc(OC)c1OC,0.0034,COc1cc(C(=O)c2c(-c3ccco3)oc3c(O)c(OC)ccc23)cc(OC)c1OC,AEOXXIFSIPEOQP-UHFFFAOYSA-N,1,train
O=C(CCCCCCNC(=O)c1cnc(N(c2ccccc2)c2ccccc2)nc1)NO,13.62,O=C(CCCCCCNC(=O)c1cnc(N(c2ccccc2)c2ccccc2)nc1)NO,QGZYDVAGYRLSKP-UHFFFAOYSA-N,0,train
CCOC(=O)c1c(C)oc2ccc(O)cc12,50.0,CCOC(=O)c1c(C)oc2ccc(O)cc12,KSNVFCJUBJUTPF-UHFFFAOYSA-N,0,train
NC(=O)c1cn([C@@H]2O[C@H](CO)[C@@H](O)[C@H]2O)nn1,1000.0,NC(=O)c1cn([C@@H]2O[C@H](CO)[C@@H](O)[C@H]2O)nn1,LESHQDQAGXBXIL-UAKXSSHOSA-N,0,train
COc1cc(/C=C2\CCCn3c2nc2c(OC)cccc2c3=O)cc(OC)c1O,20.0,COc1cc(/C=C2\CCCn3c2nc2c(OC)cccc2c3=O)cc(OC)c1O,PPRAVGTVEZLBIC-GXDHUFHOSA-N,0,train
O=C(Nc1ccc2oc(-c3ccccc3Cl)nc2c1)c1ccc(Cl)c(F)c1,36.48,O=C(Nc1ccc2oc(-c3ccccc3Cl)nc2c1)c1ccc(Cl)c(F)c1,CKHOCBHSXFKSBJ-UHFFFAOYSA-N,0,train
N=C(N)c1ccc(N2CCC3(CCN(C(=O)COCC(=O)O)CC3)C2=O)cc1,50.0,N=C(N)c1ccc(N2CCC3(CCN(C(=O)COCC(=O)O)CC3)C2=O)cc1,TWXBFWRQAKTFER-UHFFFAOYSA-N,0,train
CC[C@@]1(O)C(=O)OCc2c1cc1n(c2=O)Cc2cc3cc(O)ccc3nc2-1,0.92,CC[C@@]1(O)C(=O)OCc2c1cc1n(c2=O)Cc2cc3cc(O)ccc3nc2-1,HAWSQZCWOQZXHI-FQEVSTJZSA-N,1,train
COc1ccc(/C=C/C(=O)c2cc(CC=C(C)C)c(OC)c(C/C=C(/C)CCC=C(C)C)c2OC)cc1,33.9,COc1ccc(/C=C/C(=O)c2cc(CC=C(C)C)c(OC)c(C/C=C(/C)CCC=C(C)C)c2OC)cc1,UNERIKKUOKKQDO-HBDPLGSCSA-N,0,train
C=C1C(=O)[C@@]23[C@H](O)C[C@@H]4C(C)(C)CCC[C@@]4(COC(C)=O)[C@@H]2[C@@H](O)C[C@H]1[C@H]3OC(=O)c1ccc(CCl)cc1,0.49,C=C1C(=O)[C@@]23[C@H](O)C[C@@H]4C(C)(C)CCC[C@@]4(COC(C)=O)[C@@H]2[C@@H](O)C[C@H]1[C@H]3OC(=O)c1ccc(CCl)cc1,RAVCSALIDJJBFF-MNKYEVJKSA-N,1,train
CC(C)(C)NC(=O)c1ccc(OC/C(=C/F)CN)cc1,100.0,CC(C)(C)NC(=O)c1ccc(OC/C(=C/F)CN)cc1,OWNSXNXYELKDSO-DHZHZOJOSA-N,0,train
COc1cc2c(cc1NC(N)=O)CC[C@@H]1[C@@H]2CC[C@]2(C)[C@@H](O)CC[C@@H]12,0.59,COc1cc2c(cc1NC(N)=O)CC[C@@H]1[C@@H]2CC[C@]2(C)[C@@H](O)CC[C@@H]12,RQAYITONVFJIHK-HZLQQORQSA-N,1,train
COc1ccc2c(C(=O)c3cc(OC)c(OC)c(OC)c3)c(-c3ccc(O)cc3)oc2c1,0.03,COc1ccc2c(C(=O)c3cc(OC)c(OC)c(OC)c3)c(-c3ccc(O)cc3)oc2c1,SLDDFPRQAVJYIJ-UHFFFAOYSA-N,1,train
COc1ccc(/C=C/C(=O)c2cc(OC)c(OC)c(OC)c2)cc1O,1.24,COc1ccc(/C=C/C(=O)c2cc(OC)c(OC)c(OC)c2)cc1O,IKMOZUDCUBMIRL-FNORWQNLSA-N,1,train
C=CCO/N=C1/C(c2c[nH]c3ccccc23)=Nc2ccccc21,100.0,C=CCO/N=C1/C(c2c[nH]c3ccccc23)=Nc2ccccc21,VQDJVZNTWOUYKT-ZBJSNUHESA-N,0,train
CC(C)C(=O)Nc1ccc(Cn2cnc3c(Cl)ncnc32)cc1,79.64,CC(C)C(=O)Nc1ccc(Cn2cnc3c(Cl)ncnc32)cc1,RVBIBDGDUFYRME-UHFFFAOYSA-N,0,train
CCOP(=O)(CC(=O)NCn1cc(CN2C(=O)c3cccc4cccc(c34)C2=O)nn1)OCC,250.0,CCOP(=O)(CC(=O)NCn1cc(CN2C(=O)c3cccc4cccc(c34)C2=O)nn1)OCC,NBTRGVTZLUWMIB-UHFFFAOYSA-N,0,train
COC1=C(Cc2ccccc2)C(=O)C2=C(NCCS2(=O)=O)C1=O,17.6,COC1=C(Cc2ccccc2)C(=O)C2=C(NCCS2(=O)=O)C1=O,ZHTMILVGZXULTQ-UHFFFAOYSA-N,0,train
CC(C)Cc1ccc(/C=C2\Oc3ccc(O)cc3C2=O)cc1,3.49,CC(C)Cc1ccc(/C=C2\Oc3ccc(O)cc3C2=O)cc1,DSLZWRRJHKJHDV-ZDLGFXPLSA-N,1,train
CN(C)C(=O)c1c(O)c2ccccc2n(C)c1=O,16.47,CN(C)C(=O)c1c(O)c2ccccc2n(C)c1=O,ZXYXSSAQRIDPLX-UHFFFAOYSA-N,0,train
COc1cc(Nc2ncc3c(n2)-c2ccc(Cl)cc2SC3)cc(OC)c1OC,2.54,COc1cc(Nc2ncc3c(n2)-c2ccc(Cl)cc2SC3)cc(OC)c1OC,HRHJOSIEPOXSQD-UHFFFAOYSA-N,1,train
CCOP(=O)(OCC)c1c(-c2ccccc2Cl)oc2c1C(=O)c1cccnc1C2=O,1.11,CCOP(=O)(OCC)c1c(-c2ccccc2Cl)oc2c1C(=O)c1cccnc1C2=O,UYRVGTJYLSZODF-UHFFFAOYSA-N,1,train
COc1ncc(-c2ccc3ncc(-c4nnc(CCN5CCN(C)CC5)o4)n3c2)cc1NS(=O)(=O)c1ccc(F)cc1F,15.53,COc1ncc(-c2ccc3ncc(-c4nnc(CCN5CCN(C)CC5)o4)n3c2)cc1NS(=O)(=O)c1ccc(F)cc1F,LSPJWTULWKYRTQ-UHFFFAOYSA-N,0,train
CC(=O)Oc1ccc2c(c1)C(=O)/C(=C/c1ccc(C(C)(C)C)cc1)O2,46.4,CC(=O)Oc1ccc2c(c1)C(=O)/C(=C/c1ccc(C(C)(C)C)cc1)O2,AHULFIDABJEFHU-ODLFYWEKSA-N,0,train
CCOC(=O)c1cc2c(nc1C(F)(F)F)nn1c(-c3ccc[nH]3)cc(-c3ccccc3)nc21,95.2,CCOC(=O)c1cc2c(nc1C(F)(F)F)nn1c(-c3ccc[nH]3)cc(-c3ccccc3)nc21,QPNIBTMYYNGXPM-UHFFFAOYSA-N,0,train
NS(=O)(=O)c1ccc2c(c1)/C(=C/c1[nH]c3c(c1CCC(=O)O)CCCC3)C(=O)N2,16.5,NS(=O)(=O)c1ccc2c(c1)/C(=C/c1[nH]c3c(c1CCC(=O)O)CCCC3)C(=O)N2,UYARELCPLIZIEQ-GDNBJRDFSA-N,0,train
O=S(=O)(Nc1cc(Sc2ncnc3nc[nH]c23)c(O)c2ccccc12)c1cccc2cccnc12,7.33,O=S(=O)(Nc1cc(Sc2ncnc3nc[nH]c23)c(O)c2ccccc12)c1cccc2cccnc12,VZDOKOWZRZHXFB-UHFFFAOYSA-N,1,train
CNC(=O)c1cc(O[C@H]2CC[C@H](NC(=O)Nc3ccc(Cl)c(C(F)(F)F)c3)CC2)ccn1,11.0,CNC(=O)c1cc(O[C@H]2CC[C@H](NC(=O)Nc3ccc(Cl)c(C(F)(F)F)c3)CC2)ccn1,VZOUKWZMPPMODY-MQMHXKEQSA-N,0,train
CC(=O)c1cc2cc(NCc3cc(NC(=O)c4ccc(CN5CCC(N(C)C)C5)c(C(F)(F)F)c4)ccc3C)cnc2[nH]1,0.097,CC(=O)c1cc2cc(NCc3cc(NC(=O)c4ccc(CN5CCC(N(C)C)C5)c(C(F)(F)F)c4)ccc3C)cnc2[nH]1,LRHWVHHPVYFCIX-UHFFFAOYSA-N,1,train
CCC(Nc1ccccc1)=C1C(=O)CC(c2ccccc2)CC1=O,15.0,CCC(Nc1ccccc1)=C1C(=O)CC(c2ccccc2)CC1=O,HXGZVYGFZQQLEI-UHFFFAOYSA-N,0,train
CN1c2ccccc2C(=O)N2CCc3c([nH]c4ccc(OC(=O)CCCC(=O)Oc5ccc6[nH]c7c(c6c5)CCN5C(=O)c6ccccc6N(C)C75)cc34)C21,0.58,CN1c2ccccc2C(=O)N2CCc3c([nH]c4ccc(OC(=O)CCCC(=O)Oc5ccc6[nH]c7c(c6c5)CCN5C(=O)c6ccccc6N(C)C75)cc34)C21,XLXFLQOAJBOZSR-UHFFFAOYSA-N,1,train
COc1cc2c(Nc3ccc(Br)cc3F)ncnc2cc1OCCCN1CCN(C)CC1.Cl,1.0,COc1cc2c(Nc3ccc(Br)cc3F)ncnc2cc1OCCCN1CCN(C)CC1,ZTHXTCUTPBRCGU-UHFFFAOYSA-N,1,train
O=C1C([Te]c2ccccc2)=C([Te]c2ccccc2)C(=O)c2ccccc21,5.1,O=C1C([Te]c2ccccc2)=C([Te]c2ccccc2)C(=O)c2ccccc21,GBWAOSVDDOPJTI-UHFFFAOYSA-N,1,train
Cc1c(O)c(C)c2c(c1O)C(=O)CC(c1ccc(O)cc1)O2,20.0,Cc1c(O)c(C)c2c(c1O)C(=O)CC(c1ccc(O)cc1)O2,DYHOLQACRGJEHX-UHFFFAOYSA-N,0,train
COc1ccc(CNc2ncc3c(n2)-c2cccnc2SC3)cc1OC,20.0,COc1ccc(CNc2ncc3c(n2)-c2cccnc2SC3)cc1OC,ZROTXBPYXFKYJT-UHFFFAOYSA-N,0,train
O=C(NC1CC1)c1cc(NCc2cnc(Nc3ccccn3)s2)c(F)cc1F,0.025,O=C(NC1CC1)c1cc(NCc2cnc(Nc3ccccn3)s2)c(F)cc1F,CUPLTRAPYIXFAX-UHFFFAOYSA-N,1,train
NC(=O)c1cc2c(Sc3ccccn3)cncc2s1,100.0,NC(=O)c1cc2c(Sc3ccccn3)cncc2s1,PSKMZVNDTWWURQ-UHFFFAOYSA-N,0,train
Cc1ccc2nc(Cl)c(/C=C/C(=O)c3ccc(C)s3)cc2c1,0.12759,Cc1ccc2nc(Cl)c(/C=C/C(=O)c3ccc(C)s3)cc2c1,NRTIJSOWBDGHEP-FNORWQNLSA-N,1,train
Cn1cc2ccc(Nc3n[nH]c4cc(-c5cnn(CC(=O)Nc6ccc(Cl)c(C(F)(F)F)c6)c5)ccc34)cc2n1,6.4,Cn1cc2ccc(Nc3n[nH]c4cc(-c5cnn(CC(=O)Nc6ccc(Cl)c(C(F)(F)F)c6)c5)ccc34)cc2n1,JZNXTZBAIOKDOQ-UHFFFAOYSA-N,1,train
CCOC(=O)C1C(c2cccc(Br)c2)N(c2ccccc2)OC12C(=O)Nc1ccccc12,100.0,CCOC(=O)C1C(c2cccc(Br)c2)N(c2ccccc2)OC12C(=O)Nc1ccccc12,RLDZGDHCAJKYAC-UHFFFAOYSA-N,0,train
Cn1cnc(-c2ccccc2)c1/C=C/c1ccnc(N)n1,10.0,Cn1cnc(-c2ccccc2)c1/C=C/c1ccnc(N)n1,ZOBMEONPYSLCBL-BQYQJAHWSA-N,1,train
N=C(N)c1ccc(N2CCC3(CCN(C(=O)CCCC(=O)O)CC3)C2=O)cc1,50.0,N=C(N)c1ccc(N2CCC3(CCN(C(=O)CCCC(=O)O)CC3)C2=O)cc1,LGMJTDJBKYJNMX-UHFFFAOYSA-N,0,train
CCOC(=O)c1c(C)[nH]c(/C=C2\C(=O)N(CCCN(C)C)c3ccc(Cl)cc32)c1C.Cl,9.66,CCOC(=O)c1c(C)[nH]c(/C=C2\C(=O)N(CCCN(C)C)c3ccc(Cl)cc32)c1C,XEVUHXDAPSNTNH-AQTBWJFISA-N,1,train
CC[C@H](C)[C@@H]1NC(=O)[C@@H]2CCCN2C(=O)[C@H](CC(C)C)NC(=O)CNC(=O)[C@H](CC(N)=O)NC(=O)[C@H](CCCCN)NC(=O)[C@H](Cc2ccc(O)cc2)NC(=O)[C@@H]2CSSC[C@@H]3NC(=O)[C@H](CCCCN)NC(=O)CNC(=O)[C@H](Cc4ccccc4)NC(=O)[C@H](C(C)C)NC(=O)[C@@H]4CSSC[C@H](NC(=O)[C@H](CO)NC(=O)[C@H](CSSC[C@H](NC1=O)C(=O)NCC(=O)N[C@@H](CCC(=O)O)C(=O)N[C@@H]([C@@H](C)O)C(=O)N4)NC(=O)CNC(=O)[C@@H]1CCCN1C(=O)[C@H]([C@@H](C)O)NC(=O)[C@H](CC(N)=O)NC3=O)C(=O)N[C@@H](CCCNC(=N)N)C(=O)N[C@@H](CCCNC(=N)N)C(=O)N1CCC[C@H]1C(=O)N[C@@H]([C@@H](C)CC)C(=O)N2,3.0,CC[C@H](C)[C@@H]1NC(=O)[C@@H]2CCCN2C(=O)[C@H](CC(C)C)NC(=O)CNC(=O)[C@H](CC(N)=O)NC(=O)[C@H](CCCCN)NC(=O)[C@H](Cc2ccc(O)cc2)NC(=O)[C@@H]2CSSC[C@@H]3NC(=O)[C@H](CCCCN)NC(=O)CNC(=O)[C@H](Cc4ccccc4)NC(=O)[C@H](C(C)C)NC(=O)[C@@H]4CSSC[C@H](NC(=O)[C@H](CO)NC(=O)[C@H](CSSC[C@H](NC1=O)C(=O)NCC(=O)N[C@@H](CCC(=O)O)C(=O)N[C@@H]([C@@H](C)O)C(=O)N4)NC(=O)CNC(=O)[C@@H]1CCCN1C(=O)[C@H]([C@@H](C)O)NC(=O)[C@H](CC(N)=O)NC3=O)C(=O)N[C@@H](CCCNC(=N)N)C(=O)N[C@@H](CCCNC(=N)N)C(=O)N1CCC[C@H]1C(=O)N[C@@H]([C@@H](C)CC)C(=O)N2,RPUOSGCRCJDFKV-KGBDZRCWSA-N,1,train
Nc1ncnc(Oc2ccc(NC(=O)C3(C(=O)Nc4ccc(F)cc4)CC3)cc2F)c1/C=N/OCCCN1CCOCC1,0.427,Nc1ncnc(Oc2ccc(NC(=O)C3(C(=O)Nc4ccc(F)cc4)CC3)cc2F)c1/C=N/OCCCN1CCOCC1,SSKKUDJZPQHMHO-XJECJHNESA-N,1,train
O=c1oc2c(O)c(O)cc3c(=O)oc4c(O)c(O)cc1c4c23,165.0,O=c1oc2c(O)c(O)cc3c(=O)oc4c(O)c(O)cc1c4c23,AFSDNFLWKVMVRB-UHFFFAOYSA-N,0,train
COc1cc(/C=C/C(=O)NCCCCCCNC2=C3C[C@@H](C)C[C@H](OC)[C@H](O)[C@@H](C)/C=C(\C)[C@H](OC(N)=O)[C@@H](OC)/C=C\C=C(/C)C(=O)NC(=CC2=O)C3=O)cc(OC)c1OC,1.35,COc1cc(/C=C/C(=O)NCCCCCCNC2=C3C[C@@H](C)C[C@H](OC)[C@H](O)[C@@H](C)/C=C(\C)[C@H](OC(N)=O)[C@@H](OC)/C=C\C=C(/C)C(=O)NC(=CC2=O)C3=O)cc(OC)c1OC,IQFIFIMIRUVGSQ-IAQSXBTISA-N,1,train
Cc1c(Cc2ccc(NC(=O)CN3CCOCC3)cc2)c(=O)oc2cc(OCCOc3no[n+]([O-])c3S(=O)(=O)c3ccccc3)ccc12,4.8,Cc1c(Cc2ccc(NC(=O)CN3CCOCC3)cc2)c(=O)oc2cc(OCCOc3no[n+]([O-])c3S(=O)(=O)c3ccccc3)ccc12,OAVFBUGSTXWIFC-UHFFFAOYSA-N,1,train
C=CCNc1ncc(Br)c(Nc2cc(C)[nH]n2)n1,0.7943300000000001,C=CCNc1ncc(Br)c(Nc2cc(C)[nH]n2)n1,SPTHKMNQJXEORK-UHFFFAOYSA-N,1,train
Clc1cc(-c2ccc(CNCCCN3CCOCC3)cc2)nc2ccccc12,22.4,Clc1cc(-c2ccc(CNCCCN3CCOCC3)cc2)nc2ccccc12,ICDJQQMVCTVASB-UHFFFAOYSA-N,0,train
CCOP(=O)(OCC)[C@@H]1[C@H](c2ccc(OC)cc2)[C@@H](C(=O)c2ccccc2OC)ON1C,100.0,CCOP(=O)(OCC)[C@@H]1[C@H](c2ccc(OC)cc2)[C@@H](C(=O)c2ccccc2OC)ON1C,AZZIHYQGKIPUND-AKIFATBCSA-N,0,train
COC(=O)N(CCCCNC(=O)OCCC[C@H]1O[C@@H]2O[C@@]3(C)CC[C@H]4[C@H](C)CC[C@@H]([C@H]1C)[C@@]24OO3)CCCNC(=O)OCCC[C@H]1O[C@@H]2O[C@@]3(C)CC[C@H]4[C@H](C)CC[C@@H]([C@H]1C)[C@@]24OO3,1.2,COC(=O)N(CCCCNC(=O)OCCC[C@H]1O[C@@H]2O[C@@]3(C)CC[C@H]4[C@H](C)CC[C@@H]([C@H]1C)[C@@]24OO3)CCCNC(=O)OCCC[C@H]1O[C@@H]2O[C@@]3(C)CC[C@H]4[C@H](C)CC[C@@H]([C@H]1C)[C@@]24OO3,WUYPWUSYLMSMOL-JBGUDFAGSA-N,1,train
N[C@H]1CC[C@H](Nc2nc(Nc3ccc(CN4CCOCC4)cc3)c3ncn(C4CCCC4)c3n2)CC1,5.866,N[C@H]1CC[C@H](Nc2nc(Nc3ccc(CN4CCOCC4)cc3)c3ncn(C4CCCC4)c3n2)CC1,SAEGVASGMTZGFI-AQYVVDRMSA-N,1,train
COC(=O)Nc1nc2cc(C(=O)c3ccccc3)ccc2[nH]1,8.8,COC(=O)Nc1nc2cc(C(=O)c3ccccc3)ccc2[nH]1,OPXLLQIJSORQAM-UHFFFAOYSA-N,1,train
C=CC(/C=C\c1ccc(O)cc1)c1ccc(O)c(OC)c1,23.7,C=CC(/C=C\c1ccc(O)cc1)c1ccc(O)c(OC)c1,APVUNYPUJLEPIY-DAXSKMNVSA-N,0,train
CNc1nc(C)c(-c2nc(Nc3cccc(N4CCCNCC4)c3)ncc2C#N)s1,3.12,CNc1nc(C)c(-c2nc(Nc3cccc(N4CCCNCC4)c3)ncc2C#N)s1,BKOYUSKBPMSUBK-UHFFFAOYSA-N,1,train
CS(=O)(=O)Cc1cccc(Nc2nccc(Oc3ccc4c(C(=O)Nc5ccncc5)cccc4c3)n2)c1,0.0081999999999999,CS(=O)(=O)Cc1cccc(Nc2nccc(Oc3ccc4c(C(=O)Nc5ccncc5)cccc4c3)n2)c1,DLKFLXPTZNATKG-UHFFFAOYSA-N,1,train
O=C(Nc1ccccc1)Nc1ccc(-c2ccnc3[nH]ccc23)cc1,50.0,O=C(Nc1ccccc1)Nc1ccc(-c2ccnc3[nH]ccc23)cc1,LEADQZKZEFERGP-UHFFFAOYSA-N,0,train
CCOP(=O)(OCC)[C@H]1C[C@@H](Cn2c(=O)n(C(=O)c3ccc(F)cc3)c(=O)c3ccccc32)ON1C,250.0,CCOP(=O)(OCC)[C@H]1C[C@@H](Cn2c(=O)n(C(=O)c3ccc(F)cc3)c(=O)c3ccccc32)ON1C,MZMAYYYLWGEQHA-RXVVDRJESA-N,0,train
O=C1NC(=O)/C(=C\c2ccc(OCC(=O)N3N=C(c4ccc(F)cc4)CC3c3ccc(Cl)c(Cl)c3)cc2)S1,2.0,O=C1NC(=O)/C(=C\c2ccc(OCC(=O)N3N=C(c4ccc(F)cc4)CC3c3ccc(Cl)c(Cl)c3)cc2)S1,DTVNAEHYBVIKTD-BHGWPJFGSA-N,1,train
CN(C)CC(=O)Nc1ccc(Nc2nc(-c3ccc(O)cc3)cc(-c3ccc(O)cc3)n2)cc1,60.6,CN(C)CC(=O)Nc1ccc(Nc2nc(-c3ccc(O)cc3)cc(-c3ccc(O)cc3)n2)cc1,LIHBITVURLWINL-UHFFFAOYSA-N,0,train
COc1cccc(Nc2ncc3c(n2)-c2ccccc2SC3)c1,0.8,COc1cccc(Nc2ncc3c(n2)-c2ccccc2SC3)c1,VVDUCYWHMWCZDC-UHFFFAOYSA-N,1,train
CCc1ccc2nc(N(CCNC3CCCC3)c3ccc(OC)c(OC)c3)sc2c1,2.95,CCc1ccc2nc(N(CCNC3CCCC3)c3ccc(OC)c(OC)c3)sc2c1,PRWUVYWDOUWANU-UHFFFAOYSA-N,1,train
CCc1ccc2nc(N(CCN3CCCCC3)c3ccc(OC)c(OC)c3)sc2c1,9.04,CCc1ccc2nc(N(CCN3CCCCC3)c3ccc(OC)c(OC)c3)sc2c1,WYBLZIKCJIFZFA-UHFFFAOYSA-N,1,train
C[C@H]1C/C=C/[C@H]2[C@@H]3O[C@]3(C)[C@@H](C)[C@H]3[C@H](Cc4ccccc4)NC(=O)[C@]32OC(=O)O/C=C/[C@@](C)(O)C1=O,0.0114,C[C@H]1C/C=C/[C@H]2[C@@H]3O[C@]3(C)[C@@H](C)[C@H]3[C@H](Cc4ccccc4)NC(=O)[C@]32OC(=O)O/C=C/[C@@](C)(O)C1=O,LAJXCUNOQSHRJO-ZYGJITOWSA-N,1,train
CCOP(=O)(OCC)C(NC(=O)COc1ccc2c(c1O)C(=O)c1ccccc1C2=O)c1ccc(C)cc1,50.0,CCOP(=O)(OCC)C(NC(=O)COc1ccc2c(c1O)C(=O)c1ccccc1C2=O)c1ccc(C)cc1,PFXHDWMUSHAOMM-UHFFFAOYSA-N,0,train
CCN(CC)CCCNc1c2ccccc2[n+](C)c2c1[nH]c1ccccc12.[Cl-],0.114,CCN(CC)CCCNc1c2ccccc2[n+](C)c2c1[nH]c1ccccc12,SHSKWVYLFNOORS-UHFFFAOYSA-O,1,train
COc1ccc(-c2c(Nc3ccc(OCCN4CCCCC4)cc3)c3ccc(O)cc3oc2=O)cc1,16.19,COc1ccc(-c2c(Nc3ccc(OCCN4CCCCC4)cc3)c3ccc(O)cc3oc2=O)cc1,UBUREBDQRVGLMJ-UHFFFAOYSA-N,0,train
Cc1cc(C(=O)Nc2cc(C(=O)c3ccc4c(/C=C/c5ccccn5)n[nH]c4c3)c(C)cc2C)n(C)n1,0.0013,Cc1cc(C(=O)Nc2cc(C(=O)c3ccc4c(/C=C/c5ccccn5)n[nH]c4c3)c(C)cc2C)n(C)n1,MCSNVPCYOVQOFS-PKNBQFBNSA-N,1,train
Cc1[nH]nc(N)c1-c1nc2ccc(S(=O)(=O)NCCc3ccc(N)cc3)cc2s1,14.5,Cc1[nH]nc(N)c1-c1nc2ccc(S(=O)(=O)NCCc3ccc(N)cc3)cc2s1,UBMKFDLHHZYUII-UHFFFAOYSA-N,0,train
COc1cc(C2Oc3cc(-c4oc5cc(OC(=O)c6cc(O)c(O)c(O)c6)cc(O)c5c(=O)c4O)ccc3OC2CO)ccc1O,1.6,COc1cc(C2Oc3cc(-c4oc5cc(OC(=O)c6cc(O)c(O)c(O)c6)cc(O)c5c(=O)c4O)ccc3OC2CO)ccc1O,WYVRNHJWFHVFAT-UHFFFAOYSA-N,1,train
COc1cc2c(c(OC)c1OC)-c1ccc(OC)c(=O)cc1[C@@H](NC(C)=O)CC2,0.0038,COc1cc2c(c(OC)c1OC)-c1ccc(OC)c(=O)cc1[C@@H](NC(C)=O)CC2,IAKHMKGGTNLKSZ-INIZCTEOSA-N,1,train
CC(=O)Oc1cc2c(cc1C(C)(F)F)[C@H]1CC[C@]3(C)[C@@H](OC(C)=O)CC[C@H]3[C@@H]1CC2,32.27,CC(=O)Oc1cc2c(cc1C(C)(F)F)[C@H]1CC[C@]3(C)[C@@H](OC(C)=O)CC[C@H]3[C@@H]1CC2,MAXZHCAEPFYXOV-JIAAILLZSA-N,0,train
Cc1c(COc2cccc(OCC3CCOCC3)c2)[nH]c2ccccc2c1=O,0.0089,Cc1c(COc2cccc(OCC3CCOCC3)c2)[nH]c2ccccc2c1=O,VHPSMRQSPACDNY-UHFFFAOYSA-N,1,train
Cc1cccc(Sc2cncc3sc(C(N)=O)cc23)c1,96.0,Cc1cccc(Sc2cncc3sc(C(N)=O)cc23)c1,UACRFIVYIWIGPW-UHFFFAOYSA-N,0,train
CC(=O)N1CCC(C(=O)Nc2cccc(Oc3ccc4c(/C=C/c5ccc(Cl)cc5)n[nH]c4c3)c2)CC1,0.09,CC(=O)N1CCC(C(=O)Nc2cccc(Oc3ccc4c(/C=C/c5ccc(Cl)cc5)n[nH]c4c3)c2)CC1,BFVFAZRYGYRAHG-KPKJPENVSA-N,1,train
COc1ccc(-c2c(-c3cc(OC)c(OC)c(OC)c3)ncn2C)cc1N.Cl.Cl,0.29,COc1ccc(-c2c(-c3cc(OC)c(OC)c(OC)c3)ncn2C)cc1N,FPYCENGURKTVHJ-UHFFFAOYSA-N,1,train
Cc1ccccc1-n1cc(-c2ccc(C=C3C(=O)Nc4ccc(F)cc43)cc2)nn1,8.63,Cc1ccccc1-n1cc(-c2ccc(C=C3C(=O)Nc4ccc(F)cc43)cc2)nn1,XRUHAZDAJYIFAE-UHFFFAOYSA-N,1,train
COc1ccc(-n2ccnc2-c2cc(OC)c(OC)c(OC)c2)cc1N,58.51,COc1ccc(-n2ccnc2-c2cc(OC)c(OC)c(OC)c2)cc1N,JCSWMDDZVIPXPH-UHFFFAOYSA-N,0,train
CC1(C)CCc2c(cc(O)c(C(=O)c3cc(O)cc(O)c3)c2O)O1,25.5,CC1(C)CCc2c(cc(O)c(C(=O)c3cc(O)cc(O)c3)c2O)O1,DKTPHGGMHUDHBR-UHFFFAOYSA-N,0,train
COc1ccc(-c2cc(-c3ccc(OC)cc3)nc(Nc3ccc(NC(=O)CN4CCN(C)CC4)cc3)n2)cc1,5.0,COc1ccc(-c2cc(-c3ccc(OC)cc3)nc(Nc3ccc(NC(=O)CN4CCN(C)CC4)cc3)n2)cc1,BVAVEYKYCRCILI-UHFFFAOYSA-N,1,train
CCCn1ncn(-c2ccc(N3CCN(c4ccc(OC[C@H]5CO[C@](C)(c6ccc(Cl)cc6Cl)O5)cc4)CC3)cc2)c1=O,84.1,CCCn1ncn(-c2ccc(N3CCN(c4ccc(OC[C@H]5CO[C@](C)(c6ccc(Cl)cc6Cl)O5)cc4)CC3)cc2)c1=O,UASDLASFPGUWQT-IUDBTDONSA-N,0,train
COc1ccc(/C=C/S(=O)(=O)c2cc(OC)c(OC)c(OC)c2)cc1N,4.25,COc1ccc(/C=C/S(=O)(=O)c2cc(OC)c(OC)c(OC)c2)cc1N,ZNQCSGBWWWHXOY-BQYQJAHWSA-N,1,train
CC1(C)C=Cc2c(ccc3c(=O)c(-c4cccc(C=O)c4)coc23)O1,10.0,CC1(C)C=Cc2c(ccc3c(=O)c(-c4cccc(C=O)c4)coc23)O1,ZAPQYJIJISSMLB-UHFFFAOYSA-N,1,train
CN1CCC(Cc2cccc(CNC3(c4ccc(F)cc4Cl)CCCC3)c2)CC1,21.0,CN1CCC(Cc2cccc(CNC3(c4ccc(F)cc4Cl)CCCC3)c2)CC1,WNVFNBHRQISUGX-UHFFFAOYSA-N,0,train
CN1CCC[C@H]1COc1cc(Nc2nc3cc(Oc4ccnc(C(N)=O)c4)ccc3o2)ccc1Cl,0.018,CN1CCC[C@H]1COc1cc(Nc2nc3cc(Oc4ccnc(C(N)=O)c4)ccc3o2)ccc1Cl,PPPJFYDGNJWIOT-INIZCTEOSA-N,1,train
Cc1c(CCC(=O)NCc2ccc(F)cc2)c(=O)oc2cc(OCCOc3no[n+]([O-])c3S(=O)(=O)c3ccccc3)ccc12,5.3,Cc1c(CCC(=O)NCc2ccc(F)cc2)c(=O)oc2cc(OCCOc3no[n+]([O-])c3S(=O)(=O)c3ccccc3)ccc12,YNWKOKIMICUGLQ-UHFFFAOYSA-N,1,train
O=C(NO)c1ccc(CNC(=O)c2c(F)c(F)c(F)c(F)c2F)cc1,10.3,O=C(NO)c1ccc(CNC(=O)c2c(F)c(F)c(F)c(F)c2F)cc1,KMHKOOKREYIIBC-UHFFFAOYSA-N,0,train
CN1CCN(Cc2cc(CNC3(c4ccccc4F)CCCC3)ccc2O)CC1,100.0,CN1CCN(Cc2cc(CNC3(c4ccccc4F)CCCC3)ccc2O)CC1,RMYLFPZPIDTXQK-UHFFFAOYSA-N,0,train
CC(C)C[C@H](NC(=O)CNC(=O)c1cccc(/C=C/C(=O)NO)c1)B1O[C@@H]2[C@@H]3C[C@H](C[C@]2(C)O1)C3(C)C,50.0,CC(C)C[C@H](NC(=O)CNC(=O)c1cccc(/C=C/C(=O)NO)c1)B1O[C@@H]2[C@@H]3C[C@H](C[C@]2(C)O1)C3(C)C,WAKGJPYDEKJAKC-PAUPOJMRSA-N,0,train
CCCCCCCCCCCCCCCCOP(=O)([O-])OCC[N+](C)(C)Cc1ccccc1,100.0,CCCCCCCCCCCCCCCCOP(=O)([O-])OCC[N+](C)(C)Cc1ccccc1,BANKRNWBGKQIKO-UHFFFAOYSA-N,0,train
CC(C)(Oc1ccc(Cl)cc1)C(=O)NCCOC(=S)Nc1ccccc1,790.9,CC(C)(Oc1ccc(Cl)cc1)C(=O)NCCOC(=S)Nc1ccccc1,JCJNDHIFPBDTMW-UHFFFAOYSA-N,0,train
Cn1ccc2ncnc(Oc3ccc(NC(=O)Nc4cccc(C(F)(F)F)c4)cc3)c21,0.022,Cn1ccc2ncnc(Oc3ccc(NC(=O)Nc4cccc(C(F)(F)F)c4)cc3)c21,GQDNVQMZOGVQNZ-UHFFFAOYSA-N,1,train
CN(C)CC(O)COc1ccc(C2=Cc3ccc(OCC(O)CN(C)C)cc3OC2)cc1,9.1,CN(C)CC(O)COc1ccc(C2=Cc3ccc(OCC(O)CN(C)C)cc3OC2)cc1,IHOIZOWOLOPNOK-UHFFFAOYSA-N,1,train
Nc1ccccc1NC(=O)c1ccc(CNc2cccc(-c3cccnc3)n2)cc1,50.0,Nc1ccccc1NC(=O)c1ccc(CNc2cccc(-c3cccnc3)n2)cc1,UUOALBGVPMDUBS-UHFFFAOYSA-N,0,train
CC(C)COC(=O)n1ncc2c1[C@](C)(C(=O)O)[C@@H]1CC[C@]3(C)[C@H](C(=O)C=C4[C@@H]5[C@@H](C)[C@H](C)CC[C@]5(C)CC[C@]43C)[C@@]1(C)C2,3.12,CC(C)COC(=O)n1ncc2c1[C@](C)(C(=O)O)[C@@H]1CC[C@]3(C)[C@H](C(=O)C=C4[C@@H]5[C@@H](C)[C@H](C)CC[C@]5(C)CC[C@]43C)[C@@]1(C)C2,MRKDMROTRWOYPG-HIYGKPDJSA-N,1,train
CC(=O)Nc1ccc(OCc2ccc(-c3oc4ccccc4c3C(=O)NCC(C)C)cc2)cc1,10.0,CC(=O)Nc1ccc(OCc2ccc(-c3oc4ccccc4c3C(=O)NCC(C)C)cc2)cc1,PTTFJEMNRNPJJG-UHFFFAOYSA-N,1,train
COc1c(Nc2cc(C)[nH]n2)nc(Sc2ccc(S(=O)(=O)Cc3cccc([N+](=O)[O-])c3F)cc2F)nc1N1CCOCC1,5.6,COc1c(Nc2cc(C)[nH]n2)nc(Sc2ccc(S(=O)(=O)Cc3cccc([N+](=O)[O-])c3F)cc2F)nc1N1CCOCC1,HHJSKDRCUMVWKF-UHFFFAOYSA-N,1,train
CC(=O)Nc1cc(C(=O)c2ccc3c(/C=C/c4ccccn4)n[nH]c3c2)ccc1C,0.0095,CC(=O)Nc1cc(C(=O)c2ccc3c(/C=C/c4ccccn4)n[nH]c3c2)ccc1C,YVNWLHDTUIRXJY-PKNBQFBNSA-N,1,train
CC(C)C[C@@H]1NC(=O)CNC(=O)[C@H](CC(N)=O)NC(=O)[C@H](CCCNC(=N)N)NC(=O)[C@H](CCCCN)NC(=O)[C@@H]2CSSC[C@@H]3NC(=O)[C@H](CO)NC(=O)CNC(=O)[C@H]([C@@H](C)O)NC(=O)[C@H](C(C)C)NC(=O)[C@@H]4CSSC[C@H](NC(=O)[C@H](CO)NC(=O)[C@H](CSSC[C@@H](NC(=O)[C@H](C(C)C)NC(=O)[C@@H]5CCCN5C1=O)C(=O)NCC(=O)N[C@@H](CCC(=O)O)C(=O)N[C@@H]([C@@H](C)O)C(=O)N4)NC(=O)CNC(=O)[C@@H]1CCCN1C(=O)[C@H]([C@@H](C)O)NC(=O)[C@H](Cc1ccc(O)cc1)NC3=O)C(=O)N[C@@H](CO)C(=O)N[C@@H](Cc1c[nH]c3ccccc13)C(=O)N1CCC[C@H]1C(=O)N[C@@H](C(C)C)C(=O)N2,10.0,CC(C)C[C@@H]1NC(=O)CNC(=O)[C@H](CC(N)=O)NC(=O)[C@H](CCCNC(=N)N)NC(=O)[C@H](CCCCN)NC(=O)[C@@H]2CSSC[C@@H]3NC(=O)[C@H](CO)NC(=O)CNC(=O)[C@H]([C@@H](C)O)NC(=O)[C@H](C(C)C)NC(=O)[C@@H]4CSSC[C@H](NC(=O)[C@H](CO)NC(=O)[C@H](CSSC[C@@H](NC(=O)[C@H](C(C)C)NC(=O)[C@@H]5CCCN5C1=O)C(=O)NCC(=O)N[C@@H](CCC(=O)O)C(=O)N[C@@H]([C@@H](C)O)C(=O)N4)NC(=O)CNC(=O)[C@@H]1CCCN1C(=O)[C@H]([C@@H](C)O)NC(=O)[C@H](Cc1ccc(O)cc1)NC3=O)C(=O)N[C@@H](CO)C(=O)N[C@@H](Cc1c[nH]c3ccccc13)C(=O)N1CCC[C@H]1C(=O)N[C@@H](C(C)C)C(=O)N2,BTEZSRQBPRDGHW-YOINWXBPSA-N,1,train
COc1ccc(NC(=O)CCC(=O)OCCCCCCSc2ccc([N+](=O)[O-])c3nonc23)cc1,1.59,COc1ccc(NC(=O)CCC(=O)OCCCCCCSc2ccc([N+](=O)[O-])c3nonc23)cc1,NCEDYFMRNYLPEZ-UHFFFAOYSA-N,1,train
C[n+]1c(/C=C/c2cc3ccccc3[nH]2)cc(/C=C2\Sc3ccccc3N2CCCN2CCC(C(F)(F)F)CC2)c2ccccc21.[I-],12.0,C[n+]1c(/C=C/c2cc3ccccc3[nH]2)cc(/C=C2\Sc3ccccc3N2CCCN2CCC(C(F)(F)F)CC2)c2ccccc21,HAEBIXDIEHAWEB-LAKKEJQSSA-O,0,train
C=CCn1c2ccc(C3CCCCO3)cc2c2c3c(c4c(c21)CCc1nn(C)cc1-4)C(=O)NC3,0.05,C=CCn1c2ccc(C3CCCCO3)cc2c2c3c(c4c(c21)CCc1nn(C)cc1-4)C(=O)NC3,GKJXGTUYSYXWBQ-UHFFFAOYSA-N,1,train
N=C(N)SCc1ccc([N+](=O)[O-])cc1,50.0,N=C(N)SCc1ccc([N+](=O)[O-])cc1,YNTWTDHRYRBPOL-UHFFFAOYSA-N,0,train
C[C@@]12CCC[C@H]1[C@@H]1CCc3cc(O)c(N=[N+]=[N-])cc3[C@H]1CC2,2.83,C[C@@]12CCC[C@H]1[C@@H]1CCc3cc(O)c(N=[N+]=[N-])cc3[C@H]1CC2,DQOVEBAVULNCGX-HRJSJKBJSA-N,1,train
O=C(OCCCOC(=O)c1cc(O)c(OCCO)c(O)c1)c1cc(O)c(O)c(O)c1,118.0,O=C(OCCCOC(=O)c1cc(O)c(OCCO)c(O)c1)c1cc(O)c(O)c(O)c1,MFQSZKDYWLLRNA-UHFFFAOYSA-N,0,train
O=C(NCc1ccccc1F)[C@@]1(O)CCN(c2ccccc2)C1=O,5.2,O=C(NCc1ccccc1F)[C@@]1(O)CCN(c2ccccc2)C1=O,IQELGVVHVJRQOZ-SFHVURJKSA-N,1,train
C=C1C(=O)C=C[C@]2(C)[C@@H]1CC[C@@]13CC(=O)O[C@@](C)(CC[C@H]12)C3,17.0,C=C1C(=O)C=C[C@]2(C)[C@@H]1CC[C@@]13CC(=O)O[C@@](C)(CC[C@H]12)C3,RWOBWYDOOVIUFE-VXKGYBDPSA-N,0,train
N#CC1(NC(=O)[C@H](Cc2cccnc2)NC(=O)c2cccc(-c3cn[nH]c3)c2)CC1,16.0,N#CC1(NC(=O)[C@H](Cc2cccnc2)NC(=O)c2cccc(-c3cn[nH]c3)c2)CC1,IXPKVGOPEDLUEF-IBGZPJMESA-N,0,train
CC[C@H]1C[C@@]23OC(=O)C(=C2O)C(=O)[C@]2(CC)[C@@H](C=C[C@@H]4[C@@H](O[C@H]5C[C@@H](O)[C@H](NC(=O)c6[nH]cc(Br)c6Br)[C@@H](C)O5)[C@@H](C)CC[C@@H]42)CCCC/C=C/[C@@]3(C)C=C1C(=O)O,3.0,CC[C@H]1C[C@@]23OC(=O)C(=C2O)C(=O)[C@]2(CC)[C@@H](C=C[C@@H]4[C@@H](O[C@H]5C[C@@H](O)[C@H](NC(=O)c6[nH]cc(Br)c6Br)[C@@H](C)O5)[C@@H](C)CC[C@@H]42)CCCC/C=C/[C@@]3(C)C=C1C(=O)O,KOIIPVLVZPNZIH-YAUBQOAQSA-N,1,train
O=C(CCC(=O)N1CCOCC1)OCCCCCCSc1ccc([N+](=O)[O-])c2nonc12,5.34,O=C(CCC(=O)N1CCOCC1)OCCCCCCSc1ccc([N+](=O)[O-])c2nonc12,VFOYHTTUBRLXQE-UHFFFAOYSA-N,1,train
Nc1nc2c(s1)CSc1ccc(Cl)cc1-2,1.9,Nc1nc2c(s1)CSc1ccc(Cl)cc1-2,IFRRAGJMSHEIPW-UHFFFAOYSA-N,1,train
Oc1ccc(CNC2(c3ccccc3F)CCCC2)cc1CN1CCN(Cc2ccccc2)CC1,100.0,Oc1ccc(CNC2(c3ccccc3F)CCCC2)cc1CN1CCN(Cc2ccccc2)CC1,MJTQBCVWRABRBI-UHFFFAOYSA-N,0,train
CCOc1cc2c(cc1O)CC[C@@H]1[C@@H]2CC[C@]2(C)[C@@H](O)CC[C@@H]12,0.12,CCOc1cc2c(cc1O)CC[C@@H]1[C@@H]2CC[C@]2(C)[C@@H](O)CC[C@@H]12,GZGPTTWIZTVHKE-BKRJIHRRSA-N,1,train
COc1cc2c(cc1C(N)=O)CC[C@@H]1[C@@H]2CC[C@]2(C)C=CC[C@@H]12,0.13,COc1cc2c(cc1C(N)=O)CC[C@@H]1[C@@H]2CC[C@]2(C)C=CC[C@@H]12,YQJWOUQGXATDAE-ACNBBOPNSA-N,1,train
Cc1cc2cc(Oc3ccnc(Nc4cccc(CS(=O)(=O)NCCN(C)C)c4)n3)ccc2[nH]1,0.05,Cc1cc2cc(Oc3ccnc(Nc4cccc(CS(=O)(=O)NCCN(C)C)c4)n3)ccc2[nH]1,TTZSNFLLYPYKIL-UHFFFAOYSA-N,1,train
Cc1ccc2cc(/C=C/C(=O)c3ccc(I)s3)c(Cl)nc2c1,0.13476,Cc1ccc2cc(/C=C/C(=O)c3ccc(I)s3)c(Cl)nc2c1,FYSVAEWGJMYVEM-SNAWJCMRSA-N,1,train
CC[C@H]1OC(=O)[C@H](C)[C@@H](O[C@H]2C[C@@](C)(OC)[C@@H](O)[C@H](C)O2)[C@H](C)[C@@H](O[C@@H]2O[C@H](C)C[C@H](N(C)Cc3ccc(-c4cn(CCCCCCCC(=O)NO)nn4)cc3)[C@H]2O)[C@](C)(O)C[C@@H](C)CN(C)[C@H](C)[C@@H](O)[C@]1(C)O,10.0,CC[C@H]1OC(=O)[C@H](C)[C@@H](O[C@H]2C[C@@](C)(OC)[C@@H](O)[C@H](C)O2)[C@H](C)[C@@H](O[C@@H]2O[C@H](C)C[C@H](N(C)Cc3ccc(-c4cn(CCCCCCCC(=O)NO)nn4)cc3)[C@H]2O)[C@](C)(O)C[C@@H](C)CN(C)[C@H](C)[C@@H](O)[C@]1(C)O,YOTANXLDCGWPPQ-QASXAQIXSA-N,1,train
CNC(=O)c1ccc(Nc2ncc(C(F)(F)F)c(NCc3ccc(OC)cc3)n2)cc1,5.47,CNC(=O)c1ccc(Nc2ncc(C(F)(F)F)c(NCc3ccc(OC)cc3)n2)cc1,JZFDAXZSSBHTJX-UHFFFAOYSA-N,1,train
C[C@H]1[C@H](C)CC[C@]2(C(=O)Nc3ccc(Br)cc3)CC[C@]3(C)C(=CC(=O)[C@@H]4[C@@]5(C)C[C@@H](O)[C@H](O)[C@@](C)(CO)[C@@H]5CC[C@]43C)[C@H]12,100.0,C[C@H]1[C@H](C)CC[C@]2(C(=O)Nc3ccc(Br)cc3)CC[C@]3(C)C(=CC(=O)[C@@H]4[C@@]5(C)C[C@@H](O)[C@H](O)[C@@](C)(CO)[C@@H]5CC[C@]43C)[C@H]12,SQZMVPLRSXJNCP-SUCQNGCESA-N,0,train
O=C1/C(=C/c2ccc(Br)cc2)C(c2ccccc2)Oc2ccccc21,7.23,O=C1/C(=C/c2ccc(Br)cc2)C(c2ccccc2)Oc2ccccc21,BOYUWRVHTCLLJC-RGEXLXHISA-N,1,train
COc1ccc(NS(=O)(=O)c2ccc(/C=C/C(=O)NO)cc2)cc1OC,16.0,COc1ccc(NS(=O)(=O)c2ccc(/C=C/C(=O)NO)cc2)cc1OC,IMQKXTRDVUWCMO-BJMVGYQFSA-N,0,train
CC(C)c1ccc2c(c1)CC[C@H]1[C@](C)(C/N=C/c3ncc[nH]3)CCC[C@]21C,7.67,CC(C)c1ccc2c(c1)CC[C@H]1[C@](C)(C/N=C/c3ncc[nH]3)CCC[C@]21C,ZTUZLGBFXJZCMO-QJCXZHHUSA-N,1,train
Cc1c(OCC(O)CN2CCC(O)CC2)cn2ncnc(Oc3ccc(NC(=O)C4(C(=O)Nc5ccc(F)cc5)CC4)cc3F)c12,0.0479,Cc1c(OCC(O)CN2CCC(O)CC2)cn2ncnc(Oc3ccc(NC(=O)C4(C(=O)Nc5ccc(F)cc5)CC4)cc3F)c12,VIIXGCDJLIQYIW-UHFFFAOYSA-N,1,train
CN(CCN(C)C1CC1c1ccccc1)C(=O)Oc1ccc(CONC(=O)CCCCCCC(=O)Nc2ccccc2)cc1,100.0,CN(CCN(C)C1CC1c1ccccc1)C(=O)Oc1ccc(CONC(=O)CCCCCCC(=O)Nc2ccccc2)cc1,YIJJVUYQBWQCRG-UHFFFAOYSA-N,0,train
O=C(OCCCOC(=O)c1cc(O)c(O)c(O)c1)c1cc(O)c(O)c(O)c1,132.0,O=C(OCCCOC(=O)c1cc(O)c(O)c(O)c1)c1cc(O)c(O)c(O)c1,UFLYAELWCJRABW-UHFFFAOYSA-N,0,train
CN1C/C(=C\c2ccccc2O)C(=O)/C(=C/c2ccccc2O)C1,1.1,CN1C/C(=C\c2ccccc2O)C(=O)/C(=C/c2ccccc2O)C1,CIWUFYKKOBPHGK-OTYYAQKOSA-N,1,train
Cc1cc(C)c(-n2nncc2CN2C(=O)C3(C(C#N)=C(N)Oc4c(N)cc5nc6ccccc6nc5c43)c3ccccc32)c(C)c1,50.0,Cc1cc(C)c(-n2nncc2CN2C(=O)C3(C(C#N)=C(N)Oc4c(N)cc5nc6ccccc6nc5c43)c3ccccc32)c(C)c1,UQWUXPNGGKXOSH-UHFFFAOYSA-N,0,train
CCC1=C[C@@H]2CN(C1)/C(C(=O)OC)=C(/C(=O)OC)Cc1c([nH]c3ccccc13)[C@@](C(=O)OC)(c1cc3c(cc1OC)N(C)[C@H]1[C@@](O)(C(=O)OC)[C@H](OC(C)=O)[C@]4(CC)C=CCN5CC[C@]31[C@@H]54)C2,0.1,CCC1=C[C@@H]2CN(C1)/C(C(=O)OC)=C(/C(=O)OC)Cc1c([nH]c3ccccc13)[C@@](C(=O)OC)(c1cc3c(cc1OC)N(C)[C@H]1[C@@](O)(C(=O)OC)[C@H](OC(C)=O)[C@]4(CC)C=CCN5CC[C@]31[C@@H]54)C2,WOCJLYOUBCFBGS-OUEVRHDASA-N,1,train
CCOP(=O)(OCC)C(NC(=O)c1cc(O)c2c(c1)C(=O)c1cccc(O)c1C2=O)c1ccccc1OC,100.0,CCOP(=O)(OCC)C(NC(=O)c1cc(O)c2c(c1)C(=O)c1cccc(O)c1C2=O)c1ccccc1OC,HACPXPTUYWMAJV-UHFFFAOYSA-N,0,train
CC(=O)O[C@]12CCC(C(=O)OCCC(C)C)=CC[C@]13CC[C@H]2[C@@](C)(/C=C/C=C(\C)C(=O)O)OC3=O,0.757,CC(=O)O[C@]12CCC(C(=O)OCCC(C)C)=CC[C@]13CC[C@H]2[C@@](C)(/C=C/C=C(\C)C(=O)O)OC3=O,LGESFEADIBCBSG-OMVNRVKDSA-N,1,train
O=C(CCCCCCNC(=O)c1cnc(N(c2ccccc2)c2ccccc2Cl)nc1)NO,4.86,O=C(CCCCCCNC(=O)c1cnc(N(c2ccccc2)c2ccccc2Cl)nc1)NO,VLIUIBXPEDFJRF-UHFFFAOYSA-N,1,train
CC(C)C[C@@H]1NC(=O)CNC(=O)[C@H](CC(N)=O)NC(=O)[C@H](CCCNC(=N)N)NC(=O)[C@H]([C@@H](C)O)NC(=O)[C@@H]2CSSC[C@@H]3NC(=O)[C@H]([C@@H](C)O)NC(=O)CNC(=O)CNC(=O)[C@H](C(C)C)NC(=O)[C@@H]4CSSC[C@H](NC(=O)[C@H](CO)NC(=O)[C@H](CSSC[C@H](NC(=O)[C@H](C(C)C)NC(=O)[C@@H]5CCCN5C1=O)C(=O)NCC(=O)N[C@@H](CCC(=O)O)C(=O)N[C@@H]([C@@H](C)O)C(=O)N4)NC(=O)CNC(=O)[C@@H]1CCCN1C(=O)[C@H]([C@@H](C)O)NC(=O)[C@H](CC(N)=O)NC3=O)C(=O)N[C@@H](CO)C(=O)N[C@@H](Cc1c[nH]c3ccccc13)C(=O)N1CCC[C@H]1C(=O)N[C@@H](C(C)C)C(=O)N2,4.0,CC(C)C[C@@H]1NC(=O)CNC(=O)[C@H](CC(N)=O)NC(=O)[C@H](CCCNC(=N)N)NC(=O)[C@H]([C@@H](C)O)NC(=O)[C@@H]2CSSC[C@@H]3NC(=O)[C@H]([C@@H](C)O)NC(=O)CNC(=O)CNC(=O)[C@H](C(C)C)NC(=O)[C@@H]4CSSC[C@H](NC(=O)[C@H](CO)NC(=O)[C@H](CSSC[C@H](NC(=O)[C@H](C(C)C)NC(=O)[C@@H]5CCCN5C1=O)C(=O)NCC(=O)N[C@@H](CCC(=O)O)C(=O)N[C@@H]([C@@H](C)O)C(=O)N4)NC(=O)CNC(=O)[C@@H]1CCCN1C(=O)[C@H]([C@@H](C)O)NC(=O)[C@H](CC(N)=O)NC3=O)C(=O)N[C@@H](CO)C(=O)N[C@@H](Cc1c[nH]c3ccccc13)C(=O)N1CCC[C@H]1C(=O)N[C@@H](C(C)C)C(=O)N2,JJTSSFQTAAWSTF-DXBOVLASSA-N,1,train
COc1cc(OC)c(/C=C/S(=O)(=O)Cc2ccc(OC)c(NCC(=O)[O-])c2)c(OC)c1.[Na+],100.0,COc1cc(OC)c(/C=C/S(=O)(=O)Cc2ccc(OC)c(NCC(=O)O)c2)c(OC)c1,OWBFCJROIKNMGD-BQYQJAHWSA-N,0,train
Cc1cccc2c1N=C(c1c[nH]c3c(C)cccc13)/C2=N/OCc1cccc(F)c1,100.0,Cc1cccc2c1N=C(c1c[nH]c3c(C)cccc13)/C2=N/OCc1cccc(F)c1,XWYHYUIXDGDSRD-XLVZBRSZSA-N,0,train
COc1cc2ccc(=O)oc2cc1OCC(=O)c1ccccc1,62.4,COc1cc2ccc(=O)oc2cc1OCC(=O)c1ccccc1,MCTCTXUESBVOJK-UHFFFAOYSA-N,0,train
CCCCCCCCCCCCCCCC[N+](C)(C)Cc1ccccc1.[Br-],7.5,CCCCCCCCCCCCCCCC[N+](C)(C)Cc1ccccc1,QDYLMAYUEZBUFO-UHFFFAOYSA-N,1,train
CCC1=C(NC(=O)C(C)(C)C)C(=O)C2=C(NCCS2(=O)=O)C1=O,1.6,CCC1=C(NC(=O)C(C)(C)C)C(=O)C2=C(NCCS2(=O)=O)C1=O,ZPYYQWVHKWMIRT-UHFFFAOYSA-N,1,train
COC(=O)c1cc2cc(NC(=O)c3cc(NC(=O)c4ccc(CN5CCC(N(C)C)C5)c(C(F)(F)F)c4)ccc3C)cnc2[nH]1,0.631,COC(=O)c1cc2cc(NC(=O)c3cc(NC(=O)c4ccc(CN5CCC(N(C)C)C5)c(C(F)(F)F)c4)ccc3C)cnc2[nH]1,NXIWKVKEGODGND-UHFFFAOYSA-N,1,train
COc1cc2nccc(Oc3ccc4c(c3)OCCN4C(=O)N[C@H](C)c3ccccc3)c2cc1OC,0.25,COc1cc2nccc(Oc3ccc4c(c3)OCCN4C(=O)N[C@H](C)c3ccccc3)c2cc1OC,DJNWXYTWORPJNI-GOSISDBHSA-N,1,train
CO[C@@H]1[C@H](OC(=O)NCCCCCCCCNC(=O)CCCC[C@@H]2SC[C@@H]3NC(=O)N[C@@H]32)CC[C@]2(CO2)[C@H]1[C@@]1(C)O[C@@H]1CC=C(C)C,0.0098,CO[C@@H]1[C@H](OC(=O)NCCCCCCCCNC(=O)CCCC[C@@H]2SC[C@@H]3NC(=O)N[C@@H]32)CC[C@]2(CO2)[C@H]1[C@@]1(C)O[C@@H]1CC=C(C)C,UHODULUFNVILLN-CKOCRFSOSA-N,1,train
CCOP(=O)(OCC)c1c(-c2cc(OC)c(OC)c(OC)c2)oc2c1C(=O)c1cccnc1C2=O,0.42,CCOP(=O)(OCC)c1c(-c2cc(OC)c(OC)c(OC)c2)oc2c1C(=O)c1cccnc1C2=O,BXDLGMIBUNDKCT-UHFFFAOYSA-N,1,train
Nc1nc2[nH]cc(CCc3ccc(C(=O)N[C@@H](CCC(=O)O)C(=O)O)cc3)c2c(=O)[nH]1,1.73,Nc1nc2[nH]cc(CCc3ccc(C(=O)N[C@@H](CCC(=O)O)C(=O)O)cc3)c2c(=O)[nH]1,WBXPDJSOTKVWSJ-ZDUSSCGKSA-N,1,train
COC(=O)[C@]1(C)[C@@H]2CC[C@]3(C)/C(=C(C)/C=C/C=C(C)\C=C\C=C(C)C)C(=O)C[C@H]3[C@@]2(C)CC[C@H]1OC(C)=O,0.4,COC(=O)[C@]1(C)[C@@H]2CC[C@]3(C)/C(=C(C)/C=C/C=C(C)\C=C\C=C(C)C)C(=O)C[C@H]3[C@@]2(C)CC[C@H]1OC(C)=O,GRNXZFQSLPDVMF-XPXWRWOCSA-N,1,train
Cc1c(O)c(C)c2c(c1O)C(=O)CC(c1cccc(O)c1)O2,20.0,Cc1c(O)c(C)c2c(c1O)C(=O)CC(c1cccc(O)c1)O2,JUXTVSIDLXEBJM-UHFFFAOYSA-N,0,train
COc1cc([C@@H]2c3cc4c(cc3[C@@H](Nc3cccc5cccnc35)[C@H]3COC(=O)[C@H]23)OCO4)cc(OC)c1OC,39.2,COc1cc([C@@H]2c3cc4c(cc3[C@@H](Nc3cccc5cccnc35)[C@H]3COC(=O)[C@H]23)OCO4)cc(OC)c1OC,SZQONOKRTGRBEI-SLFPAOIGSA-N,0,train
CCCCn1c2ccc(C3CCCCO3)cc2c2c3c(c4c(c21)CCc1nn(C)cc1-4)C(=O)NC3,0.0006,CCCCn1c2ccc(C3CCCCO3)cc2c2c3c(c4c(c21)CCc1nn(C)cc1-4)C(=O)NC3,HJYJEONSUZVOQP-UHFFFAOYSA-N,1,train
C/C=C/C=C/C=C/C[N+](C)(CCCCCCCCCCCC)Cc1ccccc1.[I-],5.9,C/C=C/C=C/C=C/C[N+](C)(CCCCCCCCCCCC)Cc1ccccc1,BQBMBGVHVWLGPM-YGJLZETKSA-N,1,train
CCCCCc1c(CC(N)=O)[nH]c2ccc(Cl)cc12,10.0,CCCCCc1c(CC(N)=O)[nH]c2ccc(Cl)cc12,OWLXWVQRVHIORL-UHFFFAOYSA-N,1,train
Nc1ccccc1NC(=O)CCCNc1nn2c(=O)c3cc(Br)ccc3nc2c2ccccc12,28.4,Nc1ccccc1NC(=O)CCCNc1nn2c(=O)c3cc(Br)ccc3nc2c2ccccc12,MICNNVJNSBYOSG-UHFFFAOYSA-N,0,train
CC[C@H](C)n1ncn(-c2ccc(N3CCN(c4ccc(OC[C@H]5CO[C@](C)(c6ccc(Cl)cc6Cl)O5)cc4)CC3)cc2)c1=O,7.7,CC[C@H](C)n1ncn(-c2ccc(N3CCN(c4ccc(OC[C@H]5CO[C@](C)(c6ccc(Cl)cc6Cl)O5)cc4)CC3)cc2)c1=O,DSUBUDBDRUEAAT-XKXZHMCDSA-N,1,train
CNC(=O)c1ccc(Nc2ncc(C(F)(F)F)c(NCc3ccccc3OC)n2)cc1,20.0,CNC(=O)c1ccc(Nc2ncc(C(F)(F)F)c(NCc3ccccc3OC)n2)cc1,VHVMTTWTTMSDAL-UHFFFAOYSA-N,0,train
CCN(CC)Cc1cc(-c2ccc(F)cc2)n(Nc2ccnc3cc(Cl)ccc23)c1C,18.606,CCN(CC)Cc1cc(-c2ccc(F)cc2)n(Nc2ccnc3cc(Cl)ccc23)c1C,SPRXXQWZRYCDFI-UHFFFAOYSA-N,0,train
COc1ccc(/C=C\c2cc(OC)c(OC)c(OC)c2)cc1NC(=O)Nc1ccc(Br)cc1,13.0,COc1ccc(/C=C\c2cc(OC)c(OC)c(OC)c2)cc1NC(=O)Nc1ccc(Br)cc1,YBCIAEDKVAJIRW-WAYWQWQTSA-N,0,train
Oc1cc(-c2ccccc2)nc2c1ccc1[nH]ccc12,0.043,Oc1cc(-c2ccccc2)nc2c1ccc1[nH]ccc12,UNOZBASOWIOTMS-UHFFFAOYSA-N,1,train
CCN(CC)c1ccc2cc(-c3nc4ccccc4[nH]3)c(=O)oc2c1,9.6,CCN(CC)c1ccc2cc(-c3nc4ccccc4[nH]3)c(=O)oc2c1,GOLORTLGFDVFDW-UHFFFAOYSA-N,1,train
CSC(=S)[C@@H]1C(=O)[C@@]2(C)CC[C@H]3[C@]4(C)CCC5=C(COC5=O)[C@H]4CC[C@@]13C2,20.0,CSC(=S)[C@@H]1C(=O)[C@@]2(C)CC[C@H]3[C@]4(C)CCC5=C(COC5=O)[C@H]4CC[C@@]13C2,ILNHWWMQDJZLTD-GCMNKYKISA-N,0,train
O=C(Nc1ccc(Cl)c(C(F)(F)F)c1)N[C@H]1CC[C@H](Oc2cccc(C(=O)O)c2)CC1,10.5,O=C(Nc1ccc(Cl)c(C(F)(F)F)c1)N[C@H]1CC[C@H](Oc2cccc(C(=O)O)c2)CC1,RAUPBRGAXBXUCP-CTYIDZIISA-N,0,train
CCc1ccc2nc(N(CCCN3CCCC3)c3ccc(OC)c(OC)c3)sc2c1,14.93,CCc1ccc2nc(N(CCCN3CCCC3)c3ccc(OC)c(OC)c3)sc2c1,RYQJXRKLXGADMC-UHFFFAOYSA-N,0,train
CCC1=C[C@@H]2CN(C1)/C(C(=O)NC(C)(C)C)=C(/C(=O)OC)Cc1c([nH]c3ccccc13)[C@@](C(=O)OC)(c1cc3c(cc1OC)N(C)[C@H]1[C@@](O)(C(=O)OC)[C@H](OC(C)=O)[C@]4(CC)C=CCN5CC[C@]31[C@@H]54)C2,0.025,CCC1=C[C@@H]2CN(C1)/C(C(=O)NC(C)(C)C)=C(/C(=O)OC)Cc1c([nH]c3ccccc13)[C@@](C(=O)OC)(c1cc3c(cc1OC)N(C)[C@H]1[C@@](O)(C(=O)OC)[C@H](OC(C)=O)[C@]4(CC)C=CCN5CC[C@]31[C@@H]54)C2,WZZDEXUAXZLSNU-YQMZIVQWSA-N,1,train
Nc1ccccc1NC(=O)c1ccc(CNc2cncc(-c3cccnc3)n2)cc1,16.0,Nc1ccccc1NC(=O)c1ccc(CNc2cncc(-c3cccnc3)n2)cc1,RZSPCZCEYFAKGF-UHFFFAOYSA-N,0,train
COc1cc([C@H]2Oc3cc([C@H]4Oc5cc(OC(=O)c6cc(O)c(O)c(O)c6)cc(O)c5C(=O)[C@@H]4O)ccc3O[C@@H]2CO)ccc1O,6.06,COc1cc([C@H]2Oc3cc([C@H]4Oc5cc(OC(=O)c6cc(O)c(O)c(O)c6)cc(O)c5C(=O)[C@@H]4O)ccc3O[C@@H]2CO)ccc1O,YNXYBSGKJGOGNV-VJVSBYPRSA-N,1,train
CCOc1ccc(-c2coc3c4c(ccc3c2=O)OC(C)(C)C=C4)cc1,10.0,CCOc1ccc(-c2coc3c4c(ccc3c2=O)OC(C)(C)C=C4)cc1,CYMDYEBMOBDWLH-UHFFFAOYSA-N,1,train
COc1ccc(C2C(C#N)=C(N)Oc3c2ccc2ccc(C)nc32)c(OC)c1OC,10.0,COc1ccc(C2C(C#N)=C(N)Oc3c2ccc2ccc(C)nc32)c(OC)c1OC,WAEKICOBONBQNO-UHFFFAOYSA-N,1,train
CCC1=C[C@@H]2CN(C1)[C@H](C(=O)NC(C)C)[C@H](C(=O)OC)Cc1c([nH]c3ccccc13)[C@@](C(=O)OC)(c1cc3c(cc1OC)N(C)[C@H]1[C@@](O)(C(=O)OC)[C@H](OC(C)=O)[C@]4(CC)C=CCN5CC[C@]31[C@@H]54)C2,0.15,CCC1=C[C@@H]2CN(C1)[C@H](C(=O)NC(C)C)[C@H](C(=O)OC)Cc1c([nH]c3ccccc13)[C@@](C(=O)OC)(c1cc3c(cc1OC)N(C)[C@H]1[C@@](O)(C(=O)OC)[C@H](OC(C)=O)[C@]4(CC)C=CCN5CC[C@]31[C@@H]54)C2,PZERHFHXOGNCIS-AIURUJAXSA-N,1,train
CCc1ccc2nc(N(CCCCN(CC)CC)c3ccc(OC)c(OC)c3)sc2c1,24.67,CCc1ccc2nc(N(CCCCN(CC)CC)c3ccc(OC)c(OC)c3)sc2c1,LOPMVUVGCPNOGR-UHFFFAOYSA-N,0,train
CCOP(=O)(OCC)C(NC(=O)COc1ccc2c(c1O)C(=O)c1ccccc1C2=O)c1cccc(C)c1,50.0,CCOP(=O)(OCC)C(NC(=O)COc1ccc2c(c1O)C(=O)c1ccccc1C2=O)c1cccc(C)c1,RTXOLZLCJPOOMJ-UHFFFAOYSA-N,0,train
COc1ccc(-c2cc(-c3ccc(O)cc3)nc(Nc3ccc(NC(=O)CN(C)C)cc3)n2)cc1,3.8,COc1ccc(-c2cc(-c3ccc(O)cc3)nc(Nc3ccc(NC(=O)CN(C)C)cc3)n2)cc1,JQNKDMIRQYQZJC-UHFFFAOYSA-N,1,train
COc1cc([C@@H]2c3cc4c(cc3[C@H](OC(=O)[C@H](Cc3ccccc3)NC(=O)OC(C)(C)C)[C@H]3COC(=O)[C@H]23)OCO4)cc(OC)c1OC,2.462,COc1cc([C@@H]2c3cc4c(cc3[C@H](OC(=O)[C@H](Cc3ccccc3)NC(=O)OC(C)(C)C)[C@H]3COC(=O)[C@H]23)OCO4)cc(OC)c1OC,FHYBAWUTPHHULN-WJPJZKLUSA-N,1,train
O=C1CCc2cc(Br)c(c(Br)c2)Oc2cc(ccc2O)CCC(=O)NCCc2cc(Br)c(c(Br)c2)Oc2cc(cc(Br)c2O)CCN1,4.0,O=C1CCc2cc(Br)c(c(Br)c2)Oc2cc(ccc2O)CCC(=O)NCCc2cc(Br)c(c(Br)c2)Oc2cc(cc(Br)c2O)CCN1,FPSQCNJOOSLMGF-UHFFFAOYSA-N,1,train
CC(C)=CCC/C(C)=C/Cc1c(O)c(CC=C(C)C)cc(C(=O)/C=C/c2ccc(O)cc2)c1O,35.31,CC(C)=CCC/C(C)=C/Cc1c(O)c(CC=C(C)C)cc(C(=O)/C=C/c2ccc(O)cc2)c1O,ZARPXKRFICGFIU-DKRNDAMUSA-N,0,train
COc1ccc(C(N)=O)cc1/C=C/c1ccccc1OC(F)(F)F,8.9,COc1ccc(C(N)=O)cc1/C=C/c1ccccc1OC(F)(F)F,KYVJAMMNOKPXJJ-VOTSOKGWSA-N,1,train
Cc1cc(=O)oc2cc(OCCCOc3no[n+]([O-])c3S(=O)(=O)c3ccccc3)ccc12,0.68,Cc1cc(=O)oc2cc(OCCCOc3no[n+]([O-])c3S(=O)(=O)c3ccccc3)ccc12,SSOATWNWJQKUJL-UHFFFAOYSA-N,1,train
CCN(CC)Cc1[nH]c(CNc2ccnc3cc(Cl)ccc23)nc1-c1ccc(Cl)cc1,2.442,CCN(CC)Cc1[nH]c(CNc2ccnc3cc(Cl)ccc23)nc1-c1ccc(Cl)cc1,CZSMAQGFUXFVBW-UHFFFAOYSA-N,1,train
CCc1ccnc(C(=O)c2[nH]c3ccc(OC(F)(F)F)cc3c2CC(=O)O)c1,0.421,CCc1ccnc(C(=O)c2[nH]c3ccc(OC(F)(F)F)cc3c2CC(=O)O)c1,JXSPPEWQPDAQFQ-UHFFFAOYSA-N,1,train
COc1ccc2c(c1O)CCCC(CCC(N)=O)=C2c1cc(OC)c(OC)c(OC)c1,0.4719,COc1ccc2c(c1O)CCCC(CCC(N)=O)=C2c1cc(OC)c(OC)c(OC)c1,KHWTWSYYYAIIEO-UHFFFAOYSA-N,1,train
COc1cc2nccc(Oc3ccc4c(C(=O)Nc5cccc(Cl)c5)cccc4c3)c2cc1OC,0.0050999999999999,COc1cc2nccc(Oc3ccc4c(C(=O)Nc5cccc(Cl)c5)cccc4c3)c2cc1OC,VVGAHQAPHJZCLN-UHFFFAOYSA-N,1,train
COc1cc2c(cc1Cl)CC[C@@H]1[C@@H]2CC[C@]2(C)[C@@H](O)CC[C@@H]12,7.45,COc1cc2c(cc1Cl)CC[C@@H]1[C@@H]2CC[C@]2(C)[C@@H](O)CC[C@@H]12,MJFPEAQDFRNXPY-SSTWWWIQSA-N,1,train
COc1ccc(-c2cn(C)nc2-c2cc(OC)c(OC)c(OC)c2)cc1O,5.0,COc1ccc(-c2cn(C)nc2-c2cc(OC)c(OC)c(OC)c2)cc1O,XCEBLYJWVNJOBT-UHFFFAOYSA-N,1,train
Cc1ccc(NC(=O)Cc2ccc(-c3ccc4c(NC(=O)C5CC5)n[nH]c4c3)cc2)cc1C(F)(F)F,100.0,Cc1ccc(NC(=O)Cc2ccc(-c3ccc4c(NC(=O)C5CC5)n[nH]c4c3)cc2)cc1C(F)(F)F,CTAVSLQHBNDMQA-UHFFFAOYSA-N,0,train
CNC(=O)c1ccccc1Nc1nc(Nc2ccc(N3CCOCC3)cc2OC)ncc1Cl,1.0,CNC(=O)c1ccccc1Nc1nc(Nc2ccc(N3CCOCC3)cc2OC)ncc1Cl,UYJNQQDJUOUFQJ-UHFFFAOYSA-N,1,train
CCOP(=O)(CCOCn1cc(CN2C(=O)c3cccc4cccc(c34)C2=O)nn1)OCC,250.0,CCOP(=O)(CCOCn1cc(CN2C(=O)c3cccc4cccc(c34)C2=O)nn1)OCC,BTDULCSGLDZLKH-UHFFFAOYSA-N,0,train
CCc1c(-c2ccc(O)cc2)noc1-c1ccc(O)cc1,9.7,CCc1c(-c2ccc(O)cc2)noc1-c1ccc(O)cc1,ORYDAYCREZMPQA-UHFFFAOYSA-N,1,train
COC(=O)C1=CC[C@@]23CC[C@@H]([C@@](C)(/C=C/C=C(\C)C(=O)NC(CO)(CO)CO)OC2=O)[C@@]3(OC(C)=O)CC1,5.0,COC(=O)C1=CC[C@@]23CC[C@@H]([C@@](C)(/C=C/C=C(\C)C(=O)NC(CO)(CO)CO)OC2=O)[C@@]3(OC(C)=O)CC1,WSFFFLBGIKHZLL-VJONJRCSSA-N,1,train
CCc1ccc2nc(N(CCCNC3CCCCC3)c3ccc(OC)c(OC)c3)sc2c1,19.64,CCc1ccc2nc(N(CCCNC3CCCCC3)c3ccc(OC)c(OC)c3)sc2c1,RRNKTVZTDBKXDE-UHFFFAOYSA-N,0,train
Cc1ccc2cc(/C=C/C(=O)c3ccc(Cl)s3)c(Cl)nc2c1,0.04951,Cc1ccc2cc(/C=C/C(=O)c3ccc(Cl)s3)c(Cl)nc2c1,LXYBXUZCSMUEJN-SNAWJCMRSA-N,1,train
COc1cc([C@@H]2ON(C)[C@H](P(=O)(O)O)[C@H]2C(=O)c2ccccc2O)cc(OC)c1OC,100.0,COc1cc([C@@H]2ON(C)[C@H](P(=O)(O)O)[C@H]2C(=O)c2ccccc2O)cc(OC)c1OC,TUTMJUFQJNLPDT-XKGZKEIXSA-N,0,train
CCCC[C@@H](C)C[C@@H]1NC(=O)[C@H](Cc2cn(OC)c3ccccc23)N(C)C(=O)[C@H](CC(C)C)NC(=O)[C@H](CC(C)C)N(C)C(=O)[C@H](C[C@H](C)CCCC)NC(=O)[C@@H](C)OC[C@H](C)N(C)C1=O,0.015,CCCC[C@@H](C)C[C@@H]1NC(=O)[C@H](Cc2cn(OC)c3ccccc23)N(C)C(=O)[C@H](CC(C)C)NC(=O)[C@H](CC(C)C)N(C)C(=O)[C@H](C[C@H](C)CCCC)NC(=O)[C@@H](C)OC[C@H](C)N(C)C1=O,NHUINNGGXBGDKM-YNHGYWQHSA-N,1,train
Cn1ncc2c(Oc3ccc4oc(Nc5ccc(Cl)c(C(F)(F)F)c5)nc4c3)ncnc21,100.0,Cn1ncc2c(Oc3ccc4oc(Nc5ccc(Cl)c(C(F)(F)F)c5)nc4c3)ncnc21,JYLJVFXBPWKLHJ-UHFFFAOYSA-N,0,train
O=Cc1c(O)ccc2ccccc12,10.8,O=Cc1c(O)ccc2ccccc12,NTCCNERMXRIPTR-UHFFFAOYSA-N,0,train
CC(=O)Nc1ccc(-n2nncc2CN2C(=O)C3(C(C#N)=C(N)Oc4c3c3nc5ccccc5nc3c3ccccc43)c3ccccc32)cc1,50.0,CC(=O)Nc1ccc(-n2nncc2CN2C(=O)C3(C(C#N)=C(N)Oc4c3c3nc5ccccc5nc3c3ccccc43)c3ccccc32)cc1,QIDPFXMETWMAFH-UHFFFAOYSA-N,0,train
COc1ccc(-n2nncc2CN2C(=O)C3(C(C#N)=C(N)Oc4c(N)cc5nc6ccccc6nc5c43)c3ccccc32)cc1,50.0,COc1ccc(-n2nncc2CN2C(=O)C3(C(C#N)=C(N)Oc4c(N)cc5nc6ccccc6nc5c43)c3ccccc32)cc1,ITPBQIUYHMAUOG-UHFFFAOYSA-N,0,train
O=C1Nc2ccccc2[C@]12C[C@H]2c1ccc2c(/C=C/c3ccc(CN4CCOCC4)cc3)n[nH]c2c1,50.0,O=C1Nc2ccccc2[C@]12C[C@H]2c1ccc2c(/C=C/c3ccc(CN4CCOCC4)cc3)n[nH]c2c1,RBNRSVPXZPBXCD-LUCHDKOYSA-N,0,train
Cc1cc(OC(F)(F)F)cc2c(C(=O)O)c(O)c(-c3ccc(Cl)cc3)nc12,15.5,Cc1cc(OC(F)(F)F)cc2c(C(=O)O)c(O)c(-c3ccc(Cl)cc3)nc12,WABHKXJPFKVJKZ-UHFFFAOYSA-N,0,train
COc1cc([C@@H]2c3cc4c(cc3[C@H](OC(=O)c3ccncc3)[C@H]3COC(=O)[C@H]23)OCO4)cc(OC)c1OC,3.722,COc1cc([C@@H]2c3cc4c(cc3[C@H](OC(=O)c3ccncc3)[C@H]3COC(=O)[C@H]23)OCO4)cc(OC)c1OC,XUNFTUNXEHEAOR-PVUOONDNSA-N,1,train
Cn1ncc2c(Oc3ccc4c(c3)nc(NCc3ccccc3)n4C)ncnc21,100.0,Cn1ncc2c(Oc3ccc4c(c3)nc(NCc3ccccc3)n4C)ncnc21,BLFXURSMLIMBCF-UHFFFAOYSA-N,0,train
N[C@H](C(=O)OCc1ccccc1)[C@@H]1CC(Br)=NO1,65.0,N[C@H](C(=O)OCc1ccccc1)[C@@H]1CC(Br)=NO1,OVHTXWLTHQRUBU-ONGXEEELSA-N,0,train
CN1CCC(COc2ccc3c(Nc4ccc(NC(=O)Nc5cccc(F)c5)c(F)c4)ncnc3c2)CC1,0.067,CN1CCC(COc2ccc3c(Nc4ccc(NC(=O)Nc5cccc(F)c5)c(F)c4)ncnc3c2)CC1,JYIOHHMCRSLEOY-UHFFFAOYSA-N,1,train
CC(C)ONC(=O)c1cccc(F)c1Sc1ccc2c(/C=C/c3ccccn3)n[nH]c2c1,0.012,CC(C)ONC(=O)c1cccc(F)c1Sc1ccc2c(/C=C/c3ccccn3)n[nH]c2c1,LPXUBYZYWHDBCV-FMIVXFBMSA-N,1,train
Fc1ccc(C2(NCc3cc(CC4CCNCC4)ccc3F)CCCC2)cc1,17.18,Fc1ccc(C2(NCc3cc(CC4CCNCC4)ccc3F)CCCC2)cc1,PIAVRJQNOMKBPM-UHFFFAOYSA-N,0,train
